du,s1,s2,s3,s4,s5,s6,s7,s8,s9,s10,s11,s12,s13,s14,s15,s16,s17,s18,s19,s20,s21,s22,s23,s24,s25,s26,s27,s28,s29,s30,s31,s32,s33,s34,s35,s36,s37,s38,s39,s40,s41,s42,s43,s44,s45,s46,s47,s48,s49,s50,s51,s52,s53,s54,s55,s56,s57,s58,s59,s60,s61,s62,s63,s64,s65,s66,s67,s68,s69,s70,s71,s72,s73,s74,s75,s76,s77,s78,s79,s80,s81,s82,s83,s84,s85,s86,s87,s88,s89,s90,s91,s92,s93,s94,s95,s96,s97,s98,s99,s100,s101,s102,s103,s104,s105,s106,s107,s108,s109,s110,s111,s112,s113,s114,s115,s116,s117,s118,s119,s120,s121,s122,s123,s124,s125,s126,s127,s128,s129,s130,s131,s132,s133,s134,s135,s136,s137,s138,s139,s140,s141,s142,s143,s144,s145,s146,s147,s148,s149,s150,s151,s152,s153,s154,s155,s156,s157,s158,s159,s160,s161,s162,s163,s164,s165,s166,s167,s168,s169,s170,s171,s172,s173,s174,s175,s176,s177,s178,s179,s180,s181,s182,s183,s184,s185,s186,s187,s188,s189,s190,s191,s192,s193,s194,s195,s196,s197,s198,s199,s200
-64,-0.015197140868110191,0.006226608229399905,0.004948472622275733,0.0025190260399218104,0.0053802842548186566,0.014543951236705615,0.0034035929895603135,-0.007101826409169131,0.019076210276739,-0.002200211017846283,-0.01223097264283842,-0.0018688497597285831,0.004692583921190502,0.0014147958437820368,-0.0018849872939095246,0.008360913645543309,-0.009388310214106958,0.0034798847831817165,0.016363736407283492,-0.014027067483187687,-0.007302198703682314,0.004214281958874452,-0.019277020946007334,0.00369874020061581,-0.0011546338172654762,0.0023420651217160252,0.0021444706303419356,0.009007383224069234,0.018946181536177126,0.01094829769500654,0.010949009759279368,0.001694492352490893,0.014769527176707558,0.017502704768735222,0.00588509505107694,-0.004796012257800638,-0.006283736984385278,-0.0026449350817049698,-0.0021221592946613086,0.0017938999154783132,0.0047654325722834645,-0.017357856200390227,0.003071421833557601,-0.01425628111092418,-0.006461595133708503,0.010471310175391496,0.007498402430255036,0.015004280730003105,-0.005938063525284926,0.022440982542135536,-0.004106834478940474,-0.0025344405462100084,0.009259124478157563,-0.00018902462779265628,0.005966053653212882,0.006080198990761118,0.016102663692620964,0.01874639654274587,-0.0033489197239897454,0.01161928652124202,-0.014290001170903576,0.011991792486862477,0.0005592087051059958,-0.005631647554193015,0.018385691233840543,-0.001020369768858608,0.008480771204538008,-0.008956640902230594,0.010883189131827387,-0.01732554804465099,0.010072801413862863,-0.012894127893804968,-0.01554664075953219,-0.005264828005294084,-0.011872421703329158,-0.004268979207919565,-0.006239032621979795,-0.02409234693987302,-0.007309872641765134,0.013331574575177243,-0.01915107137180519,0.004411344572187294,0.015023965133412923,0.010701062220132958,-0.00262163087784882,0.003833175275993256,0.008526883063267541,-0.008825360483043738,-0.018939172618220434,-0.0029057708020817454,-0.010243319043116955,-0.006282015889579335,0.0010532408089593934,-0.004903289961553815,0.010167081467582799,0.01366155429148053,-0.003052351223151346,-0.022515381917087664,0.0021987534847289457,0.012785928727509934,-0.00026497617582662463,0.0009984255256920889,-0.0058526667961325,-0.00408715157509559,-0.012758102381975896,-0.00023821736311652728,-0.007071728689975725,0.01167123951429354,-0.001175248809623114,0.02277432062869941,-0.015182069877984023,-0.02816751364737073,-0.012259665287658,-0.0029265253205023258,0.009789814603832329,0.001350917432238603,0.0032486845523285296,0.0010994966241803755,-0.000693537852426175,-0.0008737506873042837,-0.0033392362686026173,-0.02669945433395395,-0.009494534602559267,-0.00796771254325689,-0.0026616556707519472,-0.020163179697821505,-0.006588938944694563,-0.004110080631387393,-0.0014435198725605493,-0.0022988628062413797,0.0005890233757204151,-0.0009438195950977726,-0.00016408088901027245,0.011676959325205908,0.016432629096714283,-0.01450739571224778,-0.005748846275972745,0.007988667161530615,7.239715129409192e-05,0.010353830325014444,-0.010566545000074942,-0.020734519538518452,0.0019246521598664701,0.002140485134521315,-0.011523394158769146,-0.0038224240721532504,-0.014802778923088537,0.022874272565066137,0.0036600734815322006,6.68859709801474e-05,0.0054725983574479735,-0.010952079648541271,0.0012126519875400017,0.0020618516405950453,-0.014009433607927235,-0.003787598260823663,0.018232461130431733,0.009007653001528238,0.0045850073997223155,-0.02280568018666575,0.00732389054039812,0.01218373821548374,-0.0006733084400286884,-0.011268031669463545,-0.008744338447561626,-0.008218417516818845,-0.01277137382670188,0.002719614129966166,-0.012719983491373241,0.009929904627615964,0.010558488169461647,-0.021881797631199875,-0.018090617445074283,0.004600024214083693,0.010310167676342834,-0.006183602621028937,-0.011413162696673801,-0.000872078871279246,0.008749960251405222,-0.006867027159935706,-0.0032551153075076637,0.005757335764966402,0.0058997945215731006,-0.008421282570262636,-0.0021928375351160006,-0.005962008968941141,0.004929877712447117,0.013654485002699997,0.00330327421374907,0.01053754949582335,0.008146615256607035,0.008282863008511209,-0.013037227920247018,-0.00997368469405137,-0.01938114334509663,-0.001400661702269772,0.013513713830989996,0.007849868171900762,0.004408600243836935,0.005479577526233005
-63,-0.014156105307158296,-0.008832545867922665,-0.00263874570899546,0.00844540812845569,0.021116532293008757,-0.0012298357190622692,0.024680545644542945,-0.0008324560359213067,-0.002954758611618187,-0.011352760692861574,-0.011734438322862912,0.012263873918206382,0.0031735506815209606,-0.011294954173161828,0.013119873308922793,-0.0015309860227874549,0.005368526206911081,0.008215466542218835,0.008747489964263784,0.009881708783617476,-0.008771905883964535,0.0019564780340173334,0.013723921885525056,-0.0021043748556683725,0.0016347122610887049,0.0011090000541632637,-0.01080206966715514,-0.010912866497742422,-0.008715730251261364,0.0019663948591003826,0.0012157816244004113,-0.008119854293039401,0.006877564744361206,0.005012284169061999,-0.011008909944582966,-0.002286683655062527,0.00944504675304642,0.00180693760561077,0.004889155411170973,0.009201057326559221,0.008258066683960659,0.017108658768001956,-0.0006309416366767025,0.0065704782526935,0.004462407070740042,0.01564083665332466,0.007223805762323199,-0.010682567417173688,0.008931197517320197,0.0013651748607319807,0.010597165431449737,-0.0024460789988891376,-0.0011302213707719238,-0.002940165948729639,0.007933714018374277,0.014275569448000893,-0.001994495415704608,0.0043144729298467055,-0.004315090583163133,0.006537377691638754,-0.008983473102846709,0.021914243974858933,0.022365747870475135,-0.005265971144147956,-0.02112465560894755,0.01142099815895776,0.005008612901730689,-0.007558141524510968,0.0015729223666870774,-0.02230935092659159,-0.01822570941056136,0.00046781254471247365,0.0037148408635548015,0.00186403023715317,0.001268796207284199,0.011541102794797501,0.02023315927603503,-0.008985067817471484,0.01287592355635619,-0.017839970444851663,0.0031278769325999776,0.002980524721683063,0.0034610512342694564,0.003027656861920471,-0.010517899717175778,-0.009504528562024493,0.010682831460774353,-0.014033397748142896,-0.004145115706304593,0.0016414340109512965,0.01185342311145659,0.006443898405594543,0.015111606588404082,0.01644883535916915,0.0022224773387267776,-0.013888932182802766,0.006119093397408316,0.0034255370294188734,-0.0036271499507683305,0.004723720519832141,-0.0072517664643516715,-0.013125342275696708,-0.005715670053036429,-0.01008120845127734,0.004983207827625787,0.0015038277936429575,-0.010164320134917179,0.00859066327773976,-0.009371142257318676,-0.007074931049778605,0.00861076149260626,0.006291884063200661,-0.003434692755012049,-0.00236120434984887,0.010027930537308667,-0.01728801642024465,-0.00920917914868491,0.014713942759948358,0.0009173494756626475,0.002735190661585254,0.005167804742782116,-0.00035915247899957737,-0.0014052045893992587,-0.007589345715525096,0.010726810482268584,0.027358512916236376,-2.67128513066483e-05,0.008656996131967817,-0.012392456712433933,0.0017665891528474754,0.0031075745282254227,0.014381487042284187,-0.002178315379408674,-0.0218569524589014,-0.007516561912794913,-0.008059053324669337,-0.015244600421537595,-0.0044818273337948935,4.602636512519349e-05,-0.017929210938478893,-0.012018451189903866,-0.006906833176743228,0.007334531375946303,-0.01115939829915192,-0.0013349771779691323,0.007437977970114179,0.0012541850224081375,8.076586979580591e-06,0.008306757771866232,-0.020940883244415197,-0.005837063951604744,-0.00253760409343694,-0.006019693644142523,-0.007880570228160258,0.01549353209919711,0.00439934283192481,-0.008608811171210087,-0.002911694112561624,0.017122030225561385,-0.0008261049197780592,0.010921518108516024,-0.014843556139811776,0.018325277427990023,-0.00028243305501219164,0.011507286768578344,0.0022605671792503795,0.009749115884634932,-0.014618989221086547,-0.006959639254504297,-0.0045422372448986935,0.0033873767519330493,0.006086325734155464,-0.006952889941918933,-0.007347171996885009,-0.003908101158554993,0.007651756880820608,0.010934189771939553,-0.004911660266172666,-0.006652360765085851,0.007896215925914054,-0.011729262542011702,0.002828178841967937,-0.00247558130391432,0.005175947513927034,-0.013832699080529271,0.0058809694602822305,0.0021194975513513866,0.005804214501301941,0.01915083470182568,0.010424373153476675,0.00542239443224066,-0.0016011082181677824,0.0006251679998140171,0.019847107393390545,-0.010794594522394084,-4.256123684862436e-06,-0.019871918541373386,-0.00022889664412297547,-0.010338913420529453,0.007213961729239897
-62,0.0039590222692976445,-0.013469019703329546,-0.010896788625683133,-0.011753213991435101,0.003011636449903063,0.014665464085382126,-0.0011826865104895964,0.015452774722456009,0.01146024712313352,0.009672669487061407,-0.009526622021951607,0.01357140536530099,0.007850007346613747,0.016712559968399005,-0.0021025166116500267,0.0031828541127713332,0.014004772350392368,-0.004008685628515608,0.003146484207615682,-0.00220857426171066,0.006729514887431569,0.012433597001456949,0.018967757776052127,0.007386340527489635,0.016428952651969073,-0.012931602726233256,-0.00313384371769125,-0.0152240012334023,-0.005701167492962133,0.0035907972903737057,0.002169275183538553,-0.002588767839025464,-0.009374072841120532,-0.01724650865497103,0.007763863826550728,-0.00024825451354851686,0.017092214815656585,0.003912439626015671,0.008426504562218535,0.0033680286895252064,-0.011124730192237118,-0.0021594410402007726,0.007623013418066564,-0.026258213108786656,-0.02451407920094408,-0.02351727069804339,-0.004581963130144534,0.0013431404996872387,0.00695534711782704,0.0031163382820166047,0.0009226044445597625,-0.003615068110580661,0.006146421115533142,0.00858675410004623,-0.015247209687083355,-0.002910736333308199,-0.010573929726296689,0.013278855403313417,0.014033066867938565,-0.017439395266986322,0.02082257987856011,0.021344949995540673,-0.011158382724867752,0.011744073783713536,-0.02294360182611962,0.009996116550424382,-0.010393317112622813,0.009361801838886854,0.00214531685909036,-0.007701781454896917,-0.016283079052548496,-0.0073993483140991426,0.010527565215891809,0.014698487224948199,0.015369173724629624,-0.0012743744532768525,-0.020816548543366103,0.00036953481446602894,0.0013771698640576452,-0.014919009336341138,0.0029429669526890925,0.004380725126483857,0.00915403554517132,-0.0022364705596873554,0.0002698105073373537,0.010072897462403634,0.006791733527326515,0.00010315598520718939,-0.004593201946020845,-0.014878563117225286,0.00882107889249265,0.007171111228425152,0.0157927662741793,-0.009014491919209213,-0.00779304300156468,0.014707483834624278,0.004165041351293723,-0.0056532572513935,-0.0031773190583396457,0.00487413976566423,0.009294822287918022,0.0071992241555171085,0.0013232759182223441,-0.00047526984547436967,0.005601334026164444,0.0008202838340800535,-0.015374947365300729,0.0018630899196583736,0.0010896780800664675,-0.0068720285420127885,0.003716006031365965,0.0036188555520400623,0.01724103412410876,0.003064602635766627,0.0041015648439922045,-0.0159835475906374,0.004341766218341264,-0.012675139535205176,-0.004279710462819401,0.0016848375327358244,-0.010122496921241652,0.0035637603675443175,-0.006762752896241697,-0.008439870135427427,-0.0034845754489203733,0.011864830923706136,-0.006041424311830406,-0.009196575132321026,0.0050559101827438455,-0.00019036828444410385,-0.0026336602421220237,0.000183569054242883,-0.004322442148865684,0.0027228362555892205,-0.0008673950365235344,-0.014827087757206016,-0.013884307205371298,0.015428810728583188,0.004451286880276963,-0.0037625576570914,-0.004114976009246738,-0.02361819850133562,0.004371410785328794,0.01138520776477395,-0.01634265697532606,-0.01935428546339396,-0.0030413936908588683,0.0031359211862075627,-0.003688256125393915,-0.0015807140383275323,0.006425889944529969,-0.012600137558894326,-0.01707901142409569,0.0014827325734165363,0.01017945695071296,-0.005108851013754174,-0.003052389649929674,0.005665198854364462,0.006181537963549783,0.00831173672379187,-0.0032210730960616357,-0.008440926011836276,0.0077336246042569315,-0.009390295260884064,-0.007280583085944885,-0.0013355900868274157,-0.00518047785568089,0.006192057300843987,0.008975050446512334,-0.011926860749123084,-0.015132987565460006,0.01871167766291895,-0.007030237819353101,-0.0029674385584283897,-0.010758831209090339,0.031749967472135786,0.009093290859338191,0.010998477270038104,0.005521902682376469,-0.005291860459936679,0.008273712026995129,-0.0015437868168192445,0.005900066928131488,-0.008910101391585865,0.0009816174086663032,-0.0009224914813275474,0.0012031345617511202,0.014499262048623217,0.012247747034676269,-0.006802469332404077,0.002771893904761466,-0.0021049579378076395,0.016868452357899518,-0.013798556764689692,-0.0035471894874683045,0.008753611389023887,0.007830419535205038,0.010558071167219867,0.0005123782951650137,-0.008751457155437528
-61,0.0002463478894306859,0.01782738344949886,-0.0015174708136965662,0.008463779462082098,0.01739279436896694,-0.004040461035821058,0.0054675215990216885,-0.008538221122772352,0.004989043651294381,0.005095780429491534,-0.004307062466547953,0.002458140111970759,0.005815350168554796,0.0076389031660525925,0.009800162698537564,0.010760893450660749,0.017360523730441498,0.012850285958023925,0.007254165055522364,-0.0021935232730683402,0.004058430994262219,0.010704455594163389,-0.005370723620526416,-0.0098931985494573,-0.020370317622419414,-0.004973332721706826,-0.00408603129429426,0.004233591465537699,-0.0025724092631189193,-0.0012640985283187156,0.01754591950398895,0.01550126312440682,0.012202787123302526,-0.009703207149504518,-0.004535172089009848,0.009834885402703436,0.0073070033988768554,-0.019460937464620083,-0.008405111626027492,-0.002389365195361402,-0.005603337084206746,0.007442468145345698,0.0049851450626479,-0.01610393017568091,-0.013715715740299715,0.01112298476408737,-0.014128109996244425,-0.010046699686706016,-0.012313788111759573,-0.015545431593026716,0.014606461739616258,-0.004160130944831317,0.0006472242847125749,0.007589370361593895,0.00398733867079064,-0.011095460249859076,-0.003642002391054255,0.019540092708260896,-0.001286609316239324,-0.003804475997548828,0.004409118010750278,-0.00014256883531599902,-0.011406835173324942,0.0004820613838423599,0.008886514895999065,0.010710031432204612,0.00471826049206331,0.01645760127652132,-0.0036361471604836647,0.009324664665157014,0.006837272075319574,-0.00522468506825174,0.01646919719793934,0.00038873855574367186,0.026321617649564734,0.007230614813764332,0.01491184186190668,-0.011446823247300519,-0.002227927690142908,0.005872150731219718,-0.005737956151309778,-0.008719741103636353,0.02244042359532945,0.002359969181539121,-0.007949687863366526,-0.0003833858453430553,0.0038826608664097747,0.001426943918425429,-0.0007658784529425651,0.02146674134122907,0.0018803082024218968,0.010213494559086997,-0.02949914181410141,-0.015907833034162207,-0.0016488460730392103,-0.0002034611121123945,0.008678130755253137,0.011668808589604682,0.018836881818698793,-0.007303069336214307,-0.009425977976031705,-0.013844364078315248,0.015416007113523622,-0.012568371459976814,0.002805775472823222,-0.008295605769931467,0.0019068737442081872,0.007473539829300788,-0.00253988750462832,-0.012424771695151065,-0.009267444712271011,0.005856175125326634,0.00866291278221114,0.008317678537669695,-0.0026134628207081217,0.02213147697408843,-0.008797240087183585,0.0009774232897730854,-0.013801269865992543,-0.00980758350991199,-0.003813829400673395,-0.0019347945736810633,-0.0013776383926085174,-0.001971922290864744,0.003395183362601639,-0.007307874224770047,0.0009490089682197068,-0.002083672417127734,-0.01245665880911709,0.005193526109233276,0.001023356443583179,0.020058250209088434,-0.012964003534611544,-0.006253154600121315,0.004459880947564139,0.015102589219592052,0.009755234288305123,-0.007260827728045647,-0.005312066310179746,-0.001620251340083258,-0.011028196664818956,0.0018170993099915853,-0.001811533405624214,0.01256947273561683,0.0002171410356923066,0.0042413826831248,0.0015306509885845065,0.003123713804100675,-0.0028267807505118004,0.006101539180477187,0.005127030815348901,-0.0013423483969901943,-0.002203085923433197,-0.006760876070083199,0.0021524800941583803,-0.004256183336186633,-0.0027504216679178697,-0.01707876223632213,-0.0024868612295790918,0.001650135066136324,0.0018021451542324244,-0.006585319381886637,0.0007596500793018424,-0.0012902824423977701,0.004024337238660371,-0.0047140006796947504,-0.005669614148022189,0.014978839184634263,0.0002992629923621769,-0.001854546821442649,-0.0025626380613141273,0.0025631376766922817,0.0022637867464938744,0.015634837303264173,-0.017219803437621445,0.0054940592319132914,0.007007455467209166,0.019792287238252482,-0.01740139106109564,0.012041481234027047,0.0004193247719076705,-0.004321329401217464,-0.017607305128940747,0.013316266732353843,-0.019210704106500564,-0.016052238796071854,0.005972782856000623,0.01040316076075569,0.019655923724472925,0.001985626365212475,-0.002994263442716489,-0.006647505706375571,0.021613400176088954,0.00381704008500818,-0.001464803753919588,0.009593045991627561,0.01136457466289083,-0.007271718666131899,-0.009036815945086615,-0.0023725202443305236
-60,0.010735984498778354,0.008514063110028506,-0.0076797574766071155,-0.007310887512365031,0.005059768595956626,0.0018604982519212906,-0.013764533063952589,0.0066922636094165445,-0.006975850899746853,-0.010740077210474649,-0.000918540873533581,-0.006837802846646833,0.01353703452899774,0.0028702270872735317,0.00036816129771210246,-0.01787717123249733,0.0022558649876479944,-0.005014964900263929,0.005022174358831975,0.011072891137159355,0.012765736520821705,-0.001917851270980356,0.008785570595743395,0.010046964755613055,-0.01974718599561221,-0.0066605704944992,0.006520856039691828,-0.008564021890976303,0.00352012539901184,0.0048358148995687016,0.0016269689734231922,-0.0008765198338592669,0.003667236484497967,-0.005936524073871484,-0.011541852358188682,0.013851695131328088,0.012768482525591447,-0.0035533854964077275,-0.0032962771648882396,0.0047379697074726515,0.012946459311868776,-0.0014186281010312581,-0.007924889850138965,-0.004511731960524074,-0.009793725464221931,-0.004396439030782334,0.003396258083456504,-0.002832943984124049,-0.005870148686940472,-0.023413822302854912,0.0138722020838443,0.002985123766513079,0.013097869800413437,-0.006534451794050689,0.006629415678556315,0.004784040548808195,-0.009463637236111556,0.0009956139014484866,-0.015117887653326834,-0.00353812945170258,-0.013921061671886592,-0.008244808092909013,-0.013536451704647064,-0.00781461044865742,-0.0008121633815024747,0.019404665365952534,0.008477516888531307,-0.006525609176608508,-0.01735477308803353,0.025518205236759364,-0.005200355197484724,-0.015037744323588315,0.002912516686474527,0.005310259064501448,-0.0171925930264272,0.007327571986933961,0.017086371589543608,0.002904214005505553,-0.003919091470258425,-0.000931483980130859,-0.007231714464859828,0.009252482098220044,0.009822602172641717,0.007338170586963733,0.0033236005322766545,0.030683891544515916,0.009954783753213684,0.00769583719227847,-0.007626437864128047,-0.0024211855802902076,0.013878630441026033,0.004527323503556869,0.005445090186532913,-0.017854482306194023,0.0077291085945717965,-0.01384384860361251,0.00677612993901829,0.005845254472396978,0.005867307346554338,-0.008916251715261845,0.004847930085903604,0.0016166838781402116,-0.009049092415049679,0.008229374478449838,-0.0005759292581547979,0.01659136067891997,0.0007727530300957949,-0.0012354037163417404,0.001352019077611809,-0.0038534305893057437,0.0019598791006747245,-0.0013751106315493939,0.004200421772977604,-0.006723381923195599,-0.0087430157546187,-0.006835924758402295,0.001956208720439344,0.012780507734107334,-0.004624597091560746,0.016896449175692656,0.011333213240645705,-0.01900785454497985,0.0038142382477876517,0.0029361683426418215,0.021025261624706106,0.0006601437808959106,0.00719874360208415,0.0077178470116029685,0.01198941087487617,0.0011246480240088572,-0.008690855540505988,0.005631518506633326,-0.005658052938646419,0.007595579715115658,-0.0069587956476010425,0.0005861692004668658,-0.008177439018273086,-0.006336755056200858,0.004129902481541235,-0.0013672458974921147,0.0035009913956679664,0.006144967643755399,0.012378692944368629,-0.010386520395051144,0.002365421337086974,-0.005609287119546635,-0.013014007335289403,0.009387457211581041,0.001121817439563046,0.00048355556171835053,0.0021928743506788692,-0.005926577495856252,0.01492990362112018,-0.0004253874522306385,0.01004318554585105,0.018714358464602426,0.00174809450875919,-0.002748517915652118,0.007214972658901804,-0.002702396195426013,0.0011749618823452314,0.006461882007945321,-0.0009874767658852633,0.005659814902386114,0.008330871255340882,0.010821603181950044,0.017184746551732594,-0.004983432671493887,-0.00553978181422734,-0.005687694210831201,-0.002541702287476297,0.0006329065226232058,-0.013573147446202435,0.007737175952558887,-0.005733846844360387,0.009426850238327202,-0.004723523875077767,-0.00028025077522966324,0.009184519476485752,0.007153886637356712,0.006165500430581119,0.002641485635851994,-0.007319632146282324,0.009020919569993199,-0.0020577432731219286,-0.004818201855460918,-0.020382073138384332,-0.006310681068173925,0.008748536596809374,0.006826927418873673,0.0038509864954293727,-0.0008490940587357406,-0.00227158960866983,-0.009931766204447844,-0.0010168333011394397,-0.00269907418808313,-0.023202952574983074,0.010511800710340824,0.007971726829512941,0.019063224225240448
-59,0.001198114811948346,0.007893401306347502,-0.002782889789096717,-0.004740984513880479,0.013658982070473695,-0.001376703725645125,0.005899844183739345,0.007083475033610854,0.010241691305486305,0.016869841135111734,-0.0023106184494482273,0.0064402177813245335,-0.010518249526549284,0.004604696069422213,-0.008406827891420842,0.00043031806267317596,-0.010764912594288733,-0.002935630513490539,-0.010504218762773968,0.001337420318756867,0.000258376944879752,0.024665299589924382,0.013335007159639202,-0.008108759299563378,0.0030329023490558997,0.0017260622535269993,0.005752237780393579,-0.0009504024978193578,0.01667470328330438,0.01561552542708461,-0.0017546115107365868,0.015622056536058453,-0.008178680901647774,-0.003892594233632909,0.013919592162290865,-0.004885926772075367,-0.0033268143152085225,-0.0011226321240674908,-0.0026674040949689628,0.003986632481216981,0.0020282759139383655,0.020703155944295195,0.01599429516444022,-0.009785107446925876,0.012139242505671942,-0.010331432923847023,-0.008291199556223707,0.008110963853803017,0.01614308311761087,-0.0031847199633522004,-0.00982798287027361,0.019563179518527856,0.000938566845022851,-0.002662456578094873,0.004236617672838951,-0.009748301380038744,0.01044027024467579,-0.0014302819695821865,-0.0015971116827212454,0.011081407156647122,0.009156086404412482,0.018350859432102202,-0.018772724755382227,-0.0021388298396502413,0.012041781109322754,0.02206410344137909,0.006517417574890472,0.0018546843731829677,0.00815380257788906,0.012045173373479266,0.01051920952249623,-0.0025221121509265507,0.02041509257435477,-0.01010247115998233,0.005730230774967629,-0.002930243673481891,-0.00360870889270713,0.011010287687325067,-0.011690792816360642,-0.0026843240550005437,0.007254738845291028,0.006735260582228319,-0.02032969426341615,-0.014082531599555085,0.005347210589631385,-0.007335820464015581,0.010021335984421662,-0.0001976382899177752,0.01141003290443479,-0.006222290357388258,-0.010249526904185137,-0.0034977239851495473,-0.007211425198852881,-0.0030931836760164423,-0.012076863315474643,0.003848462450152565,-0.00032474293845860026,0.000979553763740576,0.0023358702855820965,0.01417569604987509,-0.026383942120048135,0.0010614817109106077,0.0044866460868133295,0.0022813036296875045,0.001394635975438598,-0.000632381501904219,-0.0023922652804911583,-0.0011760002017566981,0.005247002425935991,0.0035558395506329102,-0.0008166647690017644,-0.0017107133215678045,0.0011966480028212897,-0.016430575708366355,0.016385782302431352,-0.01218183995570927,-0.005709248587129219,-0.0008496073702485084,0.01337553722595698,0.007073924684660631,0.008319623598690555,0.007024418881832169,0.007460124586251401,0.004549788935435161,-0.02071639899432056,-0.001182360712719262,-0.009169414768832445,-0.0037775741054337187,0.010455682430984835,-0.001227942330173223,0.004671274174175667,-0.009643063864484724,-0.028128079032505828,0.0023853982002273507,-0.0028211383781676018,-0.021179546141894278,0.007487693530457012,0.007042759484418341,0.0010420656694524978,0.013180196724957714,0.002185401145142651,-0.015134761004256191,0.009567354046493788,0.010218899779833965,-0.0011191942179000556,0.005602941539181916,-0.011293526673714464,-0.021101439251847705,-0.0023766995702980275,-0.0059287315214916845,-0.013894627833163208,-0.0012617086735960156,-0.010753381891092035,0.00693668022305575,-0.00989705456066596,0.013311550155846882,0.003467587915183695,-0.016174291838355247,-0.01552454750194573,0.0022181062102162924,-0.009243373241044635,0.010450836909041824,-0.020213476697142775,0.006334643801842475,0.003103235801776985,-0.0026955047158921234,0.006924060982279503,0.0068537084350394515,-0.00459395835141528,0.006706172738011184,0.0063022805607502045,0.024325615885622896,-0.0024737271039639713,4.377225779170603e-05,-0.0020121588600457933,0.013743482484703305,0.00635679811424439,-0.00683077657202011,0.012394112252216045,-0.0032007555767168618,0.005348677842312064,-0.006176412704129669,-0.007585812734989653,-0.012162446891146645,0.009188864476630004,0.024358509683278327,0.015923349939136574,-0.012145969348684062,0.017835654158648188,-0.02235807086591854,0.0019866379865953136,-0.018659990139231374,0.011501925706855612,-0.01152151945538264,0.009982899391732658,0.01342972012092248,-0.020352257495573844,-0.0032940186687932457,-0.00820033042584055,-0.004878957720533141
-58,0.005033158273494273,-0.000561387007712781,-0.015290282505510846,-0.011700423212087375,-0.011974208745226436,0.0029244319498958585,-0.006607914940865219,-0.0031538221438323806,0.0017851140452150947,0.011736833292757223,0.007524980770970861,-0.0028440176654962544,-0.0030707406714484036,-0.004963661127741891,-0.011168583362814318,0.009869196897926147,-0.010602677573640055,-0.001026642405549625,0.002020791457423217,0.006430045763282334,-0.010113400086678418,0.00669329312893833,-0.014271597826576807,0.006370518801496473,0.004325169046966716,-0.017060934032628365,-0.005949437085801887,0.006694410888190633,0.010882228988796872,0.013013465369870922,0.011500528469190885,-0.002385016302203982,0.003991302746772486,-0.0010412266297691497,-0.0027059168280546496,-0.00785745717012764,-0.004813177317933561,-0.012870067699714096,-0.006608265116586566,0.01885658756570951,-0.012988221418838262,-0.0022457571562561683,-0.01389961275735676,0.01959609190320633,-0.006751302042139499,0.02749411169682762,-0.0011084460584462061,-0.0029165869678708014,-0.015580147536377596,0.005271179147967478,-0.0008600620179000212,0.006769526329246144,-0.008542814809105143,-0.00395388282647618,-0.0021563362246235195,-0.009156763554490717,0.007567741281335629,0.009415082964996494,-0.011239677455931431,-0.0008017695195257744,-0.0014458119888107663,0.00256310478648105,-0.029981045015037653,-0.012605783024562339,-0.011241350161866656,-0.009143326771701906,0.01395309818497468,-0.006254610829126222,0.0016065092812990963,-0.003981510117834792,-0.011230010545153183,0.007051356253508364,-0.00032015150997751244,0.009718602892356784,-0.0012071163621706006,-0.00531296607885845,0.008960346787823965,0.024062872717274326,-0.002127521287160955,0.008646391621649633,-0.0008452768475344436,-0.006730696595395828,-0.0052755751517573725,0.011646543576294415,0.0036902854350612186,-0.0003582158670212373,0.009401189290046652,-0.012047410004477229,0.016208023824601143,0.009069566002904667,-0.004678910598412177,0.00577142855185539,0.000539642696829649,0.0010013541592485144,0.015970515745716406,-0.0012308119514057845,0.00013626816579535058,-0.001101685489752216,0.0032405287751771203,0.010188500345862609,0.015013067625478944,-0.015211633041134086,0.004860730790795661,0.007396908425915298,0.01048990291280872,0.013964165850531491,-0.004583399774802567,0.001498538390321575,0.009251493104258978,0.008266151249803079,0.014355173377233073,-0.006239573330848826,-0.009994438537338756,-0.016298102308228108,0.008801023336892437,-0.009542900543186641,0.001117536666344069,-0.00260126576257353,0.0011473322815232353,0.01318666290807748,0.004957787556851827,0.007237728109015446,0.0018094879432456047,-0.010298419276185102,0.009165126919112861,-0.006929313636277167,0.008071877078514426,0.024372287197904005,-0.012568344426544552,0.0006307752060658271,-0.0038471569266143564,0.009677224700553566,-0.007489758252583564,-0.007183608400460988,-0.02122751233718339,-0.011639746691388042,0.022841134015910605,-0.008851212017730991,0.007311283951567422,0.002736470005690892,0.017226613772337956,-0.005990688453341853,-0.0003999631715803283,-0.0023009135283577043,-0.01693032098753613,-0.0053701963459429755,-0.013063572674651193,-0.00016719177977841905,-0.0031437274953264906,0.011625413894243698,0.0017466432248520103,-0.020520452628946504,0.007414331652761224,0.014737238743984705,0.004928671529171292,-0.0014429582412987091,-0.0061935817952003544,0.01458000706970965,0.002851359995593932,-0.01146336738754315,0.007658796059833012,-0.01770356217171265,0.002096405477468287,0.007696049262207968,-0.005648018249170741,-0.002302174130967608,-0.00103339851613032,-0.0019853895572524193,-0.011402755800984191,-0.010088389691531299,0.0024104719882692294,-0.010272027877032314,-0.00188939982054462,-0.006082619492253242,0.00035484679949625346,0.008177868152110013,-0.0033840244400827864,-0.01217011972902175,-0.009369228375544714,0.024974926988396928,0.006235510862730588,-0.01212842230805661,0.014227533929101659,-0.0030941133644911147,0.00980485283038556,0.010128056781042555,0.018648968792989957,0.0027000680968049416,0.006312031418327783,0.011621478067313729,-0.003540216819039618,0.0011447742003035555,0.0034211724687362795,0.0021297253464443626,0.004564784576963925,0.0034047954542263718,-0.010246635543853688,-0.006403714013429622,0.001521067299330815,0.014904092960656892
-57,0.0037886037488267152,0.013814129798418019,-0.004922695269681847,-0.0017296402852946583,0.0017428668831041745,-0.0022802962569522687,0.006376176666064218,-0.014645900688817475,-0.001936215855809669,-0.0027061273112374447,-0.012356836445923322,0.01093131776711295,0.01431460243747864,0.009216826360440541,0.009847732985971311,-0.007373396960025863,0.0016028152148271516,-0.0038402644585001783,0.0057522926480538875,0.002730249710507431,-0.003249791305180571,-0.009413611157352354,0.008497923283182184,0.004473823356485969,-0.004588314748811497,0.008682966013174876,-0.0015765631266328609,0.00023666344011287162,0.010834287207240492,-0.0014160205218831387,-0.03243724048822254,0.009741932504607528,-0.011040560454557442,-0.0013038970713330723,-0.0031130753835419403,0.006827746881311026,0.007134452397506625,-0.010859676235339472,-0.003307770374415888,-0.010243853589052375,-0.01489935810297679,-0.0059861077671228,-0.0034090775335793196,0.0018544418780410137,-0.01110004571335915,0.009748930826003338,-0.0013112820089485732,-0.005991533413406652,0.010541607621348651,0.0042371830486841785,-0.009390099909424993,-0.0015673550508031376,0.005030713091451231,0.0024532575509633907,-0.01199900535649631,-0.012445451253235217,-0.002872413611973654,0.0003286183918490951,-0.01471200683921966,-0.01190450818716388,0.01152036069880251,-0.006940158696653824,0.009105535138236497,-0.007331388809993047,0.009448927249548936,-0.004402559490007774,0.0038347065954458335,0.012267611520337743,-0.0020009117520413994,-0.0033561393717933983,-0.012502972842295214,-0.009891251409693096,0.008542220679426824,-0.0038448899963943323,-0.002126998178279623,0.00011833039869705783,-0.0016473092632277595,0.0021702623619366404,0.006028092628175462,-0.011691235728645371,-0.013797678107887377,-0.009525393965825055,0.003963545689958883,0.010155665225305864,-0.002498072588535965,0.0033070810404559003,0.00849613694472889,0.0038608485358146115,0.002177844095570082,0.02153208593157348,0.0019053282890416638,0.00560346987900313,0.01027873596397181,-0.0067241009898579025,0.0034928591131915144,-0.0010319054877885592,0.006683309064491755,-0.0005509972700826438,0.011179655079124233,0.011141424079013747,0.0074829255143326785,-0.005881440243968965,0.02697036998351311,0.0036796476519111105,-0.002910014417361438,0.0195232673605078,-0.005805865477109122,0.007211149588950315,0.005725057107214706,-0.00915642642906125,-0.015516096844956152,-0.004718928016111248,0.012541493724729827,-0.009135231586976185,0.0184190971029625,-0.0026973652684149714,-0.0014239254261746485,0.004068334805302908,0.016459383025083218,0.019690993051578846,0.020913650953188624,0.014263074987270256,0.010404343054097046,-0.005352400895779961,0.013562579122849508,-0.006116606261888873,-0.011638979021606847,0.004498411060594378,-0.0009253673111219851,0.012508614080198764,-0.0019085074058693436,0.01254328730120174,0.00027566830804887955,0.014610974554308492,-0.004786409425691015,0.00556414789611908,-0.006905777440445099,0.00454624957234578,0.011271729518362453,-0.00625087253633676,0.012792833589654834,0.0277540517158679,-0.003299466293480458,0.006728940423221099,-0.009232350139608882,0.014397246704347864,-0.01362067934004274,0.005323626748333632,-0.003225671097958473,-0.010387976185355391,-0.012520115454226193,0.002755206002926822,0.008594473353577735,-0.008640935950759704,-0.005974626821098481,0.007581414879353433,-0.00617882846552659,-0.010372188890161036,-2.4820765590478e-05,-0.0033553470062018314,0.003482060009822333,-0.020981359597509745,-5.2377749765821196e-05,0.003449697544112932,0.0007489808055145409,0.006417055642795146,0.0033445571578155386,0.011566345547385412,0.004701033706093888,0.02046705310191307,-0.003315573123442583,-0.002998104990940222,-0.008805412091185013,0.009100396598457223,-0.0018436688354426085,0.010312850830607918,0.001244309596465082,-0.004173179038669334,0.007324075376696233,-0.009313778327910357,0.017977283243065093,-0.00960321247385593,-0.000715262544721921,-0.0064528398527395935,-0.008230905796261885,0.010147596100908861,0.009156346137352066,0.0036614467607770256,-0.002675534489168769,0.019528819398487104,-0.01977378272822785,-0.010157310123833108,0.007386354164980264,-0.009631972667279848,0.007393311334117091,0.0005046987197207182,0.0009236788779194005,0.0033515897672737917,-0.0036869525259115125,-0.015106382339629633
-56,-0.008240119655468984,-0.0105996315646321,0.010430443038509494,-0.0028225212411576144,0.01703631389481623,0.0006438557554035331,-0.02213855564731781,-0.01427088899794387,-0.0007386260561799464,-0.01012085747856607,-0.003920030024656831,-0.02078774673506442,-0.0027862299752126956,-0.0003482970965222882,0.006452668184615002,0.0010504493093704465,-0.0033450879734716766,-0.008359305447157657,-0.004844058068445043,0.002181789474856908,0.013243922733179755,-0.006631572934380342,-0.013174475265114548,0.009087281130188866,0.006537604576633107,-0.00399324153032945,0.009289602200424827,-0.0028926345728841705,-0.005635733571652986,0.00808505742142471,-0.002303353525917328,0.0014818132464915709,-0.0024939326444275616,-0.007625356733422405,-0.011424937324397158,0.0028118280531439907,-0.009078707012559091,-0.007608071689826904,-0.011336452868373342,0.011994209533057769,0.008810860662795806,0.006053692980287083,0.003028898582754249,-0.00970089934570188,0.006241820444930185,-0.011338031371428227,0.008416537150580857,0.008514415471830078,-0.006980040663603671,-0.009269743275330913,-0.009057392911995928,0.005481968852205708,-0.0012794485115111794,0.01253209855623005,0.005746742762193749,0.00897138779501739,-0.0006979198153059683,-0.007472839964346423,-0.009181924013413039,-0.020551727846883344,-0.0020710473379323266,-2.7191859050267964e-05,0.017173161292908214,-0.012350645042016889,0.022701194556995898,0.03177071742158203,-0.009039409431728046,0.0013371815530385366,-0.015147671948836275,-0.0020144383054926367,0.009721375772037456,-0.013438054256969457,0.005256027852762405,0.010623271273483439,-0.002328202542064759,0.024501080398341857,-0.007179044977932539,0.013183559101329307,-0.0004034056450475821,-0.004863272751460423,-0.015904721885163398,-0.006140658290155338,0.010430975360338405,0.004260354883127952,0.019536646123648523,0.00483745134441953,-0.0015557835244395443,0.004876322795760219,0.006411402842485071,0.015254275517924675,-0.004076037656975689,-0.014269021443056874,0.004928526884006658,-0.003133152897827965,-0.0039027873610460286,0.014056086030402634,-0.002016718136264895,-0.0016222778069160005,0.024383927291359405,0.00011288804468694035,-0.0062663907804470145,0.004042086967159927,-0.0032162888644603127,0.0002343334953299577,0.0026434450286221853,-0.0014104623559877381,-0.013670131219331381,-0.012057990946515466,-0.012412174199736468,0.005604908672102332,0.0028031799989100123,-0.006263152891620886,-0.0008202055236204897,-0.018167814999847185,0.007309324618913141,0.008199589811589655,-0.013062409398864652,-0.0009839042392113884,-0.00018876048733469306,-0.004761675844675022,0.011366410822248013,-0.010894868086943737,0.005945907582954855,0.0060387478936733486,-0.0005546021819964099,0.005652809607698274,0.010385011444835383,0.003216318788519878,0.013242320112090169,-0.0038338489585339726,-0.006163786862253268,0.00350922017638653,-0.002630798414743349,0.015847434528218074,-0.011818768305179415,-0.012160540489751445,-0.0006780440151097178,0.009816309514539193,0.009896726015067178,-0.0031566612382548064,-0.004248086205276332,-0.01537838156862566,-0.003762817130968001,-0.010882508996362082,-0.019378758219080347,-0.004791610027615734,0.011622093350303151,0.015832150506110823,-0.01981944879766759,0.010098817788993488,0.023091846837737826,0.015751951845717035,0.002705343574069979,0.010532961407209778,0.00485856126186252,-0.005869847688641531,0.006518197976136468,0.01948699457567304,0.0019524136861462924,-0.004305193970261635,-0.0016090476674977697,-0.002092628860038183,0.006595360825892457,-0.005288733585302266,0.011761877036224043,-0.0037367770211565957,-0.006646889182607993,0.014134606155489395,0.0018705747046535415,-0.014806141531554028,0.007330139043549137,-0.008227862691372514,0.003075068670158305,-0.006077925696770376,-0.01108457354035147,0.002116907155185293,0.012461086021006772,-0.0032251378414472924,-0.011207879578524422,-0.0042480551565217805,0.02649366885007074,-0.001324814188415318,-0.007498764843151681,0.020202366270752586,-0.005331286521300596,0.01397410486117566,-0.014282000100227123,0.01472960524862912,0.021605604837866905,0.013198665534031572,0.01166272110645738,-0.013366368162094664,0.025894167530253656,0.011626868448683369,0.02126323279077477,0.010553552857980718,-0.007075129069146741,0.00494947666441906,-0.00925283583083991,-0.007814807060802974
-55,0.002431304033391871,0.010061830210553893,0.006041664154850428,0.00018386274568207416,-0.007130647020681422,-0.017467997499940914,-0.0009264403886118607,-0.010675934047676895,0.004026058077658346,0.007567940364352916,-0.0046733810430308045,-0.005293296508907803,0.008696286361239695,-0.01159519820971812,-0.0023794902578794866,-0.007465406436153045,0.007912890626131621,0.0028541329550830757,-0.016753059016315873,0.0040318720461637765,0.011288399173831504,-0.011934187917996672,0.007465435564988803,0.004288513386099095,0.0007585801438529877,0.01715117069002367,-0.002430745275478407,0.00948698723357196,0.0064326998107689356,-0.01800948637640263,-0.00409960913259374,0.006295478689900925,0.0025181651814139613,-0.010358666830192752,0.015341653528866947,-0.0025715722922520132,0.003047557393939948,0.012273098256906258,0.011109397111416138,0.007179307824026601,-0.013415399835803306,-0.01371394568087902,0.0054024927685210385,-0.005507201821048142,-0.0068421506488213595,0.009034666030365606,0.0017046077520604043,-0.00973497184936333,0.0017729516822104282,0.0024225408446770184,-0.008203077196323346,-0.0046870395832045,-0.0022437247337391314,0.001352235140713459,-0.011382874885979253,0.0022607346206543876,-0.011212129565126914,0.007817314223255142,-0.011150096211476503,-0.007025898016544506,0.012240856502026035,0.016972932046053532,-0.008544066452356867,-0.00023421132050968174,-0.004204554516721093,-0.008732100473015814,0.008582651672475544,0.0010630282603123048,0.000833546248299347,0.00882576440374674,0.010789395974536622,0.0010076811978128645,-0.017895001980583622,-0.011138069468705526,-0.007668769108135777,-0.008401540395287605,0.004894081928671317,0.010618816296121379,0.005242778912204926,0.004640056013622116,-0.01574574359625569,0.020048169690217207,0.0077302668091133305,0.013989704812230443,0.0030771182442635167,0.013422377189384873,0.02086402545980138,-0.0002913024586134901,-0.01314450549800619,-0.0031066354810577387,0.0064108597085174475,0.003420073001940332,-0.01210079788887172,-0.007877543048846476,0.001970743178059048,-0.006229019231907606,0.022200282453560836,0.025595024758835565,0.0020804218526702762,-0.006241157973227656,-0.010235457187772405,0.0013535172564068344,0.010798367678172594,0.03916686424766078,-0.009654861172363766,0.021901053011327665,0.002454791294072309,-0.010296632521759205,-0.014061768922865205,0.003549653231199764,0.00540443689717615,-0.0007254908130140511,-0.010067869407100444,0.002131967944249453,0.0007288345119062507,-0.018935907475396627,-0.005429521979612631,-0.004239755166952706,-0.006189666336418805,0.0008894411190691002,0.007454713027298297,0.00015499005438138896,0.006562987916844932,0.001964179449309475,0.007731242025230726,0.024914816729181465,0.00857215850647472,-0.006944969465975155,0.014141222319039148,0.002534156537822564,0.0013333933055122657,-0.004222798125235448,-0.009977822264950241,-0.0020972770868348937,-0.0051032979147788895,-0.00890456856329201,0.009146565975694888,-0.011910553008611905,0.011410660288673052,-0.0062640484768186335,-0.011019859450535902,-0.012882967650408006,0.006613508561106705,0.004847125780166729,0.01043039756103667,0.002695009418218115,-0.012553352661858221,-0.014511020076691347,-0.0036973201617951255,-0.0024134554021901632,0.01703908775732714,0.003917972119461653,-0.006969606299424259,-0.001987465513136214,-0.004386236743280801,0.002006224799373975,0.003180516771774272,-0.008440327674253399,0.016221138909333736,-0.0059406016739766325,0.0016897163366389335,0.0018886874787792081,0.004780812402007692,0.011155750097572397,0.02096323095044928,-0.004313518394114308,0.002270244041844274,0.0012222445138205694,0.003321112417678819,0.007952803894548787,-0.011602574933110723,-0.004833717728533333,0.0024416127816412267,0.0036067122535896738,0.009089574660920446,-0.005923738530920321,0.0061695824839361245,0.007726187840187552,-0.002229375274007967,0.021743170661350245,0.011770739248052184,0.012989204718596471,0.013681879089263155,-0.00500862439118056,-0.0058706872876916685,0.0035565828719683027,0.0060389258687304475,-0.0056710164727421155,-0.012896844371221796,-0.0013000928651309557,0.014752396418068893,0.015558794965234093,0.012108816362347577,-0.01751398571775651,0.0018856486026792947,0.006322534332299858,0.00772256883355456,0.01880041246227472,-0.014582490589760846,0.002117170101978538
-54,-0.008233256387728014,-0.01719491715790216,0.00965646580466434,0.008113325096163752,0.010812532264278836,0.004120896135041317,0.003040284246815287,-0.002136074875531617,-0.0030673178571111485,0.008604543691234779,0.002723338521132208,-0.007466334986875722,0.005454591621453268,-0.00928999305987728,0.003159271846002995,0.0025038967328019288,0.00828192552503888,-0.0067041714077385635,-0.0020459466889334865,0.01435863606938276,0.0005489581816331985,-0.007667442848475542,0.009045893242428188,0.0024405767895661745,-0.005785367741694984,-0.0036601129319346016,-0.009604385311023079,-0.0070220030252535585,-0.006838391899950195,-0.004349446802126396,0.005395629355638044,-0.0036447253472564447,-0.007002964541831327,-0.013553232200276348,0.0021256699983509095,-0.006710046984374808,0.009580450168953387,0.001142203455796053,0.006685087085553709,0.0007042731102053607,0.017060712675629617,-0.0029642018842533594,-0.0008948271061623508,0.005787014890987021,0.00717555748390711,0.012536162905497509,0.008056960262328475,0.009794589870746473,0.01048273008118036,0.010340989461499932,-0.012439257741225777,-0.01805993707537115,0.002811402483819391,0.0013229924300375217,0.011810585686380288,0.00547618683240997,-0.014433565113977267,0.003290139903084772,-0.01192870515404446,-0.009697174340036306,0.000903111151956985,0.012578445938207894,0.003104540652491993,-0.0021796322868365275,0.0015221133560522416,-0.0037065504991719506,-0.0029735008741417386,0.0023755888512368927,-0.002761676599952894,0.007333865049386054,-0.016930187423457765,0.003076087947081017,0.012292411677263141,-0.016329286243817374,-0.010951314558593108,0.016681605684901932,0.00318499609806992,0.008881687990263794,0.007975091994525224,-0.003538833686947263,0.0005538643668010742,-0.00661898854452359,0.00962914481426582,-0.013925122620374463,0.006172623260966165,-0.004777000498147201,-0.014120320200448778,0.003869242843566133,-0.0016104489909318715,-0.0005049525574533549,-0.001182435415600469,-0.007893828961648289,0.001377844554431537,0.007729746537242766,0.007215845226450047,0.02060931525985045,0.008332622222236467,0.02822321869359429,0.001789695752250686,0.013704144642013043,-0.009933083437550352,-0.013692895239252486,-0.006469333704693661,0.009358338755674192,0.008630139090856515,-0.008150055850815673,0.0020442708027551015,-0.015433359840429688,0.005858251137074795,0.01759472700188119,-0.013437606515764726,-0.0036074234133731016,0.0021393746100269737,-0.0013540255730611053,0.0059178010763337495,-0.008143307842460167,0.012562715325224653,0.02185636309337528,0.007635303222976033,-0.018107575540848204,0.0013307010729554016,-0.00480014996448202,-0.002880928364591068,-0.003803958435504808,0.008864536058507193,0.0062834832577403545,0.0011198850575344591,0.006453570392342445,-0.0013525927989015915,-0.01628994996159245,-0.006148627733294496,0.0022891981451489936,0.009728963776266157,0.0025147279796889953,-0.018311076430035746,0.013774355630593954,-0.0023155119656751866,0.0014628456161328352,0.029112796204647618,-0.012902511277446621,-0.010882466024137134,-0.002252636454312412,0.024446034545359627,0.00893517753695865,0.010053746504925517,0.008252552163198706,-0.006651666032769935,-0.006902235895027878,-0.013574195923814264,0.01001661089986979,0.012769813925686562,-0.011526918326989911,0.006589456456395589,-0.0036134254288587167,0.0007496869607195181,0.005337861023046418,0.01060784411220145,-0.0030526570251894238,0.008124768429702847,-0.001335983766531113,-0.0024635969092485967,-0.013386402669591848,-0.003351568885813237,0.006217164905475804,0.0029811174950832484,0.0035181712451911058,-0.0034540036931340274,0.011714126071878782,0.00020474853599270176,0.0013084106353830132,0.010193613979707377,0.011026307604005638,0.011500147657284222,-0.007327913725114113,0.015391656433503495,-0.011966680317788725,0.004811207023459688,-0.0006135348796810934,-0.002188703944032426,0.002036631457093112,-0.0014838716812225373,0.0023401743683737005,0.006274551794812435,0.012150615826737307,-0.0028408061619564886,0.014580654164759212,-0.004628296062471024,0.0005892456635103175,-0.020708589686266706,0.005698724342933991,-0.004613788783884262,0.0055504117799672105,0.013583802233752313,-0.008469077558342213,0.0031918435208259247,0.007160288795072186,0.004505292559556392,-0.010585654832719846,0.006289104771505416,-0.01831062368558279
-53,0.004075451720027055,-0.007155315702870362,0.008731511747416324,0.00575651133176623,0.010555167956780782,0.00035641281166699356,-0.012807432777751232,-0.004287180007255806,0.01672858120594496,0.007866118839022654,0.016847289902056136,-0.0014922670109462947,0.0008730325677571042,-0.009957405711977311,0.00934307557978119,0.016919898105065227,0.00859891956000147,-0.016127436779205778,0.002112713984701856,0.0017791162654542296,-0.020885454438725935,0.0009479090973767465,0.009725482047512297,0.00452537669657716,0.002342732142227439,0.013702213442291946,0.0012433976631609533,-0.009273314622443699,-0.0004461158510385265,-0.003594104641884032,-0.0034238777478453903,0.0005336169915539656,0.0015859244589272552,0.014230867452142259,0.021991144801536362,0.0070788611712649056,0.01388076464168108,-0.004467216946998598,-0.023768623308916815,0.012855687359182466,-0.0053162062661362966,0.003105784271929147,0.010857831599725502,0.0013179156884075716,0.005633258530053811,0.00738097132239437,0.02308347499477731,-0.0051846066162177795,0.00034890685482202605,-0.0005948622451634052,0.015445164606638617,0.017909672867189693,0.002156651443634084,0.021561606428214766,-0.010313237023976188,0.00799130067442678,-0.006664043487223399,0.0010210018723463517,0.023337744003799475,-0.012629823271020297,-0.0028417111919712803,0.01622555400896444,0.0018120432395703032,-0.0006698352232156304,0.009743059086250496,0.008592654405978239,0.0029986685785112805,-0.008204349876665532,-0.005658471571588988,0.005182575442145211,0.016230145699952916,0.00410397960399949,0.0031092693712840673,0.018141650443406022,-0.0029920656012966005,0.0005981308548933151,-0.012917821070445808,0.017281019914349164,-0.011425150378164287,0.01252744618219032,-0.011285425208877651,0.026221930425021054,0.01520748954712694,0.028947688221936677,0.024733961188656596,0.019026781954353287,-0.006248503973281836,0.01457955370347193,0.008137560190989001,0.018915497487189268,0.00034687552640005523,-0.0005052863881261328,0.0092045248728943,-0.008703653029003609,0.002884658477989609,0.005832508137574344,-0.0023210996780913713,-0.007730542147607018,0.014692285899339061,0.0027379557830701567,-0.0018789812485188473,0.0087513595235071,-0.02055186722408462,-0.008843230748881298,-0.008614783795522997,-9.729908307924608e-05,0.0028321023562559093,-0.016983783474291223,0.0018211707261029475,-0.017905566563796826,0.0055914271346902515,-0.0005283313211001664,0.0014547286873486226,-0.008544758475668102,-0.006482625818190523,0.004488208217089462,-0.008309813833880133,0.0022555842610684686,0.011446670662250765,-0.007083898552738292,0.009783496564033331,0.016962012700182216,-0.0005821445166323872,-0.015826118540410355,0.005548625473956787,0.005926045216321084,0.01676434002891512,-0.021725838143668737,0.024632994624987917,0.010237590290235517,0.005659760041861396,0.00011180765874780219,-0.013154444404212288,0.006873524199336292,-0.008746939925447353,-0.005648316210837347,0.010586425948142344,-0.006385888904708646,0.006624381287042588,-0.0024184456684750427,0.0026931434955500327,0.018071459911356016,0.006980662204616134,-0.012551173859762363,0.0054613386853392945,0.0018876014737971812,-0.012327283729160697,0.002671649556544295,0.014570678021422779,7.676157668629817e-05,0.006171821771586313,-0.0023855533369896986,0.008034448229270078,-0.007992593973516591,0.021413675485133343,0.0032963833292765313,0.0027194012513628227,-0.018950098462421,-0.0027713791858348814,0.0023044382822838562,0.004389062333196632,-0.008102215865387478,-0.001775760379454223,0.008066621058303513,-0.004090292836928327,0.0029628830477495135,0.0007069990352596426,-0.0010500604929715711,-0.01964903471901199,-0.012286193432040906,-0.007320675177682242,0.0009527136272702334,0.0005910909676663145,0.018261697778677744,0.0012841378939853893,0.006872320174279062,-0.00013539656410158757,0.004522451312988546,0.0036076501744455886,0.004495483489113611,-0.004336542379647396,0.00969554333926791,0.009924254671343438,-0.003753950514946586,0.0032833619764642006,0.006238114244494372,-0.0035945099397614267,0.0022558044309147654,0.0021714384232594808,0.00737431753168448,0.01137067418142496,0.005277004274331262,-0.0033882505475273713,-0.014160165531549558,0.0026387866553026374,0.004751001925523999,0.0006723622127719884,-0.0029223007901956347,-0.009484632544459179,-0.02197069032887728
-52,-0.007304323901972675,0.014275483166104998,0.005020146629086649,-0.015270387258984042,-0.012007941974443612,-0.0024735871534600573,0.007164439930684516,0.012786008582981647,-0.000391444379867709,0.001824164829492548,0.0022864390438701383,0.016748430514198415,-0.006978738113875503,-0.013849323034098094,0.007270458811894836,-0.012229296045441821,0.010516583187367905,-0.0003774183361520988,-0.001246068132379452,-0.011187881110172432,-0.007012523639433714,-0.01776843704721593,0.007582772739425858,2.494998990340059e-05,0.01059759709799504,-0.01002917220355974,0.007533970795414069,0.000756439741577787,0.014582510051617193,-0.001424963800934023,-0.006719679051047393,-0.006214914733537336,-0.016720910306618764,0.011943648108393014,-0.02624458835057533,-0.0027624334967831753,0.0029040829897345726,-0.010096726351233806,-0.0005497806302279273,0.00349039513301072,-0.007305504285745787,0.0029274255373754514,-0.006165433646901261,0.013776450697298437,0.004194379677499462,-0.0011953840706782452,0.0011273820091182295,0.009796926772456745,0.010025285471582171,0.01072100764646765,0.018215127243440578,-0.0014546171887734587,-0.009978256098417106,0.010851599492710423,-0.028367199645976587,0.00012530391869601445,0.0065335310348492645,-0.009926206192262735,-0.011654243839905149,0.0013972879934263144,0.008863607308129882,0.004530416934881856,0.006000502238912219,0.010879904031075107,0.013259467264790183,-0.008754355391560397,-0.00948563264184977,0.0012360394475810412,0.00013340299645250918,0.0009669480422353105,-0.007083715456922811,0.0003078428679064735,0.001572814689784193,-0.000645072840963659,0.007802308153888334,-0.016821409844458953,-0.0035727895440899465,0.007240410905183078,0.015300712522362137,0.002496963166079184,0.0072417945591699805,-0.01153445838566858,-0.0025366651653465026,-0.014833287414686844,-0.0028401561551818586,-0.005381402661450884,-0.0034534730128165008,0.01412085975263285,0.007856748081921015,0.005924792027912181,-0.011292544265929183,0.012226532634785818,0.021637833382137837,0.008351054940134467,0.02880327031287276,0.009692726306555747,-0.00443987357149356,0.009441076225514135,0.000612219695688134,0.006127622535749869,-0.006567924885419726,0.02346479093863726,0.004985811731189895,-0.010398801538536225,0.00739858709175743,-0.02679822033460925,0.012055360240203749,-0.007390228110356613,0.006450318577953964,0.019768724902212025,0.006353032224888226,0.015557969768633577,0.01064118645986346,0.0045082314385821295,0.015768921334468472,0.008243273688773405,-0.008747009130152191,0.001742921417131695,-0.01258755133495438,0.002084210192229068,0.016459151998708562,-0.003922796189181684,-0.0020324490263821334,-0.005994140260435829,0.00526313610564836,0.0097039832750249,-0.018033909407380016,-0.018395977210136263,0.009067569326867416,-0.002331632377416272,0.010075812757664324,0.012800182099191312,0.004506099491439014,0.014419710170982413,-0.006646954449520239,-0.014236945214622512,0.000610320732964848,-0.01173002994799191,-0.007754720548995935,0.002205394342416735,0.011321065713764133,0.003151197133848844,0.001001972849040621,-0.0037820777781516915,-0.014311339343237549,-0.00947006691209878,-0.005029675932733403,0.015817057757926058,0.002411519568285933,0.00444934636702588,0.001224308732109196,0.001283323328250704,-0.004070731936209719,2.5396855325743187e-05,0.0021957481730221855,-0.0016036954044234154,0.006659666821706218,0.00028577881352475623,0.009105693262502993,-0.006231504343417003,0.0054897527402473075,0.006136701561110994,-0.017428532191403563,-0.002582048473729155,0.01293307624007317,-0.0036094614734494086,-0.00960901660258897,0.029305310103325627,-0.007037892700465514,0.001592039538068159,-0.007457198279458711,-0.006051360066693966,0.015073121311644221,0.015733334360136755,0.004579157966026814,-0.00784746686025441,-0.0001139075707734076,0.008268375368243215,0.00956531848932761,0.012824567482218842,0.009311827245195766,-0.0068826121161584194,-0.0027377550838173764,-0.001568797734115885,-0.007211822385468499,0.001368500534507412,0.0026161770045987362,0.010247633982979548,-0.012485083050269949,0.00859168250100855,0.011666049306719205,0.004971296577763057,-0.004715310425757271,0.011676769944080284,-0.012332230870341325,0.010965230733340625,-0.008211685155564015,0.004965643724776179,0.0001940408218571788,-0.0033249492173331166
-51,0.004053659260903206,0.0181952922916221,0.0004403366156139545,-0.00961726602917888,0.0008142563710842607,-0.003408402955968155,0.012969583329096295,-0.008940455747743839,-0.0030114779436684076,0.007896146589611075,-0.0012363828531863617,0.01732829330131443,-0.007258604605417623,0.019800044410176555,0.013796826252242465,0.006729162879489274,0.019725832943124848,-0.003414863648935864,0.0023550147528058687,0.006683547000725781,-0.0014831602164858283,0.019987986014126935,0.006514047977555856,0.003057120361698097,-0.015564456638708882,0.005584965813097511,0.0016333342526985066,0.0023790096664583734,-0.0020688576294679547,-0.00677701625670542,0.014373789589036703,0.0005250772528625834,0.004475640474408772,-0.0036235482352563343,0.013664713990216983,0.00549284423209425,0.012570923121658445,0.002533683477137989,-0.007305819676719485,-0.01800119664841571,0.005623682713011381,0.007170151958639975,-0.01038686030408818,0.00015317788069912322,0.003528061228538903,0.00034256876087013764,-0.002659516813641875,0.01391761384145265,-0.010250297510067292,0.014218756086730806,0.02284229545341058,0.0034781566726209447,0.007591780780155496,-0.013800507183673122,-0.002455975182770521,-0.003972695284895516,0.020295042987575476,0.029309526347279995,0.0010205481589614894,-0.010809139860672539,-0.003650971378939288,0.008876461946754313,-0.015158430457015124,0.010956521416895688,-0.0010419201395287072,0.014811731036072109,0.011808978152262648,-0.006378650491209816,-0.009767871546629479,0.005373585990669737,-0.0031245411698815123,0.0027473809998185238,-0.004736239355766526,-0.021745510418569838,0.012916479492229717,0.010225698175625256,-0.002052501211542046,0.001711167985737973,0.011271732874170704,0.0023170407117651197,0.003316943046514596,-0.0011952736010481875,0.001235087402901622,0.002489411417527371,0.003887066501027686,0.010726468059791529,0.00680718061836971,-0.006133247723509311,0.009915223586854996,-0.002607870008146539,0.005192852062679179,0.0013523748555738485,0.013993649014302095,-0.0009935580186219792,-0.007793831172888539,0.004587886313362969,0.004026022361058281,0.0037922538960619306,0.009029925966371904,0.0042575498910845475,-0.003584411545882989,0.018480476247502934,0.0002639301808559783,0.0009075201476951445,0.005293619827721859,-0.010043576400586087,0.008324243344052448,0.004559821156830792,0.0064841089209361075,0.006420598178499535,0.018551577469120468,-0.011891057085958254,0.007576948952417937,-0.007589214129423666,0.0005891913025472228,0.009763495018750633,0.017653688557721287,0.004594735490147719,0.001669878159346878,0.002664399571834423,0.014030297695174932,0.011333182216538493,0.009466524047278897,0.0059402876973908645,0.003293820272614958,-0.009199095133611477,-0.001073420345582771,0.007332900162574273,-0.015183297797837725,-0.0009510149186353453,0.012906528052404023,0.012484625020777507,0.014132557932801871,0.01042966429867213,-0.0027995612109315638,-0.0013058325511939835,0.00926146297256528,0.0025338746618284837,-0.0030627335075547003,-0.0038265005249400845,0.006008548099440518,-1.3639395091303392e-05,0.012010660452092613,0.0038701979828368103,-0.008176867817289567,-0.021497829014039377,-0.00496293272101737,-0.0029993849941715037,-0.02070048710885085,-0.013831303726256832,0.015326214742365545,0.0016793118175838508,-0.011418710856498204,-0.0009195417347915339,0.01786782857252421,0.023549500321520728,-0.0045720268697462966,0.010154850200294666,-0.014897062017588301,0.011436773370620545,-0.009787260414621381,0.010370293536001947,-0.004386508076844295,0.002137820412494785,0.005944661383794655,-0.0015967462826251824,0.011638969691599117,0.01011686058485655,-0.0006406478368913798,-0.004675566421748367,0.005964381902460357,0.005897916741552668,0.015585556251380344,0.013240452642215184,0.007106235747947807,0.012052837463394521,-0.006619523903814479,0.01030316092813317,0.008356697582039635,-0.0025052960844339518,0.0017013733730891433,0.004084910647032962,-0.00686291072201787,-0.002505214864461842,-0.00014784811430381805,0.003233399530069879,-0.004325912657604248,0.010842253783527631,-0.0004664901450592623,0.009582987478939181,-0.004657097437361085,-0.01204760658584423,-0.006573467505904659,0.006300764837193914,-0.010711590229682617,0.0011135097795082352,0.013148237829135732,0.0009409021843569714,0.014730815235084824,0.0015461175513563727
-50,-0.0005859236074933884,0.01368192954475622,-0.013990845785939317,0.008910285408457144,0.002681625241822547,-0.0012301592946655023,-0.018703203758062115,0.007698408312084787,-0.002647850601067791,0.020465321203333536,-0.003270521860923204,0.0065833021235302824,-0.004026975746218062,-0.0019923274969627356,0.003838994113275498,0.004981092759213443,-0.00507277889734453,-0.00010698957780312332,-0.016012704191645962,-0.014703392239492347,-0.01059739284023804,-0.01142387052258353,0.02123777838372591,0.006812048209614886,-0.001416630757300847,0.004580491105452833,-0.016171366685630937,-0.0002895154921780819,-0.012359345819905722,0.011633466216559094,0.010284141604287228,-0.003737337143295046,-0.01510852226875171,-0.0070852106079130235,0.0038531328847543965,0.012172644048287936,0.0035245253648265506,-0.007631045920806757,0.001718404083330998,-0.0033961395663206985,0.0025176428762765206,0.006965571462716008,0.02456970395424833,0.008212965216654738,-0.011816678823366606,0.007945975712516897,-0.01246477462560843,0.0017696917087857227,0.019901713470984416,-0.002778328231510276,0.0017699488989060962,-0.0009581819061954336,0.002922973922863336,0.003411669137475822,0.009063700802396898,-0.005338652873074253,-0.014001515379922882,0.008241299868806536,-0.004281055162988493,-0.014590476190211988,-0.003372380368539461,0.010409682862842324,0.019264596854653863,0.0012947545760971886,-0.005101553092921311,0.01274038618159205,-0.003150862202107881,0.015943988080089018,-0.01885983472382764,0.00636749916795069,-0.01342425375074244,-0.0035541741917298176,0.01282841997426222,0.008048688751493359,0.011031939443317536,-0.015266092585344974,0.005360295713314648,-0.01872936053067564,0.01241243855379647,-0.001323621536094614,0.01686321148399426,-0.0018357440152862157,0.011034518932351372,8.397952221599297e-05,-0.022825342090475365,-0.0005229323233876303,-0.0008838012483094412,0.0027363865883214176,-0.0007506434317392247,-0.01380557813064857,0.004783630472626145,0.0002068535985722509,-0.002259496792066457,0.00192091863721881,0.0004384555155238967,-0.007425369055852895,0.011866360732742609,0.0036842828006331974,-0.007778482643915761,-0.005230790420192361,-0.011352329677992516,-0.0036767601161628275,-0.014095536016702949,0.007416110187701719,-0.006500547735440832,0.0068904561182253285,0.020669549398803666,0.002637257193414116,0.015158924636011014,-0.00601153388671535,-0.011075338130802628,0.02677864537270954,0.008628867510185594,0.007698326207651974,0.016275419296179205,-0.018663234216658612,0.0007722703346192331,0.013366580299085358,0.009405123699386855,0.00785099442481146,0.013341745214285118,0.014657141859585386,-0.017571533011615997,-0.007682263199536261,-0.0010774502699007755,-0.011052008043080269,0.01129390231428599,0.00665414537862438,-0.004085374101290519,0.010744009438760652,-0.006028188407100177,-0.0006609181336204692,0.012939538741051117,0.022971905710665437,0.020420410657342104,-0.014209535839512647,-0.0006510258187084239,0.00022061184946994264,-0.00033419524599345805,0.007166864456827767,0.010786706572378953,-0.00882761509355039,0.02513349821186835,-0.005463579637843413,0.01909254096066149,0.010314006777759654,0.0073214444450642405,0.00946751877283957,0.007385231185384485,0.005411472631706854,0.004543477051307176,0.0017205491286766126,0.003865007762997487,-0.02844394570198455,-0.01111271478907865,-0.005126714898480093,-0.020955869476755293,0.005645604735523536,-0.007540657937952118,-0.023540275836329644,0.015075218629190737,-0.0023094779674716587,-0.0004816998659525084,-0.00025467319890294616,-0.0038217916415880537,-0.0012037992018975787,-0.004083911158615144,-0.00313869237192166,-0.019614800797563208,-0.005386809864518321,-0.011481922102404896,0.0024359284104142915,-0.004332388797552229,0.008322775755383214,0.005287131244543727,0.007789758362545697,0.00990284001705389,0.004030526683845742,0.0018128023787599718,-0.003800394486822013,0.014688470417183594,0.013428719689382775,-0.003872714877977627,0.007865945556514028,-0.008769767029466732,0.0015186410935116143,0.01513211951349661,-0.006914621980914767,0.003384532140847647,0.012446075439070992,-0.0008869129218053154,0.009159502104694722,0.016411584210894704,0.003948766175797104,-0.012653731056820456,0.01973474619231841,0.004928770189020685,-0.007157546897292661,0.0010820537535221695,0.011194603921724442
-49,0.022334334022556933,-0.002158154399243082,-0.02061528085885607,-0.007914464843498139,0.00043546682173122627,-0.012840733587966006,0.002846399460279155,0.0027366263552580363,0.012371645473449551,0.010736208857954302,-0.006434954130478976,0.00808625118146375,-0.007232093870382443,0.005412447379534757,-0.012083792470740614,-0.007981028265388325,-0.00029642436454725436,0.001489089893040093,0.010533224256803503,-0.012829219909449872,-0.005169830070157807,-9.96901751647624e-05,0.019981539235307627,0.001742958002577797,-0.013184067107887916,0.004308473200120838,-0.007072922288518527,0.0022614987530666236,0.005385855484216872,0.00660033327046227,-0.001063515421930292,0.006969329652187668,0.010641105202134482,-0.014351992223081025,0.011291086496307189,0.0002619520993086097,0.003348778204073539,0.0033392219213438583,0.0028194073551845817,-0.015252124786202815,0.008447851501550696,0.01894915068875997,0.017618049097503058,0.005404659844193343,0.0024535619029498364,0.007637230522414017,0.006151485324537934,-0.0018069378363993293,0.005549083176551178,0.007047716254022628,0.019547206026157345,0.006680487094234689,-0.006501881053997195,-0.016187204376647064,-0.00011961648901730832,-0.0074942717531062755,-0.009284129862992279,0.005451777060500843,-0.00595499648188241,0.0028607335128337202,0.0103551106392785,-0.006557104847693292,-0.01583724491157292,-0.0017720804924235816,0.003094763847875444,-0.0007920274098409306,-0.0014110212744061334,-0.015119693997188268,-0.002070808872597826,0.0017804585684673988,0.008625258218675776,-0.0058376835689777015,-0.018815697236058027,0.0016533455514751985,-0.002163671658363498,-0.011521373539218064,0.005961940952044692,0.0011406173004344573,0.004240396770475475,-0.009273658037769406,-0.013284856802773748,0.001067507252899199,0.0086221369053038,-0.0027462481851076945,0.017601334391005214,0.015785328579594055,0.00908355253082676,-0.0014862417313972463,0.005266621063627849,-0.004457999176338893,3.243427457493529e-05,0.016208033239094123,-0.005710647803312724,0.004681211257328671,0.0020134303500573304,0.009197402134728524,0.00855902056851755,0.006810049723118431,0.020083180182822014,-0.01279191160115213,0.00037081469531830393,-0.009631827355560084,0.006428370817080547,-0.004545192183964631,-0.00011164554702121658,0.0007291055383854834,0.013715933976667387,0.0034006821194309924,-0.012868664640594144,0.006525543710801682,-0.003444484509627246,-0.014948805799125024,0.015963647162691236,-0.001401786355473395,0.015836507380465985,-0.017749659702381772,0.008562095428596723,0.007277324433120256,-0.0018144282595626594,0.0064814423710415035,-0.0021536628855675765,0.0009734234240430127,-0.0025859802758035682,0.003405215109651604,-0.0030921539864144547,0.003718826559854227,0.008764502162779481,0.007700661723697134,-0.0009440417543659803,-0.0020098567993620912,0.0034078790205290064,-0.004715600313240537,-0.002641492801364927,0.012561630179864884,-0.004610693647406883,0.0026284311302511034,-0.0039443599506855595,-0.018399318822322278,0.004532961253210789,0.00543101799558989,0.003573211224954383,-0.012977344374873282,0.028040150135207192,-0.01352451228584961,0.006189005111484123,0.006250586192500316,0.009321131962455747,0.022706218991033394,-0.015632437418067323,-0.003929571153495616,-0.0046242871795491,0.004374836855093737,0.008867531106241517,-0.005375453226224091,0.004340392460316247,-0.01692496321978184,-0.002126817697111107,0.01585385431634025,0.008362238999958166,0.0016840787868186158,-0.0098664066133473,-0.0005141448334881095,0.003887146308523587,0.0039064530874337545,0.009744502854068006,-0.0013555766641169605,0.007735768002993479,-0.011441199531045637,-0.016368908042341104,0.0023581955252649435,0.0023555528581581616,0.00888622809868666,0.003243404633270203,0.008648818435598778,-0.004206720908373361,-0.002553247511765829,-0.0040478409358676625,-0.002031651462659703,-0.004150885468762156,0.005353658988945343,0.010534475281137335,-0.007048853255196099,-0.0011504082160603683,0.021098984951237604,-0.004366193217781896,-0.00740223311965877,-0.006326374516626826,0.004742402550433257,-0.0009948640499188883,0.019218450089787634,0.005361583349573687,0.010227250450771127,-0.001660482459827267,-0.0044298443938517165,0.022662511447088203,1.4876597702865538e-05,0.020271386488953283,-0.006061619476536401,0.014708967914606779,0.001467451743890692
-48,0.0036809790279260335,-0.0020409962055408315,0.0066511403840316076,-0.007781393706290727,0.007454502647036233,-0.014439588897906684,0.0060306403808468596,0.003294113262845196,-0.0070651660001652995,0.031248914491660833,0.008595443497353049,0.008520469669543085,0.015590020450984255,0.012457477771523858,0.004731677013314182,0.0002841135967224526,-0.007394815787967447,-0.009322264176587868,0.009922742032257667,-0.010888271540228082,-0.0010921504733878893,-0.005076183792575256,-0.012389686597520332,-0.0029958480924846985,0.012642511459656402,0.0003324150665326962,0.013554479312365081,-0.01503061427243149,-0.0066392229101627665,0.0052305978570890725,-0.008246792971206023,-0.0029077045443743925,0.004930742314396891,0.011039003032758446,0.012866468826235598,0.006180938151807152,-0.005342020381702845,-0.006765889964908997,-0.001783657441080817,-3.194811239016224e-05,0.00488351057867754,0.002478872977228983,0.0017487566242024382,0.006191841944079287,0.013524604679263242,0.0036193267018728853,0.02834811246923285,-0.0037653051053244757,-0.012282134989730614,-0.0019131721172939847,-0.015145308372991556,-0.004210042879950071,-0.006329182436787479,-0.008594738965803154,0.019095673519668677,0.013397553952323234,-0.017342526069711525,0.006901322286955,0.007467105773035317,-0.001124500135792822,0.007244332415616541,-0.006441335854059042,0.016547760492221068,-0.002019353952506248,-0.006990913016231745,0.009096207834648665,0.0038077011240358885,0.009026110619944608,0.008605303511968407,-0.007209752269709201,0.0103251082448501,0.012469226278272665,-0.0015448308750258028,0.01303787812679004,-0.003422832961260845,0.0030303320202178623,0.0019494239519851245,-0.003505869805626974,0.008233594010568538,-0.0019740003913656483,0.013416060557311914,-0.00976843386623965,-0.0026841364060073694,0.0016823695919858702,0.009870716216497728,0.002141230721084423,0.013622371396880273,0.00011737479860879536,0.0001808796710984031,0.01549056205256451,0.008223033420833106,-0.003310774380841117,-0.014580258422460185,-0.011569152494497645,0.01946528111253422,0.01049205089530921,-0.005523410598291203,0.002480717345535344,-0.000982358547504687,0.002990509816341109,0.0040610045639632416,0.021163871471481036,0.013310028902064504,-0.004630485554611721,0.0017992515412066168,-0.00025137966240379927,-0.011213189346683078,0.00042553461917673395,0.0046312282560084924,0.0004743061165879835,0.01712423291870971,0.012029325786560482,0.017496475362296107,-0.00027841005860507976,0.011290235952549531,-0.010349438804721762,-0.006989871534535907,0.018885432813034564,0.02039107517834665,-0.0032543618881921265,0.007204164417980844,-0.0030535064306452505,-0.00019646471456806784,0.0044096214206919395,0.0016016189605727845,-0.004244933390452189,0.005020184941632057,0.007513269989731491,0.011432277067112523,-0.00380201329224441,0.00197215256286513,0.0009354265240238573,0.003619724369886292,0.0014533705544135262,0.0011013588438208567,-0.0043372744700838515,0.01699445806847808,0.002581266618817599,-0.004673264418074246,0.017702569173908687,-0.0001836880481703878,-0.009080643898143012,0.007354137301167041,0.014161823795308484,-0.0023297451154368548,0.013078428706498996,0.005643628680274866,0.011406880400051451,-0.021372767265531084,-0.01077328984793472,-0.0031951289674423287,-0.012057079935586423,-0.009059363496147204,0.017161302791699973,0.0036421514884220395,-0.023748818198078538,0.0020597832663449517,-0.0015785609112507668,0.0024345249563170438,-0.007119483360783101,-0.002534348037038339,0.018498456252192493,-0.012637957171555116,0.0004041233443579733,-0.0038778400486845273,0.025035186019383843,0.005907720702974242,0.00385094125167023,0.008802620404054825,-0.005883658329378188,0.008622707082996214,-0.002303543274604492,-0.006905798654573065,0.0012893202694412521,0.021984461795080408,0.009421204583216236,0.010849119520825432,0.007262125108684799,0.009743994441548654,0.003653297072991336,0.0026718256738403564,0.0017749581627566585,0.009660526295312121,0.014571523747415095,0.002735344058268601,0.012598038256085436,0.009920306695831006,0.04105761606378739,-0.02097636304877279,-0.005372984950444582,0.008714314418258415,0.004387823925930139,-0.007068027883711914,-0.0018904287880494083,-0.011159008814766344,0.0032700644356513497,0.0009622746789026599,-0.0047078768851652195,-0.020075486180616338,-0.006411446989238914
-47,0.0029165430917896568,0.011105135351202142,-0.005765584689061692,-0.011563992341015454,0.01035692596887675,-0.013933858625856395,0.002885687713119711,0.005397710605296034,-0.001969983433744111,0.01291941317291263,-0.0077639570591124495,-0.004119535714297188,-0.003769884654355965,0.005878258841770976,-0.002636041534991532,-0.0008326201648100216,-0.00892411112869135,0.00044433053760519836,-0.017207489137035688,0.020856719955612647,0.003478273299663933,0.003272371302778211,-0.009081509259586961,0.004841470248051865,-0.00018264775404274163,0.015153614985932326,-0.017649247598725316,0.006625915275281988,-0.008063513379958963,0.007978331218037553,0.017057322789979693,0.0019456030038072013,0.001723575918957326,0.012163938326266489,-0.005506928188086851,-0.0015131083784252447,-0.001953466949710429,-0.010446517608911616,-0.0026677401158090312,0.003246605548559168,-0.0023688566188979385,0.0007220055000904627,0.005413561414326097,0.00966561901320068,0.0034411945619434807,0.01628040473294904,-0.004034046521919009,0.006384941085002449,-0.01904579414798463,-0.0030752472556907734,0.01627558471671693,0.002812235723215861,-0.0021595463422878513,0.013415685859680938,0.003744002062979702,-0.011657489989029523,0.0024083423015499967,0.016226516398447202,-0.00041697131587328535,0.005705131761723253,0.015564968318703791,0.012320917360120497,0.005338262675860404,0.012448925645433154,-0.0019261124581993606,0.010429786605144683,0.001452127785001999,0.012164326303903142,-0.004290696701879683,0.002186968034168156,-0.001280660534836491,-0.0038123318772247026,-0.017232836591000052,-0.0034361733827773786,0.0011437245920911461,0.0024594836752949586,-0.008050196277561652,0.018392699487668692,0.009841902017020556,0.00990459775667756,-0.018192070717143693,0.0025198386299957916,-0.00018404193914502284,-0.0005558936696033216,-0.013921040680836397,-0.014272616508570413,-0.003833978241970941,0.0028866904706696763,0.005163956652496865,-0.0028863940029318917,0.014802706406136434,0.0030079542622851872,0.016095695215860052,0.02314943688901788,-0.010780854193119848,-0.010822420170059188,0.0009405885037738807,0.00525833326555007,-0.005874693428463678,0.0069067073743816505,0.015111667433507125,-0.01403128248925583,0.007694252516850245,0.01815285092123582,0.008577881050694933,-0.018970543092290657,0.020328825015499482,0.014127776696161654,0.011087869429568773,-0.009100807645324786,-0.017161057048216122,-0.014218292803470148,-0.007339850708173799,0.02405300275445204,0.005500120973942636,-0.00017829268704047186,0.0028484773104274844,0.008668877559562178,0.0026940094955475048,-0.00718944771298257,-0.005316348122531204,0.004132251816683964,0.012025993110597197,-0.0016441827752856314,0.010779654256295366,-0.012371779196045424,-0.012399692672906871,0.0018382511598007383,0.0031346881599135677,0.0021345283791978625,0.01180403983248976,0.014479801887360779,0.002985101015006296,-0.001252872419164964,0.007030309607699689,0.002719096168792203,-0.003794582606725524,0.004624291418915662,-0.008031068408431265,0.010968757983188554,0.001715019576677542,0.016147022255036607,-0.006013430686195382,-0.0009947380314311556,0.013521712769093551,0.005281333320647481,-0.011838613194942815,0.002345775177820943,0.009795199751688584,0.008769877943042043,0.0048079452797845906,0.004551022469576605,0.0037344245902849876,0.01611493722828619,-0.01147864969154837,-0.011080147154948662,-0.007022733320818606,-0.0020623419026157756,0.020089494451463904,0.013240303942836816,0.007015776910760354,0.004840375548311446,-0.0005995427770302433,-0.0007844968934465641,0.001535843528194536,0.005734196882720914,0.015800707932329197,-0.004738686356148674,0.02527381234147388,0.0013127012024760408,0.013016965072161884,-0.009277105865750512,-0.010567050205301493,0.007927338144844556,0.007155776181425124,-0.024192658896452876,0.00996171826199457,-0.004254075280164211,0.017837430739894813,0.015105961825174034,0.003784094388376276,-0.0026964879900683255,0.00789266620004966,-0.01430809865694101,0.00222688825672187,0.020105974783729885,-0.00976410308024495,0.007518565461087992,-0.006345202332233638,-0.0001258486938229761,-0.00032731853649364123,0.008928098071202614,0.0015572536306717607,0.006680980873648296,-0.0017218538913965973,0.023400232426088102,0.008148720350067029,0.0004298645014489313,-0.011092683300917089,0.0012705163484213614
-46,0.01174582795241044,-0.008641109906555818,0.0014656781348348607,-0.0016051652633092355,0.015583474001577323,-0.016081693320306286,-0.004299155191530202,-0.014181215812171348,-0.010311144956524177,-0.009581513117377928,0.0014191574292286653,-0.00383024764393594,-0.005206046958775648,-0.005747783804001212,-0.010384602542012327,0.013051709382381139,0.0028802982355752337,0.008715805605259147,0.017202045591655595,-0.00266419548211036,-0.003137582223008231,-0.007434610193673143,-0.01239498653608568,0.009090560620680962,-0.0020977583861312914,0.0075716607603162,0.010395465139023143,0.003582829193256606,0.0029226254401698284,0.015391350819006666,0.007902287074377293,-0.0073839149023709125,-0.010074508572790082,-0.006006209203255605,0.018898853118490773,0.0037521557576414765,-0.005746579156064418,-0.023733730532428127,-0.016427248514007904,-0.0021419198451538344,-0.005295828535480836,-0.01027760942489377,-0.01388477210444393,0.03141786855531568,9.448745045367727e-05,0.004501767722632206,0.016249726060833018,0.00449928656968957,-0.015053372453628002,-0.0071432103537726385,0.0004936556343345432,-0.009360212181226187,0.014195610175008701,0.01200607396121488,0.01571319557946866,0.010436609722353982,-0.012867609589563993,0.019069194548395417,-0.001532474042368236,-0.008044719254827934,0.005282467645080002,-0.01242094168049614,-0.0005222513868596208,-0.002561256579152115,0.013458098059449855,0.0015324042401843262,0.0025832320201363158,0.004319956707252822,-0.0033013323064809866,0.0049277908101354306,-0.00734971414476596,0.011688271102033077,0.009397126267273168,-0.009395264577829066,0.01199904862856253,-0.0021815088153679944,0.012320273897592908,0.026839944272645033,-0.003947337356436802,0.0020652833835884425,0.0038780176342270564,-0.0027604011728806954,0.013672583303670001,0.0028968710560523473,0.01961752432252178,-0.007556373729607073,-0.00048338440143975807,0.011501341823775556,0.0060150981215177785,0.012949857339385381,0.00875640185829272,-0.00015358265887619816,0.00882702780020387,-0.004728461566887316,-0.0010833822887829935,0.02526959424448676,0.002156865829050324,0.010189302868139743,0.007621707659353728,0.01458763122151228,0.0019054885934389118,0.000982533579611495,-0.0010239009552726248,0.00026115863037991845,0.003124779085479343,-0.02471023040020918,0.01566465132913796,0.0047319566569423805,0.0029034211647460464,0.007420981450875091,0.0008253723633041242,-0.0008907206854955794,-0.01103353291156901,-0.0006339680162264077,0.0013647604967931576,0.003890675607890404,0.018724480307716677,-0.0040617178800143455,-0.00522364034455167,0.007239395870695378,-0.012427689527841096,0.006525407010315468,0.014868875067241591,0.008675165016494396,0.008293130972899687,0.012977095608212242,0.011485469874774014,-0.005046187023025303,-0.005996212687627086,0.003442289845328122,0.0002753648357097446,0.016126506412033795,-0.009349436491660063,0.022547365964139813,0.008009998469455454,-0.010332799128636602,0.011576992055968682,-0.008001245637663138,-0.009045854561872716,-0.0066636227429261435,0.018962329341517266,-0.00446239281860778,-0.008217710158674662,0.004728050427948201,-0.004232953679707089,-0.0035005781433618635,-0.010176630632278572,-0.007263192634827444,0.0023959736986547647,0.008506944202642319,-0.0053417486261806025,0.009805428648114185,-0.0020582311228404568,-0.0020698621024324098,0.005384696850498838,-0.00410328676399572,0.013230249081509238,0.0025718087264120916,-0.00022373666939366722,-0.006451197998775558,0.006069244384408345,0.0007246320884909973,-0.0028374184166646533,0.01093383349413572,0.009291251969484748,-0.006816297789658884,0.010384167892865982,0.01247325923410016,-0.0029844867334798786,-0.0059523335380610685,0.008039171905624904,-0.0052008041151821605,0.01946315508235438,0.012263458659101981,0.006198764771057649,0.01447823059079864,-0.009137885790496006,0.010271667038235208,0.004006744725311029,-0.002844907199964049,0.0028241392228231447,0.023885521935461177,0.006889098901118433,0.013942674939382112,-0.0017037088853899224,0.015961967575476983,0.0006929933372464918,0.0015801198770516447,0.012773111495387264,-0.008779485637544972,0.0033403276739129915,0.006190748138703702,0.014021763393094836,0.015146838845395371,-0.0007610970575731612,0.005148431345375286,-0.0007222683915454162,0.0032911001003431,0.018423599651717113,-0.006889121589369249
-45,0.0016298411169037804,-0.005209599884473427,-0.0021169037985446742,-0.002278527817444928,0.01005995581410465,0.0003716075053831827,0.01676292043429023,0.005431391222525823,0.005669748208254323,0.00611186115328099,-0.0022492905451172644,0.0114255832033981,0.003506328653198268,0.018543628007454658,0.0014721282765523588,0.015836862742406012,0.008080924305054712,-0.013851684839909709,-0.0020995320301327755,-0.00697729670086652,0.014610400871192525,0.023463306471813904,0.0010031715225002347,0.0018598870505906681,0.0002837355441358937,-0.004528945708385098,0.0108750403497914,0.01414267786298389,-0.0012957481319392423,0.024241160484474587,-0.010801180458853829,0.019375797903420262,0.005096559535329065,0.00347775311735568,0.012216303421858763,-0.0005933875787661282,0.0010774730267336286,0.004737213592972465,0.008969808527503214,0.0012594572021981565,-0.004593894500628894,0.019687609446323764,0.015581821196777916,-0.005975642808247514,-0.0002609278441238396,-0.010126362092794038,-0.020239855704251918,-0.013225895106061267,0.00554512160342263,0.00522883327532507,0.020184994545579774,0.009687591376348796,0.015739807739700063,0.014256074440876083,-0.011610760838852473,-1.8018738316342812e-06,0.008744377515281032,0.001919397549547233,0.018162973118740662,-0.0011653779455608857,0.009392527787931572,0.012463645933788915,0.005262324532327236,0.0074698586005936835,0.0037499314946917513,0.013982520630240254,0.0035401508779066607,0.014026682213876962,0.0008933396688142687,-0.007903671473814938,-0.004717005118507197,-0.0004729286301700642,0.010900775336900254,0.008793476631952695,-0.00024050765108216436,0.002825483493480257,0.011400415587253177,0.012904422504180045,-0.0034278940459612542,0.0058251885308705665,0.01259707996627667,-0.015098374825616394,-0.013786936857220206,0.008286616588950538,0.005499442331216754,0.012322676897231795,0.005044250274002966,-0.00048013370327087143,0.0014726914168985694,-0.0013605477324335493,0.006548877666467555,0.003744107215095941,-0.009194014886232548,0.01618145438492698,0.008275329959840993,0.005156771000930471,0.009328070436170517,0.007777313030616807,0.01137430241194677,0.012394501457238968,-0.0037682149808247896,0.013702892179844673,-0.004217631188895078,0.003009430921395309,0.0006132470937063985,0.014639369559779866,-0.0010061010988356386,-0.004095681901411605,-0.0033123123658860966,-0.007296931568960276,0.005140052198920734,0.003152079218337554,0.013521957778272824,0.006067464806946287,0.02344003507454292,-0.007330161361498427,-0.011174952148551263,-0.004720119753422659,-0.009416197817247373,0.011749206978708203,0.012017309081941001,0.02749118573378847,0.012344876455465092,0.001057085390249548,0.005926032261923295,0.02068266848990804,-0.00471377456905198,0.013109317006025367,0.007010923770494905,0.0025341597341628093,0.00615465195697106,-0.012384338556787533,0.00928512613616065,0.0025105440606838347,-0.01146749070601346,0.002593117314092491,0.009741865254148486,0.007647489539815288,0.006793230620956519,-0.0008944133167780662,0.006235538193729146,0.001224906085688442,0.0030164686515511165,0.009654400193545963,-0.012771946269687277,-0.009049072526029385,-0.013429484673378051,0.01229156310781625,0.024245338273420545,0.003643297144853565,-0.006499190208389434,0.018813814389610283,0.014961899547421135,0.0077840952184115575,-0.00578211836773394,0.004370451127102147,0.012562325737046132,0.006520126973978526,0.0022141605037064764,-0.007485569316021437,0.007329112852178679,0.010264817415809856,-0.004639374924700589,-0.0040996745613025,0.01551719993811648,-0.0014469511729354573,0.006749925224093159,-0.00633986002021769,0.0024578920105743645,0.003842053495739349,0.008832697800586167,0.007533081083008767,0.013782172505669196,0.013446774203058275,0.004125667364036795,0.0008315340996020116,0.005561374585031221,-0.014544771373022505,-0.003757545506575571,0.003150368488572748,0.02442105132619034,-0.007729816075571586,0.0018544281236784615,0.013703520744198885,0.003746466420926694,0.009655249934082788,0.022540994460561174,0.0018652899398893155,-0.007592401656404322,-0.009332537443146282,0.008054127091420506,0.010341209088299991,0.011074809563786784,0.0111757335994557,-0.014355371642222692,-0.00624327000330697,-0.0014268602174881324,0.00415453695682996,-0.02221903952586552,-0.016744436029911283
-44,0.01540703337602532,-0.007773738906261101,0.011378271302328208,0.012026286158628822,0.005776280520804105,0.010412632999659716,-0.003037007909461229,0.0011626831081667402,0.0041058468865814695,0.011590783250910943,-0.002374555281340492,0.007615134370342277,0.0037533143090976743,-0.004990090521663203,0.0025302770001607534,0.01184791169959343,0.005545169472382608,0.016648339787540635,0.0019929802517549217,-0.004924068848821517,-0.018081732077387,-0.0006363206778631936,-0.002742342896797748,0.0001766969581952658,0.018514097652679883,-0.013135852007790948,-0.006032897601028176,0.008759850567818389,0.003955232978716333,0.01946409355536212,-0.003313177851824052,-0.0010933120958006052,-0.014565241953351921,-0.008599688567691067,0.0022181543050436314,0.0026181004679936256,0.01210521499967347,-0.009210339167524692,0.0029297897234938607,0.014864029181929646,-0.00878051455691614,-0.0008116813910849967,-0.01229125871734758,0.0046099865186591624,0.005901514554002306,-0.019522527345598693,-0.007618596348559227,0.011544391557428604,-0.0002507992784424977,0.009850028680425435,0.0041210478761602685,0.0010589853480295832,0.0008139510240267652,0.005979686286309112,0.007105717905845223,0.014161685804633744,0.009616670770032355,0.0026744053884959597,-0.017661374800786767,0.006862359363318665,0.0194888560587317,-0.003883826953946448,-0.012220425486797179,-0.003081017151426656,0.012407669200746672,0.003754903206905246,0.010000461144108616,0.011805542531645147,0.01037085262156756,-0.007996673728082363,0.0023855190628632988,-0.02108992546730171,0.0023879087296227106,0.0013568074687503912,0.004965780357967785,-0.006685976115162234,-0.001814123479779206,0.008420211757704818,0.015491630115704862,0.010442805220609096,0.0076205574973977185,0.008070062782897958,0.025878847672705665,0.01978287658919327,0.0002875495813938773,0.00418615523598595,0.009132663340159206,0.01017448694776179,0.010085359483429944,0.0038281532731183135,0.0022892673271078688,-0.013153033957905295,0.0028441111504633274,-0.005199985017063114,0.0004559358654398992,0.0180527869655243,0.012221181664507768,0.00806956603650913,-0.0033486214597228236,0.01601095703261104,0.0027029969550477796,-0.0006382419749666295,0.007543033911340424,-0.0071627084384694555,0.0229646404175124,0.015535090246303852,-0.005417933822025349,-0.0016120733637121527,0.01618792246701288,0.016507956417069453,-0.006849040095229636,0.002545222872561674,0.009361998067074976,0.007941147002881052,0.007195572304336932,-0.005360338331718803,0.011997575118665046,0.010045435866113964,-0.0019804366678416703,0.0028893804288680934,-0.007506442046929853,-0.0029052934734613584,0.004877878119008492,0.006222044959546574,0.015577687677602666,-0.0006323890697206144,-0.01047284544083645,0.011917150527392197,0.0038367641687033142,-0.004838535128755938,0.0074119902327752386,0.0026658713498055884,0.010621078136607374,0.014121018783449787,0.017026576749251687,0.006065816972842607,0.001757367322977136,0.0027896589926490406,-0.003141683401896538,-0.006066983176602463,0.02673301176062455,-0.015415895759833598,0.015823489323970704,0.0025395029353600124,0.005193233432949465,-6.109602647913145e-05,0.0015276875314615,0.015772076761422636,0.01998466652859426,0.011570370488489454,-0.00046032166843889156,0.01289346763367704,0.0106191565620001,-0.0005383044836348178,-0.00437505779776382,0.009113479705776627,0.0077109635316552705,-0.007498823737875943,0.004152284976132179,0.008683607630107592,-0.011907747367243045,0.024101777539908192,0.013644626265662079,0.008476066596842914,0.018076494591028926,0.014570563607695835,0.002425727915522055,0.008105330619252494,0.022438021281888557,-0.005979475706872321,0.012619905874437256,0.0022604399956637333,0.01932853762032436,0.010251463756776616,0.015209424892631697,-0.0066173424055032265,-0.005290726294673458,-0.009572424138017222,-5.375335880916567e-05,0.015410061249499177,0.009277420412328256,0.009773719543471197,0.006098174890454415,0.02369642811567722,-0.004767508412332347,0.0028803042444737856,0.004658157962164227,-7.52804306407744e-05,0.00605356915427163,0.010805978019260476,0.00580000749533528,-0.00040858196323513476,-0.0030853552499431457,0.0010867656813810874,0.01692035076749824,0.005930192348781695,-0.018561170131602082,0.014608690742599933,0.020434855746856048,0.0023783865779846477
-43,0.0185703536645673,-0.010361272097351555,0.002208750824338474,0.0015857220762323762,0.012931822213221603,0.01835242182897008,0.008207668650985975,0.014392479957778235,0.014096765248914749,0.010165635975645545,0.006677092377690617,5.8121798368789e-05,0.025133343874191003,0.0025507139522860326,-0.0015258950404074077,0.0028033874044385274,0.0038724674521899557,-0.014604020518237434,0.013003948726016937,0.01002207938611863,0.002169580507303283,0.006564914674489839,-0.00025951812974641265,-0.008587757624981604,0.010599576542553802,0.010207091508643986,0.005750009521375055,-0.009560868903804176,0.008908283435880876,0.021952191558114433,-0.0022270777969131362,0.013590746646172453,-0.0032899634970117424,0.003913191648221545,0.0009126732221317064,-0.006051046478350936,0.0001322606634185262,0.01268006126030453,0.012116811985614533,-0.008314573970560101,-0.0039543240496626424,0.020766617223277193,0.015453444494127179,0.015900515477720173,0.007561988355251311,0.01593520144623294,-0.004303121341854552,0.007619126271714506,0.014312740202158966,-0.003002231926396653,-0.0076937508500806336,0.013178432954964814,0.008851392163434675,0.016700504996552786,-0.012254041615161911,0.0005000081176959022,0.014687924970942236,-0.0018370442324020329,-0.009862928202619596,0.019672120887696584,0.008178537699220004,-0.0002070371964427208,0.004540872742124181,-0.0031624380587562187,-0.005226813489747288,-0.0019139506602193629,0.006596582408659154,-0.0035469272723060944,0.002632736515746112,0.00866355349797746,-0.001118554129369122,-0.0024205262272722124,0.0003228637268544365,0.021901117746667285,0.013053199210183572,-0.018220457649209845,0.005719024653695378,0.01126242090773337,0.00845688938726815,0.00015940466786157348,-0.009472474565375527,0.0011312083967868307,-0.009422211182368865,0.008021036448308157,0.009070741236721866,-0.006068752506228731,0.02331428157134516,-0.00011176462935911201,0.004265774640878248,0.01959175271079376,0.00837134190220886,-0.009510697388658652,0.013260940820995432,0.011781512858923468,-0.006258884471678175,-0.0011869599263981687,0.008020874371480555,-0.0037366119251971506,0.011727856824354904,0.00852154801295149,0.016250438895771734,-0.0014166237307770618,-2.053028834992851e-05,0.0018785572950488138,0.0015875596167943076,0.004389891785090552,-0.006467823255770113,-0.006448633210439578,0.009736797981213925,-0.002797807375800011,0.011113619097927331,-0.0021789777481099545,-0.00035800849168524974,0.020510922599947988,-0.007132300672853415,0.016966189518293633,-0.013198888251197416,0.004077869869250724,0.00042782833802378073,-0.006335364743918543,0.0036528969442168437,0.00882270064510101,-0.0031293420898690985,0.01615642579320141,-0.004436765798440628,0.014504206521647094,0.009164090764049997,0.004968556587504463,0.0011530830366877705,0.001693281229599893,0.009868829347750959,0.012495744937206062,0.011228823668250586,-0.0024653517865266157,0.008370532820019075,-0.0027417537651801714,0.004561375924960685,0.0075412469524303236,0.007398110737686805,0.011157412897916337,0.004599594036920692,0.0042707976599647415,-0.001286376966076478,0.02627785074146585,0.023127908727336832,0.015082734035857819,-0.0024443067130927006,0.01251184545314787,0.0006920443508721848,0.017555615096774384,0.01970603112218134,-0.014758984019576173,0.003282630214571568,0.00782126545243634,0.01668698305337857,0.003267915926253984,0.009581079177176415,0.006575245464281067,0.008814614868774091,0.005815792166187219,0.011436832490236715,0.0114500778422103,0.012295051097314196,0.014553622952881698,0.021978018369924725,0.00633890605979894,0.004366846966093131,-0.019073429557275822,-0.014662377845646689,-0.009373914715279033,-0.01161146666517008,0.009440426350626927,0.00394087134801332,-0.005770801100721814,0.019186642082148195,-0.009518003155454036,0.0178624778260248,0.004517789879232857,0.004463670392968946,-0.013891119534834087,0.001039811441276264,0.0036719249694896635,0.001649581064629048,-0.003938024108366687,0.004506126760679953,0.01719921761566848,0.013522916006316672,0.005748437905788361,0.031433380636083405,-0.004552482667575724,0.004887171519702028,0.0053915667161175285,0.0187827007138754,0.008287795174071893,0.003431900832795108,0.010441385973823821,0.015112181459145316,-0.0018314675967601272,0.013186059983629412,0.0007565493399380018
-42,-0.008193215547875533,0.0025699911005738823,0.003928339879152452,0.0036539316876882137,-0.0021954945215722403,0.011267520847597256,0.009152147177652045,0.004538240651323395,0.0027276740791689394,0.006371152316096053,-0.00736722741273036,-0.005030829289708562,-0.011942879752806605,0.006345900403438713,-0.0015455608650014833,-0.012879845588113777,-0.011365095069215632,0.010568699964263652,0.0070146806679070705,0.0026771732028840747,0.012637642855865334,0.009015077190507984,-0.012104140456733761,0.02127902867969005,0.01019788054158308,0.012119580226974241,0.018949876787125414,0.0044098055928968195,-0.0027495897505514033,-0.005677318985202678,0.0101174585321178,0.008791670713116453,-0.0023902997403274498,-0.016404156919628286,-0.0032952999548559398,-0.0038626660192020946,-0.013468961125573331,0.009096547085750063,0.014465048810827302,0.013047147646383282,-0.010022723702843562,-0.006793807655130111,0.011475075565165754,0.016466854705748223,-0.006963664471912315,-0.006827426239768882,0.00779863896902996,0.00269775048666325,-0.010805125794123693,0.004060905664155291,0.012839219140872958,-0.014998914606060683,-0.0019406199357727312,0.013565379424463047,-0.005334063248951442,0.008873142357105573,-0.001999484133342031,0.024789224547541375,-0.0006998898270847015,0.000563717429308927,0.020335805753714315,-0.0005980519807919776,0.0022840224041296483,-0.011108964676249,0.030682065335987434,0.011128153042929377,0.003920442288911567,0.028810155404202464,0.015859162098660434,0.012512475986378328,-0.01063732861111926,0.015932500790245746,0.019044905129031415,0.0064827918010601565,0.027818832459605307,0.01024017727105986,0.017635883316704702,-0.014245346756776078,-0.013811807415895928,-0.007367537581775103,0.019699808657785485,0.004049152619113797,-0.0070166977043172865,-0.00115773103939751,0.007776755594617851,0.009049355001289902,0.011791545251155326,0.0007250223300559015,0.010764432566981529,0.003534718328328311,0.0069610575092668965,0.010574680008532879,0.012016231400776902,0.008907582627617351,0.008210710732502739,0.007007422428579869,0.01617420550308188,-0.008574691041997332,0.005460538845208577,-0.009076355002887716,0.0027102720043358283,0.0021344550856495425,0.019674183840266198,-0.020205567044102864,-0.00018729700040505566,0.003946237801568053,0.0014673829609933436,0.01566610193871143,0.009597389992027559,0.015767360339035058,-0.006080542883987592,0.0065595995558494335,-0.004767253370521039,0.0015271816372215549,-0.0005991568986364517,-0.00483961499695216,-5.708349430991449e-05,0.008544238445355344,-0.005538139865385144,0.00921674581361678,0.0014071426470407128,0.0036480147328217596,-0.013110690365341106,0.0020536785748888134,-0.00024405694706409672,-0.011551362343641142,0.01988328191924052,0.005037178104339148,-0.0018495676158073885,0.012517886759347908,-0.007598559174990871,-0.00413257856489756,0.001939580427712433,0.012976094476156587,0.002041429733840965,0.005006006768549308,0.006596322452731173,0.01608858941802707,-0.017222469736261833,0.010522975791329372,-0.016002608733096606,0.004864884216974454,0.0004648700046604075,-0.006413095421848008,-0.008942546029101488,0.01630357392129622,0.007217432930052277,0.007875063469600315,-7.928920459157e-05,0.0025728272850836526,0.011308367524622047,0.017969240925761652,-0.0017358043080476643,0.004158293993625043,-0.011126306514589939,0.005213954442574199,0.013330486413361372,0.012802583181643536,0.011321945748611405,0.004230295228102617,0.0033303629614478587,0.011474270269001722,0.01828931871716751,-0.0010769831561671965,0.005367310747102654,-0.003564659182404788,-0.005032540917315376,0.012572705627673365,-0.0022972643650116973,-0.012794144508335856,0.026953183804393294,0.014619474463530995,0.006985687273282826,0.009849119929387874,0.007611258029769801,0.008974965837691987,0.008542472651578667,0.015205419645962934,0.017781505223069424,0.0010003519546113657,0.005324932938273088,0.006765532345472135,3.888241704466319e-05,0.001756963397391822,0.0020155837661575433,0.001348793456792204,0.004703769446686382,0.010907817948506517,0.01097021696440824,-0.00993448891923682,2.2592277866136448e-05,0.0056082282455164,9.747405255133932e-05,0.00021823757969169355,-0.0038623252548717147,0.012482225675041415,0.00705704494290968,0.007512614421448553,-0.007106592754552737,0.016863110473505735
-41,0.020274669592090365,0.009158658390814575,-0.015840553207173824,-0.005211037878179502,0.0024149882229266796,0.0018022074630462898,0.012359307583713496,0.01620361089248481,0.01625325302155352,0.0023754059398311492,0.0066341998973699304,0.027999070805026945,0.013883121048519163,0.004069668245472776,0.009570174800886998,0.0017201746927571525,0.007707333277119946,0.019132304521455194,-0.00380695932735032,-0.003132143011587734,-0.0073394302214181235,-0.012647556103535122,0.004888654871323597,0.0057662902614711966,0.017257709471260412,-0.0014049982740091905,-0.0014328439718001617,-0.0015754748704297225,0.027145172205983333,0.01956247211701409,0.025214026032010162,0.002115102793726912,0.020849625644353827,0.003936066481367266,0.0015991092198365626,-0.00031380839615841125,0.015541733142191441,0.02342049251863068,-0.0074199993656569,-0.007766509230802138,0.0013511000305526108,0.0059561907166509045,0.019682058604554516,-0.008044469254897227,-0.00999238106073003,0.009575696886502252,0.0007363713664672832,0.01191658198651369,-0.005920857128950145,0.01694356602818968,-0.005183645043251194,-0.003925128078296042,0.0030722391269247962,0.000730509543916737,0.0016846497121404671,0.02011750982070281,0.01454584601356674,-0.009532107702596073,-0.0030141559847327174,-0.0012590931780673302,0.00011357663978956399,0.0031590679288559837,0.0028500711023957486,-0.005376510356176595,-0.006474616031606783,-0.015178409513255265,0.02495885048833965,0.012585079970004338,-0.005376513205721695,-0.000527441974215827,-0.012468868246579268,0.0014659590288501403,0.00588977630469202,0.0047121734075011475,0.018324454994017275,0.009078797202594099,0.01119434655144737,0.004923771695859796,0.011467290630740727,0.023846555612068412,0.008274041882784335,0.014564264709687063,0.010109870190204082,0.002512588462793763,0.0011833963381831375,0.016186683704036323,0.017468582579383954,0.01591958149434548,-0.005805201442292802,0.00918940365335454,0.012202187644426871,0.025739293944991512,0.006086989130759378,0.0012641728339532095,-0.0016202749704323236,0.00010156748115409432,0.006432396798374268,0.010563355720437564,-0.007658997564657333,0.004312065076812098,0.009165395117624433,0.016570859916057157,-0.014277670198653756,0.014872676994827846,0.015744329503771273,-0.012549210861046753,0.008214470448870054,0.006485737630344452,0.015663396661341082,0.008846673623503526,0.0065587033950755295,0.007580574369796575,0.010791948930024827,-0.014006670970346732,0.017919762301785398,0.013505026423650267,0.020868513145857977,-0.0007000063620297868,0.001769371186260962,0.01728789700502626,-0.004842768119817017,0.014541400300978134,0.01224211876465277,-0.021245460979689202,0.009076493307506914,-0.0024530002011579058,0.02809647995804568,0.0099991667859377,0.01486722533442441,0.017740440857251016,0.0038346687967857358,0.00205139250259221,-0.0006272322110171579,0.007102499956448075,0.010763566341512385,0.011027887256709288,0.016294886071374134,0.001954916680755728,0.0019951362927775875,0.021901211450471598,0.0036930031700086316,0.010847794959486847,-0.007023606550072875,0.0031266853545775823,0.025247322927280814,0.006420896467687132,0.011999190070154962,0.0012470154595599012,0.0014261855355773932,0.0126599535165096,-0.00315862642991985,0.0037019107542184348,0.011078211942446485,0.011180254407001714,0.017598028386467422,-0.012748962008192526,-0.002197116209419249,0.0070719000424579745,-0.007649539918293694,0.006768662564557549,0.0028524906994042364,-0.002958354038484848,0.025691801554547797,0.01607002374389476,0.0027661583672057974,-0.0010957667709148213,0.016093868184614935,-0.00541767875186538,0.005371345657958329,5.842735263746936e-05,0.006458890156441855,0.002944435052721257,-0.005628392635102211,0.01417149599144214,0.015629580714827215,0.016368257199712213,0.016357399994018633,0.025588788206981638,0.0002820353997573851,-0.009534941313463462,-0.004888024118945186,0.01427868559235898,0.01859058509799059,0.00032775859986422084,-0.0009059308191864497,0.012071372291764509,0.004251199706253708,0.003005615302302953,-0.0032672135236623727,0.008186246666606407,-0.003032672676070074,0.007647874543882423,-0.0016967757820035784,-2.2222443926786517e-05,0.0025310692725587823,0.013204654651005928,0.009227212650488969,0.001090648003636209,-0.006547980483167804,-0.0016827922667499605
-40,0.013091098808747665,0.001491937857836561,0.016893690500657685,0.007717987335565714,0.0032693136537087107,0.01577816394736907,-0.009199791988887731,-0.00012198393115457791,0.020474357910720994,0.0043945860714739386,0.01826818137239866,0.02248375036028789,-0.008884881061093142,-0.0030964010621994083,-0.004514626914301088,0.018497600586774136,0.008543989985201238,-0.005698855435453319,0.0013016567269398677,0.009584598973302471,0.01722457060015156,0.01713518857472183,0.013684356506405962,-0.0009455232324966688,0.01717064283007618,0.019159114817558734,0.009498269023569414,0.01437913077189134,0.006706593595353662,0.012776602267364233,0.003915136426050106,0.010188052413472832,-0.0198956331953103,0.017109111451377033,-0.00027860906487011793,0.025473476135045907,0.017841552501233628,-0.0016351963815191108,0.02425249354551396,0.0060787118625329,-0.002314058791898701,0.001058856524130734,0.004907000616096866,0.003124681223998927,0.016502046929219253,0.006564626059698643,0.01856279515517271,0.001264996424551688,0.010461249470290052,-0.010956710857289963,0.023858490174879142,0.024327653556416355,-0.005895042075397239,0.015989753091875017,-0.012095429543295622,-0.00691735460145741,0.016539218514798223,-0.012151273179349265,-0.01751273248761109,0.011511794113610925,0.008180122712157312,0.0028095209208337394,0.007734571915907844,0.008074983035536198,0.004113739912614465,0.01310974486930625,0.0025155451971900092,0.021357291706536427,0.009272293166916374,0.013574736033434356,0.011846481003148576,0.00021174931223445336,-0.006276170667240052,0.01222282631072583,0.016014261306760487,0.020264756301684925,0.00543290087740294,0.004673667216389945,-0.0003703265314167134,0.010690248244590039,0.003272443676670211,0.01763023357956583,-0.002349717774364531,0.0004038385373784821,-0.005260463397017144,0.005463280042354798,-0.002989036059074991,-0.003075692958401284,0.003933302939161898,0.007180286603362004,0.008574364418132188,0.0027243052857507275,0.015826153445223996,0.008248690847397227,0.0035462466735700507,-0.0007846104174330506,0.029280792586091717,0.016724389298018803,0.009692970051989776,0.029093637298413924,0.01801316790406123,0.009866401993475245,0.007428408575395918,-0.0016212511785265093,0.0100620864655919,0.01168234073006933,0.024861893458515975,0.0062246460641978245,0.003309049916269872,0.031077339428713116,0.012060729171599387,-0.0011496334922234562,0.011403967107692852,0.015309720701926485,0.011647841014044553,0.013201453208117383,0.017351860425661496,0.003869011859429295,0.018602759811806133,0.01782880652034258,0.021781827618381683,-0.0039010817381227364,0.00843456472490922,0.007295800806923666,0.021705203895712608,-0.010849767867103306,0.0017815353083525456,0.005613996160903252,-0.0011492918651846073,0.007588828011229662,0.01317815466112569,0.003235489819777242,0.0032474158837278054,0.008696978118346278,-0.0024364204340694357,0.019622399888964016,0.019333351369828947,0.0005720838367900011,0.019608254802663604,-0.0024973319900394664,-0.00039092048241067337,0.006423140053865478,0.006707755676860232,0.010349175208886428,0.0021405789411385896,-0.005605422918806796,0.02541931306767199,-0.008185047839169405,0.020495248596328283,-0.010375836595508284,0.006876741624078086,0.005377127106209564,-0.01520669618763882,0.022017993767747563,-0.003045042622390086,0.0014543446830160376,0.022410624394885247,-0.0024651726292231205,0.0015688832506685433,0.009456730197463254,0.01685785989663505,0.010967201477046535,-0.0164530315056062,-0.0025232485574699223,0.007545596766346029,0.016578333499042672,0.005470528340398111,-0.002603878039070387,-0.00057036626704498,0.03398930030248713,-0.00197018152965315,0.011117673358032746,0.011054864121576163,-0.009245218964210464,0.021465877051843794,0.01019706135693752,0.014173123274335902,0.000937481546548464,0.003811430367812194,0.00148475853794901,0.01991361848117288,0.013164763794537335,0.002771373274127583,0.010322243888751133,-0.004036607781492243,0.006746519287514757,0.010273486090151919,0.0006886007194159723,0.00020737829793309685,0.009382914309655549,0.0028877361303633097,0.007063120639483347,0.009331668680565158,-0.022517031429498194,0.0072678221304154885,0.001516926672518239,-0.012173006065798003,0.006066061568018005,-0.009049938022824479,0.008668520100502276
-39,0.0033692635903376945,0.004322833925553489,0.014688329435131087,-0.0118297126259106,0.003419375334125816,-0.0067769529968075,0.005551359382597305,0.027108143029551966,0.01857421609739749,0.017522696576093618,0.011853013299900971,0.010906746463728387,-0.0018971586433204589,0.002202386391611879,-0.014368002538354574,0.007016892552234472,0.008600235502259641,0.0033140535788471724,0.012876904736023743,0.0311750175528399,0.005510321539204845,0.007961662408682832,0.0004627177439905511,0.01566609046593859,0.0058718094265913685,0.009917198773360595,0.002340437961558384,0.014367057548165921,-0.0013100469281531885,0.0071324357907276495,0.014058714161834289,0.018412005360937643,0.018972198926769906,-0.0036054826222551746,0.0058661495261566835,0.009280136345070536,0.010232395607666958,0.01253515960451224,-0.005318678843461379,0.011731859499630768,-0.012512416413777018,0.017947032573848262,0.016487990562960325,0.018294920393624382,-0.01569107400937984,-0.0007076532350489047,0.016545034602545375,0.007252925723363093,0.008827124305023725,0.017539628179356045,0.010436493895516562,0.02212859914681825,0.0014405126087767882,0.002571894657729644,0.013021691007416372,0.015961210464735025,-0.00039881949345095015,0.009948026538326398,0.019410345935410356,0.014135442304703342,0.004704585408303257,0.024376562193813532,-0.0017709713198256847,0.02198842317823864,0.023083532033543696,0.009402908916589122,0.01727646887087266,0.0016915217630548533,-0.010824803378412979,0.005939607796243855,-0.003625440967203332,0.0022733758855716024,0.010636596258306591,0.0005945947511707302,0.015454434531608614,0.029932396733871876,0.012239038127836976,-0.005311594902293193,0.008982074416171222,0.014928909974779804,0.01489975500608937,-0.0007690845392081484,-0.0007590490634446327,0.009535308784269956,0.01975939689854459,0.0023199132461071007,0.004554961272667857,0.019846411910286528,0.01226857065553041,0.00048546002455725906,0.0010127038000051379,0.014569227998996712,0.00466025853413846,0.007146245648262806,0.005780811822218882,0.01339039019600359,0.02249154444758615,0.0035110251446313938,0.021630846874256496,0.01290234050409375,0.0057333493296002945,0.0029924666679414062,0.007698681379446876,-0.007500686145447886,0.0017709178851382408,0.0051609327462196625,0.018151191313330296,0.0004794217777806843,-0.007897112668077081,-0.0015744243410895573,0.009175902549033353,-0.009669113211436365,0.002892160189684391,-0.00872197605346579,-0.0007436085305835335,0.008701122928074161,0.013387602103013752,-0.004256247459729433,0.01271634759363333,0.008956192069948795,0.007228223750803338,0.01755648509667774,-0.004762654962275065,0.004214728943274257,0.012333217374839639,0.013381304489224342,0.026051742789068764,0.001986317012001959,0.010427986036606586,0.006775747674301756,0.02550418523321907,-0.0062884815491981525,0.011096367128782625,0.0068782802881730476,-0.003025052548322091,0.02021964409052266,0.012288013372193846,0.003019318491974343,0.011012928011862681,-0.00444018719497398,0.015501809974473351,0.015629802968249507,-0.013173730316714607,0.0064689951212182975,0.011703488928942588,0.0029423536912551607,0.018791732385403652,0.005069856259732499,0.009040384877648822,-0.009938725071154932,0.02617751053967274,0.007021786143184907,0.007934325227560775,0.017130825903321902,0.0032879341960785234,0.00464064886973424,-0.00014797043869509835,-0.003368657828309588,0.005809214445308021,0.005629334766839285,0.011643532525665317,0.012195027218753578,-0.009458583697151815,0.0027244219440913705,0.007070399733177778,0.021263768715930643,0.006391583743351222,0.011341936600181212,-0.011337518896446207,0.013257093740751456,0.005383832407276886,0.006939030022434368,0.009081251078797278,0.003280048946981408,0.021902599434918665,0.008590282813979819,0.012743587585882437,-0.0020593968885086814,0.00524613590522243,0.01526130124689849,0.010719958757947366,-0.011173493407591727,0.00994252803982645,-0.009876973254456078,0.010261913769979272,0.02384485158244523,0.011382676060130659,0.011245511863915732,0.021585728316104082,0.009906410374506236,0.01773585389034444,0.014295282594358617,0.008856007272273397,-0.015558475068371384,0.016209574060835966,-0.004276173292778133,0.009454747422881906,0.016904619230425983,0.01087948926592039,0.007564959889341883
-38,0.032620813403255504,0.0012532448958290816,0.0064220045306783245,0.012630156994593529,-0.0037484878966250225,0.0028956053780008865,0.022982759359309737,0.01253831087001218,0.022435809874600462,0.004288850819924647,0.0037627316687263235,0.02848837929481703,0.013406086782951576,0.013631420525842423,0.017173447434920282,-0.005905075896183368,-0.002884197014466027,-0.0009858821015927173,0.006596706366119387,0.0006808976138821168,0.01960513388451062,0.007972177010910146,0.017191863813121485,0.006745629322363254,0.009723976312734908,0.011033047792983945,0.02033532748929273,0.015712877071664712,0.002281823414518989,0.008386660297736026,0.01842545559499685,0.015626234659918234,0.014926368535882733,0.009103202762846757,0.012910765646085658,0.0011453491566396617,0.0021105631038306474,0.012752350281087812,0.0018898052064137364,0.004239536373108687,0.007848861787796549,0.02922723415959898,0.01155055614651217,0.00943592476754481,0.02803679309316686,0.01842696774613048,0.006203378122160927,0.023047944948273797,-0.001564127163083403,0.006449726112487413,-0.004025096508939258,0.007733602984119116,0.010165560760871993,0.012484008739544803,0.01176185941103196,0.0006652846892510091,0.009575450367364218,0.02337502552344438,0.009201914251587813,0.026647295622113605,0.020231152229746786,-0.0072476434325340205,0.013016553746539681,-0.0003318951068471028,-0.0029839996846831134,0.0033212664614764888,0.014922467827567447,0.008476361630799657,-0.008094752342599345,0.0005280774981777023,-0.006044339179290859,0.010093586138769789,0.014242859638702154,0.0227852966847764,0.0238561152025878,0.024079997577489527,0.027052097383946663,0.014676932320079508,0.021362115234098242,0.012124669842164105,0.014893180397272204,0.0045838409534981455,0.016818744904581955,0.009361479774933998,-0.004592718590712239,0.008442033407991087,0.03281676305309492,0.005123268388528906,0.009850706150533227,0.004491076690024919,0.002605223895282065,0.017806493368521054,0.013708891173092694,0.0029062997345105724,0.014845408863254798,0.0013210798623816897,0.008551160180028189,0.015519842370780329,-0.0037172167364821866,0.013095432152939804,0.005925911854693962,0.01846650436067073,0.021106420956324548,0.0008602785826808852,0.014702112334212201,0.0027733276071587954,0.00856031289474341,-0.005165554884637859,-0.006310758962736574,0.017228979635020677,0.007620015032595837,-0.0017150184950715346,0.020376561795116793,0.015136523220542032,0.0013319920485850185,0.026984695579262384,0.0010439913400511168,0.012206913009698176,-9.605668346137838e-05,0.023589051681015813,0.021522627524611065,-0.00768623920975783,0.00444781732390274,0.008540412548941768,0.02846433466910355,0.016702977163725,0.007233458330734341,0.014183687619925861,0.0038184976662174333,0.0034853354292825704,-9.249649877068888e-05,-0.0012974122965946772,0.019757037556894445,0.018750708741045816,0.020823029027744595,0.02153885649220912,0.008080251361469764,0.020166935772903318,0.02738659528667805,0.0018834908896064656,0.0022197490935265563,0.018064555113976033,0.01002498775615226,0.014814860829252437,0.027769891644942594,0.017205597167550324,0.014302249710015053,0.001148096397452605,0.01924978484584195,0.024792997969061953,-0.01047410331381977,0.020870964090285417,0.0075495976943974145,0.010106764752059022,0.006604248017823313,0.0026129645446611137,-0.006706663054513909,0.008033791825120012,0.007797776945123016,0.017102856741400378,0.009126800293394216,0.013569580290047747,0.027638002030159575,0.027297690636756605,0.014712239103574679,0.0060922730728687965,0.01449610955300322,0.014754314086481202,0.008539177034888951,0.005728274245765514,0.006156539338914816,-0.0019010041796149943,0.0028186209985499354,-0.0036779804230881556,0.009997088273251195,0.00459190665251922,0.024472507328259504,0.01327202273158,0.0014741487492299747,0.018318422700841955,0.0031504686051116596,0.025769164799162747,0.013876542847077972,0.009847685414869172,-0.00501912633956055,0.011619286078858026,0.034270010048310665,0.03297911744750222,0.005514551792269474,-0.005404075316250393,0.01334488692276314,0.02302497820753071,0.012742987616842952,-0.002913678695121942,0.014924474873870091,0.009718888527822989,0.01630639671613214,0.017510661268509326,-0.012412284717428935,0.022973404637854487
-37,0.006356790304387465,-0.010971882473923441,0.012135931684805513,0.017781468831081337,0.012202173323007649,0.01792604621231746,0.01184268826830603,0.0014752330062537938,0.005372980558028148,0.007856964158508952,0.02096813182690107,0.01188153748290348,0.03321933244643023,0.003742942664133088,0.005656663691320955,0.016552161869106324,0.001048541581258446,0.01434995580059603,0.00395132067094173,0.014843603367139281,0.024547306947437814,0.012157676112743305,0.01089778527074877,0.00964593682384753,0.0029405913512095556,0.010792472221691314,0.012298848982520184,0.015141510471223914,0.006039512392040964,0.01958987455901613,0.014576749115795262,0.01319437492958202,0.00432620663023556,0.00841607201633054,0.01449009196138806,0.027521751815689808,-0.0071972244208080224,0.010137518226624237,0.008778681140053845,0.009382925502914554,0.002765836649571889,0.026617374991586815,-0.0025700859229500893,0.0059022714683012985,0.02216811830449406,0.02650951053586298,0.013647385256590892,0.007072508344100753,0.004304509124235561,0.01253681035640041,0.017779927397752058,0.00891059365208976,-0.0021875783357317123,0.009491555439398332,0.0015186439144585784,0.02574727530143768,0.011457097101416396,0.019131178440889754,0.0013412407043133963,0.01144821275425113,0.02086335527786777,0.02056868182970877,0.005307892300872541,0.028509333610812752,0.01937615334929467,0.004551249421980067,-0.0058843878835239255,-0.016276863178773443,0.004202965473585515,0.0107485389504163,0.01373561244267036,0.024202264364957406,0.01276197393089919,-0.01914868108715827,0.008311291231648192,0.01626567512505543,0.016659063885887275,0.019079911652710838,0.01025571290411487,0.0217271217583952,0.027236044471792346,0.0014877630876843177,0.010199429394273015,0.004012323206591191,0.02221949495412992,0.01680826290634117,0.02852355591211319,-0.003967973270868071,0.004851658701915154,0.017680698683740084,0.01988026855374004,-0.00017367544890482464,0.015166253965573374,0.015259104004084888,0.015274719661961186,-0.017888241751242547,-0.004580385483974273,0.012831567081002514,0.0032724987710216636,0.006870457873010416,0.015553308936054758,0.023317386662758597,0.007946979697305092,0.03148330588902917,0.036530687016352495,-0.006217754698081258,0.0017763708162569208,0.0003801392981321334,0.010413689544966164,0.006417275206000586,0.008966836946158527,0.019657376894485264,0.02209809576193928,0.0011071008519729537,0.017779425909661053,0.012908643109287117,-0.0017178250284164975,0.003775350720192688,0.01176253861238849,0.00641827136364329,0.013201460347566592,0.006835206908168218,-0.003822215512730799,0.008907278232774787,0.0040253382755088465,0.014642950347429986,0.01538205361953358,0.009280452211004066,0.01101311023807396,0.0006893611970849953,0.013172662996763892,-0.016179453337854883,0.016521290023733547,-0.012882101823533353,0.002119868753368389,0.018437449037278068,0.018872244094979083,0.016094769394859106,0.01693458966659892,0.015003309761539251,0.0098779164425628,-0.007826796444790448,0.012718647299020638,0.009942503925148444,0.02487939515046895,0.0010434854922404709,0.01622872497587027,0.003041894763645305,0.011784633591383868,0.003063837915140943,0.02444419879898231,0.019644047114001275,0.003992051110371299,0.011720221978450004,-0.0031923183707184607,0.006432589225741652,0.01808279930545635,0.012817783385209535,0.021940304992693973,0.011288998256904078,-0.008086997446303392,0.01917548879222098,0.00399190397382593,0.017733995329420674,0.012360361875711118,0.00840481324102283,0.019895755616933873,0.004921256282536295,0.021773526397056812,0.0036365325304422175,-0.0072772475557039,0.016578658665441077,0.003651716117335867,-0.0006549315382828463,0.018343922307687863,0.006940941080059257,0.03040135204171207,0.018427965856392493,0.006489547826881463,-0.015235525619859146,0.007489116889979979,0.00020073006720622115,0.011411765379505053,0.01565064495092909,0.022394780262767824,0.01459067604086876,0.009094092195841617,0.007262004584361721,0.004017886462338971,0.005692446997181744,0.014324702760547705,0.013875481807813287,0.015337315335738597,0.005036591682745219,0.029369862774056607,0.02778941549103613,-0.0063712875674612375,0.0008726922915205035,0.007299373966879146,0.023719552797118536
-36,0.02374322368830803,0.01113680935977795,0.00044488682639709336,0.01171186995675202,0.01687632379426715,-0.004064215272228451,0.0054966235251808025,0.02088769804866001,0.011852463647473234,0.012200211122739021,0.012366106960315572,0.003935866623925159,-0.000903555603321414,0.001981120970297583,0.008337102541044767,0.01187228037983537,0.0017665338190175298,0.017090422867446487,0.01641198961347112,0.006057847256005299,0.01708624036325377,0.017980382294345933,-0.0006687651012247074,0.0030844247306886247,0.02099008587755477,-0.0028513619818414954,-0.0038408660154071114,0.0010005849953133236,0.0019303161124293623,0.02318311789367387,0.020261214416169897,0.031169954726265565,-0.010802635646835212,0.013805266754655498,-0.002367860471612075,0.012255963658468262,0.023874588574126644,-0.004378362321241214,0.005125261050742555,0.013650181663034187,0.0009245496311896476,0.014822167457693436,0.008543108844004874,1.4556996256106028e-05,0.010678100983710945,0.008622639815776718,-0.017270458208490366,0.022893444105127902,0.017690118935802045,0.02604063825322414,0.018931917711487882,0.007270899302427268,0.005632104385883094,0.0098313799824569,0.022797502241320832,0.021383118794008046,0.0037664614069818497,0.006503612599699687,0.022117309591993047,0.028612374592058953,0.004829826181690809,0.004010144801195405,0.01373527837405511,-0.003529136941251877,-0.007647048632207956,0.003446045592433184,0.0234999546960555,0.009940204367869344,0.025698903434645884,2.1636730709437627e-05,0.006279663049821007,0.01668255828123506,0.01359877418202187,0.015561955209928258,0.012429809292619453,-0.0015453330352354754,0.017299385874709975,0.00757406478631632,-0.007063172117018349,0.010055036928126291,0.013543971704189089,0.007850945373540865,0.016381437882894936,0.011443799711644453,0.020528632705710266,0.022167727367005244,0.03202746577069142,-0.007456864436709426,0.013959134539787027,0.013844798564863262,0.024703344106806448,0.008300187212177526,0.0024743531082718675,0.010121861583441314,0.006488091912652496,0.012343368282576577,0.008073866475603812,0.013298776096040021,0.011495248183024307,0.012826332344029908,0.024747422072236423,0.008683828031970382,0.01800065250034387,0.018312021869289815,-0.004152173769933201,0.017747881887595667,0.031388189221163515,0.016223852473313836,0.031053214510259292,0.009614439271246977,0.0021026094087434853,0.029865711153760317,0.019686352139884608,0.018001654567727735,0.009013781475201797,0.018700704679090317,0.010891849216489244,0.03000281938605142,0.017022701570316517,0.014941955335286574,0.017383233072249725,0.0024774878420334833,0.0032893848112821103,0.024391373108261533,0.012538034166898443,-0.010323940051116892,-0.011411395984068276,0.030675081512338668,0.021728675505413013,0.006460938377090059,0.022739819147585643,0.03156668257981411,0.004681539381677124,0.01340517202484164,0.008653632065948168,0.015778994660547878,0.005826086674462487,-0.0038439490226389594,0.0032149397625341487,0.007642580271886298,0.007080697771407604,0.02688666655468164,0.0064366739510838674,0.001898287613096931,0.025441577574376983,0.003110657681256311,0.009872164974115975,0.025352751009846318,0.009083085378266497,0.003236381736758571,0.021200882161669765,0.013585635968546337,0.021809385714611825,0.0015031685311473041,0.017149297079209654,0.005558550084791432,-0.004215297468136588,0.004425138254911778,0.014009012018259388,0.004900826415845825,0.010762335877326654,-0.009832362520720145,0.001354892105658716,0.007671922738271013,0.0184226975754544,-0.0031295107118369907,0.015039184983120742,0.0007993680960186565,-0.0058308263955702475,0.01277845564081458,0.011173522653372524,0.022267383766936284,0.01943041841026994,0.021952186639357565,0.012798095625072654,-0.008015288397082758,0.012101282932988035,0.014990262087942494,0.0038313067942643128,0.010458788317508247,-0.002386170957171644,0.021453806700448174,0.029525175901968192,0.022815419083850354,0.011305562328058355,0.007725317543081483,0.007349714316017048,-0.0003283785072673087,-0.0010015779066390122,0.003961110083280731,0.0033298848185650664,0.017293858560138407,-0.0005002372606174622,0.02193056922407789,0.027411548660613707,0.013431193538556006,0.0022570567860890588,-2.228026012656391e-05,0.01646367836936356,0.029202390411383044
-35,0.020844607167151686,0.0108283766789296,0.006516357424588461,0.010621708342025566,0.020508986154145516,0.014260271633353905,0.020365511778726315,0.009178179445214447,-0.00585108525299843,0.015038636067018676,0.02093403730142187,0.016596048908889154,0.022039475712722554,0.01974326899386384,0.013924284728092443,0.017141561694061308,0.03197610895922767,-0.00555989938605907,-0.0021930055151187754,0.014649546173562495,0.009855925780558866,0.018430020033961672,0.01035664055067111,0.021932099240668728,0.013650421989497048,0.015199911452674568,0.021519539555199717,0.014115633028618258,-0.001392199313700786,0.029726337256137866,0.01138383502481918,0.004730802244317104,0.011717482398346662,0.013491264676628647,0.03072179639314233,0.015034847715576555,0.003566587534077256,0.006657345557034987,0.0006119143108282033,0.0030939086714997545,0.018372981503919493,0.005908496532249745,0.002568127872762952,0.022354860843851833,0.01495377211512499,0.003251953228311663,0.04100338129383727,0.021944094990621367,0.007963528981669925,0.02118162589773768,0.017657479446686948,0.01611070444046389,0.01472941096368471,0.015559200367059435,0.0016508086312938975,0.019659759403913016,0.029878298879634696,0.015471062267878376,0.013871645922894957,0.00872326886689332,0.0114211489257993,0.022168701434409153,0.020835067104628843,0.014973277529295073,0.012829547725954125,0.007714011549558007,0.017600431281954165,0.007803734656930171,0.008798291201558853,0.006112688483591998,0.004238946931524655,0.016070334342267366,0.01295238422431403,0.039633731755590276,0.01586211815067335,0.023277048855929933,0.01420507196879551,0.016124917769896125,-0.0014823238984982574,0.018468195127744842,0.0218144122629661,0.009565074994675595,0.010758835350126186,0.005680626763876232,0.011080222315574487,0.03749947421254282,0.012804234170490052,0.014791499265084912,0.020590016097603824,0.02006990354596368,0.029703621642454714,0.015920045917460185,0.015472279222041481,0.004014479829263241,0.02679137625943194,0.006447989946843802,0.014508024148184246,-0.005662683775969745,0.023126767696889053,0.009580458807401299,0.024544341475413733,0.009185481149102307,0.018999540723316954,0.008443630929060367,-0.01120730425460472,0.01563422322527616,0.008863748991497692,0.007773497512824162,-0.002027445255982807,0.012784345341029325,0.005222791419447915,0.02445720068990493,0.021297353492818017,0.026118680906783272,0.0032191196196844126,-0.014133429961664758,0.022347152640501654,-0.008897128150535127,0.03914518517396677,0.01719581881914892,0.026083363479934236,0.00325796371128048,0.006834336065984613,0.018724965669521955,0.020597810247706395,0.02385918964510227,0.023925925927906516,0.02423256959330165,0.02576631540064362,0.0018667818076252823,0.00537914006280887,0.020011313311368847,0.024355797647112862,0.002229040544418989,0.007421790136439614,0.004700736993755223,-0.006005426275985576,0.013042177153448426,0.007079029362868273,0.018715017792474253,0.01473419620386194,0.01878715759363598,0.0059121009204445175,0.011109189893155898,0.017427411228049215,0.006205077751429446,0.03780587676371393,0.0389785125253762,0.028027701327053105,0.0006613044157966815,0.02077590395315903,0.021668513501187085,0.021920878325544558,0.004255862400937817,0.027652727974088465,0.0007961766382323654,0.0264446359838441,0.03085768749810742,-0.003678960535826385,0.015089071491480895,0.012236779418640766,0.024883222294020603,0.038589706325658585,0.007750010185549673,0.005454211618209983,0.024622460145316195,0.019934653503396467,0.00645161461107237,0.023714142931938645,-0.0011592708816237623,0.005663816701444846,-0.004963929229347599,0.010960842439479835,0.022986959893200556,0.03816562623545107,0.009779147269522406,0.010391027270262997,0.0035345585553408013,0.018575658415755925,0.009735008535442125,0.004197235043133057,0.014802791374989539,0.014477821098704493,0.014269000537553062,0.011853728568101152,0.019186221351073705,0.018926000972495048,0.025660100564202395,0.034354132221835046,0.00890581309720742,0.013363737490894544,0.022669624191682232,0.023925791110521056,0.031083559794644715,-0.007397730225359216,0.006499572580196425,-0.00874375828320615,0.023434817022752588,0.0025590681639746163,0.0395821606722567
-34,0.027643627130644652,0.023984945563496986,0.021875274635032006,0.00794541175186236,0.017396734931550268,0.018272569513661678,0.021131272166340396,0.020948004056554,0.008310809173219254,0.0053912433781514914,0.020339677696674954,0.011789986158276037,0.008311252355253294,0.01986144978642007,0.004908403320643483,0.010104530201192334,0.007726727708881934,0.017374193052836336,0.02886798892114039,0.003604970862850337,0.026661621599551932,0.019341858269506226,0.013112668175374768,0.023089447484313033,0.014564156545784161,0.013969575235324985,0.025690629689431758,0.024798825204662,0.03194820614552595,0.008182481140746479,0.01986874168774449,0.022504572007944496,0.025381219496587105,0.03740014114540971,0.014279929450719254,0.008320497899983698,0.02253882220839846,0.005517081234124203,0.02321219433523357,0.020505275357356932,0.009195332288291594,0.011821312853755792,0.015186698787643905,0.014927579300049388,-0.0007399307198167129,0.01892310986588161,-0.0029748871944526856,-0.00034215675838740814,0.0065451536257152935,0.0013771903242271923,0.008650051010776663,0.028821999548483582,0.002185526997143087,0.011166929839326193,0.014619315786777186,0.011145471196290408,-0.0008703772920360901,0.002271281367960478,0.022555869447815846,0.015008875075873163,0.00977821596989339,-0.005146234359534395,0.009095273363317485,0.010078175858029437,0.024551153389616533,0.03916899996395916,0.023824948361478714,0.025362985775558664,0.0012627490005774483,0.013811694960890426,0.02943735522745878,0.01444269890618787,0.009122825014099632,0.014523670634772372,0.015632499776165393,0.004406741075455314,0.030803216588860673,0.01914426646311134,0.01898892188581898,0.02326182635860673,0.010758302420091223,0.0210558644303375,0.007899841716271748,0.012102170040086346,-0.011634486584854813,0.003172875889331541,0.007807058881344136,0.016492757699200646,0.0031109999849071503,0.011158012514796497,0.016711631498173375,0.02761002757943163,0.013736796295971705,0.019967354612192793,0.002401948338709752,0.01729576970304452,0.03051328127371903,0.018675849180176098,0.03380761587821917,0.029260881117181177,0.0058733532874732045,0.004905362504086673,0.01690470394436469,0.004967002019498417,0.007159582749467499,0.008008137148390736,0.013209452659219661,0.018741933425477062,-0.004770706078837974,0.017749678392370634,0.018134233862068957,0.011806334458949162,0.010343823730655637,0.007928687589304734,0.009363596182684716,0.015801043024447365,0.013132624524446588,0.004897699550703729,0.016345855178624948,0.03214111057783832,0.01601793949049,0.017038575584658346,0.006741452420146933,0.01360146659683216,-0.010154511348888309,0.01166599948622763,0.01755439781154823,0.0008507287277041298,0.0104014940423667,0.027078634550822968,0.014441458994914164,0.020132529969253268,0.012241984661789546,0.019455900526113158,0.0212282102592692,-0.00750504498596908,0.007077608633870055,0.013290956606929156,0.001933954552475461,0.012980185537345246,0.021723020108317732,0.011961074338311853,0.011607721585884866,0.01598889965457083,0.022577092985069595,0.008559042014957538,0.009629919768414296,0.007267823100671447,0.01518005111541704,0.01144603756665085,0.031003413560716026,0.008656485542494539,0.016997245388685883,-0.0007098830219673755,0.004029545618492298,0.012251018086649204,0.011291602466967175,0.009724042818977418,-0.0037622719060589303,0.012123199028413452,0.0019424157494480187,0.006586086942826687,0.004279283438837789,0.020901706833625605,0.023782705350495387,-0.005987469990716528,0.009935378526056894,0.005249808520644722,0.02196191962563353,0.019193884279214167,0.01357830866771437,0.006499109796110884,0.01099817312006367,0.020076329337134928,0.003827859451137429,0.005120044588179037,0.02598321188262545,0.012180345393038474,0.005785412559545509,0.023572939443571923,0.020979621942990273,0.015982949317132112,0.020192074043633434,0.019229608378795414,0.010985733939036723,0.006961390594210472,0.002233542432466278,0.00870350381299173,0.0035482939396870843,0.021606470879660986,0.010608048649039947,0.01160766760426284,0.015385129670590221,0.002569547535050006,0.023401627101719044,0.014788451513762195,0.0010917688521473613,0.017448851076005596,0.014913271093981302,0.002748086940445805
-33,0.03365420452215474,0.007972767100072893,0.005928937094026851,0.025646200031283893,-0.0031064800280326803,0.024472310604684237,0.007834788047945566,0.008870829624056054,0.022521377605447306,0.003123917366786756,0.009814276736870565,0.035854604068006196,0.024279222921318882,0.0002668252667840914,-0.0017120417343536014,-0.0059369146866337565,0.008334150394841072,0.02279950125187823,0.020605660391169532,0.021538029838637333,0.009088653075551194,0.012361239731546158,-0.0008191676779381648,0.01690024497295081,0.007572445250277864,0.02942351341602824,-0.012725266569305739,0.012453149234644977,-0.0017033737916120947,0.019986523925887564,0.025582269049875588,-0.0021322836522616236,0.025914908261194747,0.025865989690068654,0.0011047258178501513,0.010921956390705131,0.01261062064195622,0.012220557102142173,0.02948627779209804,0.0036017847427397397,0.022116566043099365,0.010216010253079607,0.017284751483517085,0.011815522702060752,0.019792390282249113,0.026614638378529364,0.010758964785486946,0.011456587873849709,0.012317251347839375,0.004049341855307365,0.00846149958782367,0.0021383594963435924,0.025479467281903215,0.019396171392245004,0.012595936548715273,0.011907323154675653,0.01344319256430738,0.0028709400282414775,0.02833556251926131,0.0227147781371011,0.0021176818106353277,0.006740537191829788,0.015563580559243643,-0.001877466802341238,0.02305743087355948,0.01715928661301748,0.011949064642849052,0.023470072523324607,0.018464754374915612,0.01469353212440783,-0.008673718353150983,0.006371420737268601,0.03853007693865903,0.026482572939928232,0.017683076168073603,0.00991324263214026,0.023985732195292684,0.014792795133896705,0.013072827932391083,0.020185064200708244,0.00911623202098438,0.011867702721061128,0.00648555795551674,0.021752767334249374,0.010461206554787857,0.015972340596322167,0.010577778176402812,0.03152003705474022,0.018590428975454633,0.014030041219783478,0.017397075019934583,0.03018850911605665,8.996303013329536e-05,0.025470039451860382,0.014334105548906562,0.014865615408184462,0.02219439083401344,0.028631441193079678,0.02688345753305986,0.031705218685471326,0.037692231813328474,0.025135198332464276,0.016530543402419003,0.007183686848088089,0.0022296473615435585,0.02770386639951846,0.007281694687165174,-0.004285882848934554,0.011766313459495411,0.02228937524520496,0.01778822033839466,0.011120854855827051,0.012487714396521084,0.015514815355925575,0.009313703795115143,0.03200056255360019,0.012275186049441012,0.0198658622666236,0.016651331928543966,-0.006728421356968271,0.00646649124695153,0.02299736782030789,0.021215077901457192,0.0031231267084011246,0.008652946579314185,0.013929153418624145,0.01081497888170762,0.02177855553839323,0.01314825208510097,0.0049753294858917215,0.02042847433302531,0.020378253823325768,0.01204883319694136,0.01462625864754177,0.01576836626560587,0.018842252773494626,0.015835043170070316,0.00033029447434238836,0.0025603176190575304,0.027035456940751643,0.01748518552204562,0.015364884741781914,0.018136921711433864,0.00606891018360897,0.01513008035215412,0.016551046768083066,0.0030018418276847522,0.017361696176392105,0.02017986208397862,0.0054507254687887405,0.02475859722867849,0.005219983765084311,0.009836501645161538,-0.01982173009996757,0.02431692284465493,0.012730457553886859,0.010810877870240664,0.038291117052270535,0.019346016515121307,0.019163094578279423,0.03287886614138504,0.01683255731487137,0.004414859391536878,0.00032668371301349496,0.03752003582649909,0.005496985785085815,0.00921038936592011,0.013205673595537933,0.03798277255384447,-0.010981387017101702,0.012336465698667441,0.00781826674630534,0.03286962548955225,0.01925112106230541,0.01336014064829269,0.013570413839110246,0.00023781134777922826,0.02746200710898805,0.02999354209164338,0.02236002482803617,0.0016957501826373785,-0.005275290683238615,-0.009136520626874223,0.02039787862159686,0.0006926124970613422,0.020574607388939303,-0.008584325631392038,0.018715625474319847,-0.0008506713375428122,0.0012322096028258896,0.011980035617996525,0.006056435419496976,0.009038574133006242,0.029483491874120117,0.013969718955025636,0.011599237855853466,0.020653447577942817,0.008167037372379102,0.02366315099746484,0.0023885132905669924
-32,0.02674294687575205,0.007759365608757816,0.012815098777981829,0.025643940460423603,0.014065093373933852,0.010628861484284324,0.01097505833216882,0.025109303839682292,0.0020031839257869284,0.008961531738225302,0.017835707531891745,0.011946513905664525,0.0243575506199863,0.022111094202063027,0.02172722938093391,0.016591446458316596,0.010542743416355027,0.03547003471186069,0.008415602052915536,0.012218133003159687,0.017392438246998945,0.01436647773531107,0.02905623857064444,0.01967203082420722,0.030164210452495555,0.023101955847107305,0.03286370620874971,0.0255147907277843,0.033106985713871856,0.016960647219479014,-0.008406159103690625,0.018549680646644195,0.033012985933096914,0.023513141560986814,0.017044611700148232,0.005295543295754211,0.0015682072126227495,0.01588586459657969,0.026139433290834912,0.011935149757508028,0.025546505346854084,0.015419789605073328,0.013788866212517072,0.017006123365503428,0.031188861127202087,0.021183164533091055,0.024906226502047414,0.007957166193335282,0.010876995507470608,0.011334193227796918,0.0032273528797182333,0.002134732854973301,0.026466670885417137,0.019531233848286495,0.0050920864300415675,0.01946267456846223,0.010268767360028346,0.018979522835234026,0.027227691855466092,0.016272435642412663,0.017167912629388583,0.006025564093295908,0.008440330618081285,0.006038492776258033,0.008520472867754281,0.024401993493665883,0.032910093499604304,0.008026586844613109,0.031212605763033124,0.01752289968691382,0.01966795888894801,0.021079920585331258,0.002035161334282852,0.011463700454026482,0.013686246244781193,0.016781837275652634,0.014851042652746322,0.004564257275043775,0.004394961246759699,0.023477649779890197,0.013834295898969758,0.019659417672264312,0.014887830278052308,0.0031435104909296463,0.004642252648044123,0.03658298690697957,0.02922036281316242,0.019449047613674483,0.018779754648060743,0.017542070468261457,0.003452339759032941,0.0025056613094442057,0.032140884746025264,0.035942663006399186,0.01504008425119449,0.0335373952239575,0.006630148873232473,0.02950036368911782,0.02785066909257447,0.009853873910249469,0.02492306724613471,0.00320338705936149,0.025524704857969843,0.009161084644876279,0.012315977348515366,0.005391898571059083,-0.007327831169083025,0.01668582706805345,-0.0010893051780286704,0.028434219648428738,0.03157074759514934,0.025303440374659515,0.01575846603248066,0.03183722688753832,0.017418002430530734,0.02336690442047719,0.02666964638248035,0.019470785780634374,0.025641389644222776,0.002984466283684496,0.016090971638984732,0.0241890042744434,0.02671625785307341,0.016410320179623072,0.005238212398080427,0.006597242244716894,-0.008123562011511681,0.021229548896104913,0.02075811236340039,0.01532462968248695,0.015937055781134336,0.02557192916266169,0.025479408498085054,0.01406127278026545,0.01827454942417373,0.01672864969219851,0.029906278997285762,0.022820167449696744,0.022889846636942802,0.005531150245399526,0.025613639517791414,0.020159287792964165,0.018027316121047757,-0.00030247065306268986,0.023929792548576585,0.02743248057757318,0.02610509617717875,0.008488594674637683,0.013732997479012729,0.011837252077359892,0.014293684926094365,0.016510194169042338,0.014858809907264733,0.010882105373538554,0.02610897664483811,0.02398949317915438,0.028393858939441248,0.01168735055480576,0.017594526589925576,0.032122001042014146,0.015607054461075905,0.00852283196265516,0.027754268325784905,0.014749306368259912,0.027281102269262884,0.03495127609581544,0.024189437436014337,0.010512611597632796,0.03582185202962537,0.010193131035866783,0.01825501130211989,0.009233379884103669,0.01469997513430562,0.00240542104618963,0.024962506247787813,0.00515372734786977,0.011238989297209548,0.026778879954924586,0.01874155021332255,0.018004958948965165,0.023939256963699154,0.015431733679862626,0.012649162901535348,0.009379095908629148,0.012730367797053624,0.012211101554520978,0.02133530664306884,0.00052091470916759,0.02275208422893317,0.016698447796278656,0.00909637474506453,0.015334198838406615,0.005490683973026636,0.025716707547052804,0.0023510340134349304,0.026649160303696025,0.023896135268778065,0.010398056617857167,0.01975212055296486,0.00581057835221456
-31,0.005762562983860827,0.026822984456564843,0.020534500325353804,0.014159381507205684,0.010380998738369498,0.018916364858758042,0.046047926412761474,0.02717062377177215,0.021736860120916184,0.02180683178054507,0.017195277502099465,0.030605049185010023,0.008763616730288054,0.017411405444079937,0.021377931754446317,0.0019491369501516836,0.004281966581960478,0.011837907675402052,0.0132682176187073,0.01178878247135802,0.030575188516342954,0.023208196439428612,0.029930587838439646,0.01318447621606205,0.012694248402341764,0.010615766238657178,0.02631116872610853,0.0379911415547409,0.03002961735533729,0.025910374231463584,0.010794731564113978,0.013413515641102929,0.015289940194393963,0.03389143188347657,0.010542473821596397,0.024832156335375836,0.021318813868192003,0.008196800726395403,0.014396141245451785,0.018946692869145323,0.013255389376316698,0.008077697734384947,0.021385136807983592,0.033232130548708286,0.023804527452816318,0.011811174786098092,0.009330083305260186,0.01746123242584163,0.022775783082416932,0.025531525257598532,0.020230216597606713,0.017999416029041315,0.015754807257116817,0.031776752696468784,0.005878556859415334,0.02479055639724214,0.03909389372541428,0.006132079068622195,0.013229470764438388,0.03074416002392595,-0.0006555175989899388,0.01584632146158166,0.026469004258239847,0.032474977834852106,0.013978217047485579,0.004841698832907993,0.01998079416618295,0.010566542786549183,-0.008512794926648644,0.005702020757821589,0.026798792229362954,0.008788749914598446,0.007739087644110795,0.011167912741925695,0.010385615109030787,0.003810734448815023,0.03218026222442079,0.0033123202208857477,0.012631368244478969,0.00921558073914637,0.016625370953256502,0.041401826644430914,0.03897049554308796,0.012146529836875539,0.009763268303080832,0.017307908337160834,0.00814093220426606,0.009900418330148375,0.027876945996298585,0.005300652762809416,0.02595492369752638,0.02362199555059035,0.01629968231448745,0.01588183239050007,0.022333780376669166,0.012374853905743381,0.020475486813871364,0.026655432999674503,0.031372449330505967,-0.009145761528102328,0.016148908098101808,0.015107369328890395,0.015431955129014246,0.030349648864350195,0.007409859935565798,0.0094145024291872,0.025336283669822216,0.016313835561035474,0.009377912671206181,0.027772523300754366,0.05229844873216648,0.0012042690375331788,0.023592568224544048,0.02954152618115831,0.008274409060515006,0.004754608709875608,-0.0005459943493199976,0.028076082607315957,0.012414063103430602,0.025580664012292902,0.021955480088386183,0.02250950276981926,0.015594596936118215,0.01866567577827926,0.009059212768120717,0.00311797813461245,0.023724174456927566,0.023828295129455453,0.00943887239031828,0.025119505018454356,0.01695436762671906,0.016367267128940686,0.02188314106625846,0.027145186322751244,0.026999982007918616,0.0156400120296476,0.019838985883337778,0.024588123784321084,-0.0013942928663506354,0.013345619013940782,0.031604829713158394,0.02562239328338598,0.03918513255089176,0.027417330814865807,0.00871099814740396,0.024096887672019573,0.015596440659923157,0.03283851088698862,0.03619932637235851,0.019903460056031316,0.03193723394257543,-0.003947240638735524,0.014246312474420729,0.010988803373048191,0.028225425737981053,0.02043360986764851,0.019426459785874265,0.03805455187548472,0.021782737063626666,0.012225773342333051,0.02170166014636275,0.020728126917605005,0.018406150613992114,0.03331869980274574,0.020685499501469872,0.020485925205115336,0.029313086802996793,0.024126396023085122,0.0249253702311367,0.025123010737569704,0.0011866086856503096,0.0019246426615421308,0.018971401474801093,0.015542870979944256,0.00026191323439062053,0.04423237166074102,0.008730805328785668,0.014534454828418787,0.011892086342793496,0.018753730075384414,0.02656620072568182,0.013459950422644123,0.00698834529250315,0.022541493292096846,0.019780262974902253,0.012592766738883703,0.02232852793091368,0.017904594074550247,0.027967397038191052,0.029152731710888845,0.02538506625134646,0.013342550538580012,0.003085421522324803,0.005083665539631774,0.010762351895232693,0.014058727410128358,0.027958654700173367,0.02162258126813702,0.01607208944671227,0.0406604824464913
-30,0.01767348301244881,0.013561420301002339,0.022700048992742257,0.01825104592130345,0.04468224034167083,0.01525795760362473,0.025462583392216354,0.03311444877211973,0.028507550084777497,0.039884474100422077,0.011427525378412446,0.03032711044096898,0.02937873766349579,0.03001019933646946,0.027750366078626857,0.01010949307036444,0.040021564293731056,0.019993049536176023,0.004941920843623663,0.011220513199665756,0.015290982017255398,0.01870740087798163,0.014340794638617371,0.010592843444792244,0.025193954480759624,0.025072325119623255,0.02618773160142472,0.02410231194333247,0.016443512326163385,0.004237058703098557,0.03490590298120946,0.012108487568299657,0.03216716911920859,0.019105933459028945,0.030085873019785568,0.014470983291593974,0.04288806424423776,0.02490056784787888,0.01442806505398093,0.03530560329695303,0.009583032176840341,0.01975546283179227,0.01318696360216293,0.031602525172243406,0.02939222168064,0.022792632463729718,0.0205018927832368,0.008692530923931397,0.02331697142154242,0.02989584836453534,0.027474506081254825,0.03091596241177553,0.03740860111766628,-0.004380779159230467,0.009161090493322912,0.018093140350824093,0.004369436641510571,0.0018995263934577025,0.03494695823459471,0.020283816491727065,0.028193558688318274,0.02656933622228965,0.017810554170816246,0.016427289895220125,0.01921156768894991,0.013979161811224529,0.009214776329750958,0.029588290422770464,0.030429924996590547,0.030739983571433288,0.03116141264641504,0.007001919629287133,0.011738949025431999,0.030597742719358313,0.014986373531481988,0.032534478919189036,0.012785353336393288,0.025705824190024325,0.03643278714378151,0.03276016067057735,0.015537965767961223,0.020662344063965193,0.023981936803768724,0.023772114172889342,0.016961390600387913,0.012273922676518566,0.02764756288430468,0.018876216660841175,0.011683891866540607,0.038214338206867024,0.015742059469641856,0.012279730177978572,0.013919974408353238,0.032409453558969764,0.03394139536681023,0.029459440029744755,0.02726792861927183,0.010122679796294854,0.03436263168606503,0.022651624013632306,0.02912729869905113,0.0202197142307302,0.013877128249686753,0.024833075113358694,0.015369265150862423,0.02409426449572346,0.022047129922317228,0.015611233336711553,0.021842141422641483,-0.0028051542450751796,0.030898986113426744,0.01626745750093384,0.01731061387446433,0.013987028095275682,0.04063550004133958,0.017659898748533732,0.014983791397320635,0.021208132666026707,0.02655086325656093,0.03969427088380281,0.013895774376818906,0.021231018480034548,0.027673247647821624,0.02667548272682925,0.009922078553002865,0.026817759245052523,0.02859754200127094,0.006411465972496295,0.029569447215174433,0.022109494872624716,0.01919363440520824,0.014538159004094399,0.00239151977086614,0.034779799399846316,0.012883804745231013,0.04290286667401827,0.02870581413059621,0.007258188108949895,-0.0064944029152865755,0.007418075694510001,0.029618723643343774,0.020440990531487502,0.020258517891184193,0.01624222994762213,0.019900442788245265,0.029844002945441872,0.0330744253062482,0.018873312790640518,0.02798745334948355,0.022354166866719722,0.026489605433063623,0.019566156965611096,0.014934604296619355,0.028291634846656935,0.010743521525025227,0.006871981305715912,0.015453711802740867,0.026764594613682323,0.03940045616353765,0.01775696017125821,0.03355680897376891,0.023357524804944067,0.014150917160753911,0.012514604854924465,0.029715526817241003,0.010583143390857917,0.017356743435104037,0.0251599020817903,0.002565919139780295,0.022266694474220687,0.02477773978215357,0.019368124198948494,0.026349819684922685,0.029037168499929638,0.02735473494405693,0.014191978094153426,0.01857593235837305,0.025243254951886077,-0.00696921161616304,0.015982591402308524,0.013531215118666768,0.026220441999769948,0.017153885149001142,0.03189478594485376,0.017201379488630958,0.030460293458674022,0.024912089358830304,0.01457179523856126,0.020376813050584724,0.03866192244780833,0.021494693531160035,0.022618953510029405,0.006537645273431293,0.01571173280902375,0.023905643575484765,0.006897807972663608,0.01995341009102605,0.014825389871497608,0.009409835836908523,0.016289858762415392
-29,0.030958644781832186,0.02006436715545511,0.01063526294686356,0.019984229367184945,0.0315932745056173,0.016853177269933656,0.033899122960585594,0.009883516343378324,0.019155670128248373,0.03480085392201525,0.01686780769467811,0.03625590681235443,0.008321461969781084,0.02419706299457702,0.014308823867048497,0.020808330668244075,0.031040481303767305,0.017626606023773222,0.022383052019942788,0.03174827255047654,0.01579454627312328,0.025624576728043035,0.04281003599226163,0.02258938883984516,0.013678506220534207,0.023361232091532947,0.0209219014668767,0.024705275781783085,0.02166925826537486,0.027145984138304154,0.021642166599943155,0.049174603826279625,0.03131141789974536,0.016552070127256648,0.025723690304064167,0.010141470496494555,0.024183019766304974,0.008733504306555263,0.011251829958675479,0.042115086142247286,0.019278498571225627,0.025648982841433132,0.0424346939172919,0.015407055460027063,0.01932728661188628,0.009606329891582789,0.02551112422259594,0.027155237749403816,0.03583237624561714,0.03987428354813799,0.01813731312029642,0.029699769610303253,0.0038709335307773526,0.013552176530501971,0.025157963967903107,0.019905581463501337,0.02578938007473975,0.014690455841589404,0.02403279989222588,0.02055939218639291,0.017021658614360263,0.025031399912294437,0.02855682290198095,0.010607464597674258,0.029215961914068448,0.031571706433072375,0.02170651819570746,0.010293702622521836,0.008243119802392878,0.023090586486651427,0.015915129759466996,0.0029563001966713583,0.022933355035959273,0.03019765362087184,0.029682037446873803,0.028388129195343406,0.009799521669075792,0.03157100131030628,0.006300257032989424,0.013671582134862668,0.01670949700809229,0.024616515387625864,0.014035896764477815,0.01964064554352252,0.03278286054336681,0.02464830250259883,0.043195394287820044,0.010896117771682354,0.022605110020509824,0.015441988961793482,-0.00022890394751700488,0.015324612209149617,0.0195644895506489,0.006264873941615963,0.04849916678295993,0.007153966569544267,0.022669444019619595,0.02406830784660323,0.0209309674773474,0.033589160792840494,0.032086551776283084,0.034034932692705466,0.027143062948008653,0.04310241892591356,0.02922423833530394,0.02664566460353273,0.026067707935037467,0.018228921181206593,0.028235885075796264,0.0013920101172078744,0.018389385676489414,0.031720142483265004,0.01606019053254957,0.0243569353305879,0.011380359696533279,0.039958246060634736,0.022938830342610583,0.02195281436071983,0.03247300004361986,0.03195820505955155,0.03845231028678353,0.028946761261660174,0.036197186694474984,0.026051430610198264,0.029168083919003412,0.010500045360537906,0.02951564330452561,0.020896688411411055,0.047759180191394995,0.028210230533404948,0.020429088188790273,0.023221418411032327,-0.0009614847644638415,0.036328412900579005,0.03279448315520322,0.03708110482397628,0.038002828166035736,0.0455499339809146,0.019650192308749016,0.011268695389133087,0.027194040156822367,0.04718341322171807,0.02599018482486589,0.030990455111771217,0.022834271713662035,0.022518391343449053,0.014105303004496198,0.033193850089462955,0.019414074662943568,0.028474126085046677,0.029653905890820308,0.025491858869204975,0.040330837796928413,0.026898495145345987,0.03165682997411773,0.04090641232997592,0.018363655140947552,0.029979623005757846,0.019251429127899913,0.01759183498272302,0.010434282541266653,0.02085500167803309,0.04956245777648956,0.01642349723576449,0.02532560080659031,0.027192934530755754,0.02189062643730853,0.025410109821376075,0.016677182250460172,0.026388623592819335,0.02210538371122334,0.012972684370178235,0.01752569686615086,0.020826246941820198,0.013859713923685133,0.027608511430450247,0.0335560435062423,0.015565928560960157,0.021213044864573868,0.021758572859999666,0.032465432431569,0.049482986072304294,0.03278925357847505,0.01774688857555468,0.03158909103287615,0.022708699986672416,0.012223767565644106,0.016902298895626635,0.04693017916005722,0.035787761869261574,0.028394708792094023,0.008813666541775102,0.03101886037321962,0.027763357357261646,0.027263723462908805,0.014886118297025686,0.04001156316313664,0.02800895183633576,-0.000577658686372693,0.033519534235854104
-28,0.025851935994563813,0.006698790733545915,0.019426048610803485,0.04157745496942497,0.012996899563613166,0.03617279277807832,0.01853135628497169,0.020753760304975093,0.01852322263613064,0.019517349391745632,0.017708004756281266,0.026721564141814036,0.025690675366002315,0.017750969729287792,0.04130207669372292,0.0260290252009408,0.04134398008226482,0.02200104722370734,0.033333101344453886,0.027951143893406555,0.026866871166418314,0.00814032115827544,0.01841266118953518,0.005463967276624709,0.01688128401613742,0.03213025375189299,0.015413993539898732,0.036817296076944256,0.05332626169039541,0.040207491426909894,0.020456823525632682,0.02728118259620841,0.025455973730855227,0.04335397698177067,0.0333312374560627,0.03579110669063839,0.03530603726297743,0.03254929989695206,0.02356834354393521,0.02554701796485592,0.030877686745967813,0.013188541557190608,0.002872162912753471,0.027150485768918625,0.01417750569598547,0.023742589582140032,0.011392463331127835,0.028257822892537535,0.02901037690711055,0.019136404083304945,0.020038218818245097,0.03171237207938464,0.040805212639748636,0.027277559645736936,0.037898951646744804,0.0279768158681025,0.028178794089524548,0.030571219305124846,0.033900258162430905,0.019425630876304337,0.027194763176917436,0.028718599565482242,0.019479555788572474,0.029714321598971628,0.013144932447783675,0.03489983650571445,0.03889844034762882,0.033833733935220954,0.02443866081627151,0.021995762580869035,0.023526002387473613,0.03134674736007894,0.02301253373023791,0.033517421504968094,0.028579526972703218,0.01765374482541286,0.020219260052725084,0.03238461697614369,0.03782895398927827,0.02869664073584518,0.03162883657392144,0.017852232259602488,0.027634207397087128,0.039459445594018136,0.010295722516913037,0.028901229400497542,0.030252582864624518,0.028042999241379287,0.01869332996686967,0.03162668869505309,0.035558441123856414,0.019999023266155498,0.044293554946837496,0.03528916084321668,0.03296293195077452,0.014499992941520844,0.01700669926477579,0.032906183731238256,0.027920265832340998,0.02926007343910243,0.008917107699904076,0.028868195165314768,0.05182335252071272,0.014911385178724507,0.03132504162989001,0.04527381453277261,0.022561266185555852,0.02308891476421448,0.014278570775883362,0.03496015788925404,0.026408132486388746,0.03276844417143955,0.025012065029884605,0.03318695989695242,0.030959064243573496,0.024803483130831916,0.02519845194656994,0.03814804610435505,0.04187454224198929,0.03784124702537495,0.03269318511467144,0.049852281700674475,0.013203127594265288,0.012113271490522413,0.02165101979327702,0.03483323836669895,0.02654950832797922,0.03190442905073146,0.04028929001704597,0.04489785106894259,0.020681629028791233,0.03463193844021157,0.03482659267994385,0.044903670817619847,0.017092416304043574,0.02291529806066383,0.03948987701472467,0.023558994637551966,0.014714941239471471,0.030365823783522216,0.014306467592732559,0.023752835209603782,0.03891308366448114,0.020523313999467586,0.03440860430957462,0.0419610263128875,0.026903998574753358,0.0335509491340013,0.02651959301029094,0.018386989947544504,0.0360534544713714,0.02737494953030739,0.02563083800771752,0.027028313998139677,0.02699904799726477,0.016437967658123886,0.012314867001400541,0.02486049963715917,0.029165589679821156,0.024797074658485532,0.0307643891851473,0.03982467820889907,0.016661197610672664,0.018293676782103557,0.0256280320087889,0.022604982337263112,0.03913180194477722,-0.0055096086510521385,0.017593985929471777,0.03195993232626919,0.033921961956537065,0.01127394665453314,0.0502229499760062,0.027887381506388677,0.03460740178623897,0.016952734928608548,0.012090694652246485,0.04297933357818965,0.017475841746957092,0.01544310342991507,0.04415339817708203,0.034798632209588655,0.027314047843597186,0.0161902913621551,0.04385186156225855,0.022836517650048703,0.031135236935469712,0.028231140861814753,0.028602524887626976,0.01335697571598079,0.026753281600061928,0.033328086989649466,-0.0027902735732386677,0.036543374356420806,0.05148323795333297,0.04925736359259354,0.027944932102259876,0.02136834569091066,0.039227235630893295,0.038852766847699796
-27,0.04124871319917395,0.03870593244675368,0.05731715427023547,0.05439276561350022,0.052159095037277003,0.04628422817128272,0.035761969435430654,0.027631383464390598,0.03272761782090823,0.026660292019704643,0.04723224604590746,0.03655837069624596,0.026739037332586264,0.03111895130476933,0.03184948595521072,0.019090105494320816,0.04597392723649088,0.039922838079020605,0.022678656305853584,0.040272450077373,0.03204321052676066,0.036414234521468386,0.021588648132745504,0.03751948254660651,0.041746215746664074,0.02583423980364055,0.04050387803872765,0.02196817569861545,0.021388639819621354,0.03388854908308764,0.016367236328565776,0.02763916316228723,0.04261935766575388,0.025384883573482182,0.024388054207470342,0.022477482409696214,0.03296122455385801,0.043632262381463255,0.02309400833616563,0.03475398619310378,0.03741199456416474,0.011649368642460082,0.04055050892275541,0.03656189169690885,0.033111893152754965,0.0515849757387781,0.05077597644555858,0.03470194736862325,0.04542741937101845,0.04441030242025522,0.026910420958436362,0.02093046895622099,0.03387708860093945,0.023573461450041983,0.011516604104103517,0.023394420381202548,0.04028376632096495,0.03706703846246007,0.03398507217553823,0.03660570319879799,0.023972133251947435,0.041733377152130664,0.04262356308999324,0.04785186207342833,0.041400516534737475,0.043739500461712974,0.04653174501027564,0.028080862248673972,0.02775434134149181,0.019530202833423122,0.047256219321378766,0.027500187125054552,0.03121761271240734,0.031077150595928724,0.02783101102561705,0.043858484885664455,0.03808144051112155,0.01950227720761316,-0.0032689671405855686,0.010848403881913674,0.035024654680890346,0.03556874705019146,0.03287071164668747,0.028997406451844347,0.0440273057222977,0.033041035455392484,0.05748562176305881,0.02897028419204549,0.044372197487910325,0.0347154919505115,0.040186626840328345,0.012648605766370804,0.03770001180041904,0.0326142005436109,0.04104862884512934,0.018096680363479854,0.03351206393014598,0.02488825906615904,0.06436709912385685,0.039317435480966854,0.03623152617434216,0.04492386694301965,0.014363157162720037,0.040959802108976665,0.027173731371791028,0.023026495823254646,0.014616586546591977,0.03752125096593659,0.04264703710305886,0.03977222022462476,0.034113380290114494,0.015600379964825276,0.015530795110748164,0.0309825414478673,0.02440017288313269,0.029734098699799833,0.03534402943732161,0.025273900939907827,0.03821483378032787,0.021706628688643145,0.03357032343658914,0.030292695477383946,0.031033531219360998,0.012710140933237395,0.037580986356747635,0.04115102281209307,0.027913410901594868,0.03654709728030005,0.03863167110254455,0.03618656079754991,0.03420691872048295,0.02602511113298233,0.018148516138418957,0.03449715745961514,0.03606172493074275,0.044449079790782296,0.04716206496047061,0.02567739828178653,0.04218449234041196,0.036979536267730734,0.038684434097557216,0.03197559252700358,0.009115229692784218,0.04171758986438682,0.030533918656519443,0.045080510212670954,0.031189399311973166,0.032873004949045236,0.027506955850425306,0.0417193299837396,0.027639424317893003,0.02271929569972249,0.03711625617257194,0.033009670812332186,0.02319777454609758,0.025564640641302996,0.02951690547697984,0.03949753357698965,0.025777199374454305,0.04302713296535022,0.039227832068155215,0.018876543748147068,0.029122993332227065,0.036478878330318605,0.041560927652350144,0.03552217793302065,0.023839363292559028,0.031575315780198385,0.020864229774833206,0.03312833241169109,0.03149248235345513,0.029407163102072698,0.020248311833493703,0.03894541794168603,0.046790577873038246,0.02514686221866989,0.02132331903374629,0.022378109989158873,0.008083346654164079,0.027085736290024184,0.02264721830905752,0.024342279495570312,0.04552955449823135,0.03739606668411204,0.035066807686773616,0.0279421301982681,0.03447986766728705,0.048433062909498406,0.015131735560740399,0.035711789235033854,0.03792703198005807,0.032709095446283316,0.02399169029585574,0.024619004332988168,0.01839470942138125,0.03161584614844523,0.03927777501193099,0.048725163709131825,0.02854014998850945,0.04821589078326932
-26,0.03483104095863694,0.02846083047350402,0.03290210249840213,0.0278262439680483,0.03260659806187621,0.03932381229855887,0.04675600264358737,0.035656326341601194,0.051157825897240716,0.034855379298876554,0.05537637447351411,0.054876413236979366,0.03296201602030644,0.044382277118434225,0.04491647893154913,0.029740934669135646,0.044596483591433526,0.05336006511991655,0.05465191635713304,0.03185063778852877,0.04782408222213139,0.03773994142706923,0.03599363294025402,0.027592081678073734,0.03533919455607374,0.034317005433013865,0.03825722247782311,0.02606747867088649,0.044029234678435766,0.03344355680933361,0.06754477413761015,0.05092987737971476,0.030217885432846675,0.032301040187793416,0.03735960318747525,0.032790212643753494,0.032585987931244544,0.04089212426084121,0.03396409819188508,0.041391325543426234,0.04378874667503063,0.029000316657010757,0.04407522844554537,0.04228957405297196,0.040151338758394245,0.050329739946668096,0.025761773985904048,0.02766218025540131,0.026511269284898355,0.048058204193630626,0.041965550657723755,0.026804395497414542,0.04511722503124088,0.04172657932455219,0.037107131692304215,0.0472812110144977,0.03640944349547716,0.040207183864797755,0.031189768343771053,0.03561839544880139,0.038940723037371304,0.04504408609577516,0.03358166553263995,0.0400284842208619,0.05123216589239129,0.03215970454636026,0.021341609339794575,0.0416747518105502,0.05727877263344662,0.028445065134698126,0.03854987030739787,0.04491034671247036,0.04564749926500522,0.04380096399037218,0.05333407985003566,0.028955548177406823,0.03759937887936131,0.03767040538681131,0.04269440732657596,0.03556407268489554,0.04451078068253475,0.01264814926001339,0.03760637121264487,0.017889112080061876,0.029011983317147244,0.03658003000067893,0.01988723523938487,0.0403424050766401,0.032389909842478574,0.03738081167168408,0.034942859419937945,0.06620850216214438,0.042879744310942235,0.032193451259252784,0.04113358415869002,0.04665937416020008,0.019506799642092877,0.04054053162206814,0.027861783775589635,0.04419188850458679,0.04076662468981828,0.02952346713417105,0.06124720112952224,0.04066521264926567,0.036573354517255664,0.044365069258192565,0.04012277135589935,0.02455265161505711,0.030253842689717713,0.03477239021985791,0.031043194381277183,0.03212930318221588,0.04182895621044205,0.031840076369964714,0.05673466999162253,0.030438658189877864,0.04757073795783247,0.02930272051378064,0.04187096491076291,0.041582295784763655,0.03309675459267676,0.03450894439348739,0.02867878044695387,0.04459499444187506,0.05248821652756277,0.022867475805119365,0.02694453698115805,0.03148572397176436,0.047067317903345646,0.035488731811666764,0.04082874374451119,0.03518432996342651,0.016740330495681684,0.0389801151466406,0.04609926408465885,0.021073064836310464,0.03544209285563856,0.050667318212707244,0.02803875321383767,0.04360520173433611,0.04092032369343568,0.031853326804701335,0.027902883669031486,0.03005235076282564,0.021619430011414437,0.026691380833457623,0.02454791003582495,0.0334507752350272,0.01837834346308558,0.038118889927646706,0.044013322244024794,0.020113778626515703,0.026106023963722948,0.036931600966235094,0.02216223691061328,0.03577819063859808,0.027102998137018903,0.022567112944085997,0.02731863616046441,0.03108157174109638,0.017728040384631147,0.05480268081083973,0.05685005315294159,0.044706216710106425,0.04576400193111914,0.04489884630526438,0.04138290852601094,0.033676068731528,0.052878324360333656,0.02944714729039324,0.039858161797646445,0.04786389714035515,0.034348281223924144,0.012763809752746203,0.02611564624106471,0.031515462934408676,0.06044240271438118,0.03623006282962674,0.05910010978881181,0.035891609769890746,0.037171747301877306,0.04631508633259228,0.0459618496283269,0.04456643355464453,0.019737631822000466,0.04938225568102309,0.043230129037324094,0.0427339948484634,0.06071938693999079,0.059588453220480175,0.0523437034846812,0.050633844434940595,0.041828772316121754,0.038012963039545274,0.031573791631494555,0.048792669094873994,0.03034174197383485,0.04241141422530765,0.043496084627845266,0.055594907477453145
-25,0.04478438902785324,0.04677322809533555,0.03126106469525946,0.050129781563508766,0.04351431339682491,0.036272189772495585,0.045526119283133236,0.02595778820532306,0.04080005870378978,0.04199971197264842,0.035213166390523534,0.04872404129046326,0.049266698324670025,0.04136685823723209,0.06202908831757048,0.039171240486900225,0.03229521679539349,0.038325458015790126,0.05088131036053208,0.046677166662874296,0.04236666407004982,0.047322616971807376,0.041906975053098455,0.031478021600300374,0.052754557256419074,0.05306612732204344,0.04393772124642593,0.07064796348294222,0.04572040594539883,0.03192874900516739,0.0421723963945792,0.043399429488082314,0.04586951539486983,0.041362951543621296,0.04306999821634002,0.034384561528483855,0.03672442034502141,0.0498482349268449,0.06034816948224372,0.04698395186941255,0.054290131756677934,0.02242397357552652,0.0318437967105333,0.051878416217287476,0.04476925225340298,0.03657235620663377,0.04413115698296527,0.03690064226215567,0.05189251154399352,0.020823137216907397,0.039985942183971016,0.03943336044714904,0.0446765081276595,0.029833987384249017,0.04560025971414643,0.04682139128522477,0.04214857034017155,0.06793909806124249,0.06785340812382226,0.029235694331484197,0.06497435055762094,0.040701368118877826,0.06062185841196002,0.05549466140465021,0.044128598219993695,0.047575875072053346,0.04779000726485976,0.042047257351824074,0.033020268392709134,0.046868175860704686,0.04761366440086213,0.0564808816301752,0.04114522184197173,0.037098875396248315,0.04621890048001193,0.04788159278653339,0.04107649267970445,0.05138363782549267,0.03173501653160517,0.0342068958688604,0.06460357270696679,0.04877737151168573,0.04782505918845175,0.06839758223887513,0.040449554573311,0.05938608711943745,0.04332640177303543,0.04460641912134211,0.03356597899946447,0.03882394863389681,0.04599886040399398,0.04685537980875094,0.03397887166718753,0.04125155582989561,0.04115853911613311,0.046874922796799855,0.039166327521224634,0.03343728524310226,0.052378919436703524,0.043700437972921606,0.03970183393356841,0.0525012193697865,0.06674767765761964,0.035448282833063026,0.04987511279491795,0.040346306280713305,0.04469884966569678,0.04667550747285744,0.04557190623686619,0.05041893204109972,0.05372776080727307,0.055385774538650526,0.05096912507908728,0.03402097692136179,0.04072106839893482,0.03804977889790528,0.04609350076371756,0.027040883185280785,0.029663338710534053,0.041780063194312815,0.05075116821289288,0.061034444506291585,0.05076826037748573,0.054508544765271505,0.02774464498302619,0.05382841581489389,0.04261772326189493,0.04464563291022486,0.04413854114633503,0.037276572444940176,0.041125397386058866,0.0411118360593071,0.07386722379724894,0.051161221701930826,0.054674432695337956,0.03215208956781712,0.03020634302368571,0.043451956923443634,0.0199384318962693,0.03842180528297126,0.04641011797128456,0.04981085568263135,0.045508306346710624,0.0376372470567526,0.050307717269469136,0.04882971356127256,0.05336723963983551,0.046909622857736505,0.055052848506846795,0.05213877949067866,0.03221173110160038,0.045325591884543714,0.04164982444510187,0.044712271612891104,0.04341064366555055,0.03143882059320295,0.049834811240941634,0.047132027957274496,0.028823593133089635,0.049294724568420045,0.033800157277898056,0.04892695368337521,0.049759841364694586,0.04967731956222841,0.047477894373320464,0.03364333056775973,0.024536319088202196,0.04850551002778527,0.0371087312581276,0.041950864407434965,0.05393663080062015,0.03623634437739978,0.035683905638821095,0.04490023716640091,0.045367584456407636,0.042853118823973455,0.053524692779782584,0.03530013324495423,0.05041147577801848,0.03223758738783733,0.07187655908980961,0.05891897097654289,0.028228317862537305,0.03996205078581844,0.06349464044094366,0.036896727430165886,0.05301946040380295,0.049668843243607236,0.050284778678305705,0.046245086374008086,0.03220613837190813,0.03371787297805899,0.03280867238865749,0.037788216472462846,0.04179849601908516,0.04465573107216495,0.03850534845531132,0.04001434649026294,0.04166282414549504,0.047009816117234135
-24,0.045388697048620634,0.03515224530967334,0.05375939783993363,0.048669325993649495,0.04984724381376961,0.05227439995042254,0.044487568496703565,0.04921165484937926,0.04227656505663759,0.06448541360970733,0.06263332400618299,0.05962803801571273,0.050218881128119355,0.038569408834216265,0.05191360387809217,0.04809198693182428,0.06166955378763732,0.038139224693971345,0.06539612559508455,0.05504273457078686,0.06274383780597544,0.04436204011062522,0.044819741488267666,0.04949606956268426,0.031955141608866644,0.07108301021869652,0.051022000178688194,0.05035860449919266,0.04536012963950043,0.056501395810788155,0.05340387431182531,0.05022677414820897,0.04871862772410549,0.05762128364361281,0.050303854267428866,0.05117871118035713,0.07978088654152976,0.04332632605901633,0.04960957791381796,0.04369842386813831,0.06069907474421857,0.05711001969373129,0.06180584641687255,0.05805028299819467,0.04888004306729554,0.03137277051531197,0.026638485978517798,0.05168125239062657,0.04817622244860543,0.06065011371217056,0.07018816104856664,0.03838529540908977,0.03957689958830424,0.07327968856891891,0.05976649080989622,0.06392482271573784,0.0507808428464988,0.0529756518444567,0.043022403120286115,0.041645792937915205,0.05136657055733874,0.056419918526138806,0.050515109926349645,0.036464174589573135,0.06904443684439586,0.038008436804520165,0.06385317920724073,0.0499582083204228,0.053186861277932825,0.0532680952398672,0.050555229720877434,0.04246121855759505,0.04333949834982153,0.03253498641039289,0.05501149630395105,0.0606880997604898,0.043148551801915756,0.04943650403552455,0.06414873305312149,0.05911292830946695,0.05438557921872392,0.06894786651258202,0.06170664466135715,0.04722065876777133,0.04349499475231752,0.05848933733803616,0.05425015064943286,0.07070713662385675,0.06879491085809372,0.06641726919438848,0.05128518623634286,0.05118077210476573,0.056518390365713114,0.03204007720792691,0.05884666213516492,0.06454488499683392,0.039051479885325084,0.05020339823355948,0.055723419931618626,0.052764972681773756,0.02249967199213676,0.05536156250864787,0.04114446226981201,0.05825360653727555,0.05555949322234239,0.04987970058708413,0.04874339887579217,0.043566703322466295,0.04951721069652876,0.0574208160198077,0.04171323173113996,0.0786569863133035,0.04698870201094799,0.05200299269455002,0.06405783193951788,0.041372958039817054,0.06174830165262647,0.05098144406987548,0.06198883911288596,0.04554331709270261,0.06152967583476374,0.050414861967225055,0.05405529528276458,0.06415781360089932,0.042549302316285544,0.05148443457270012,0.050083905380672665,0.03762521154819123,0.03601904705272913,0.05913842041568707,0.05623074526353145,0.06788528437584122,0.053487481586574376,0.054275512918414884,0.065090351699882,0.05848149925024126,0.044188124323623276,0.057785458149093784,0.06874066263114868,0.06185367752283341,0.05546081779076198,0.033701908257122146,0.04992339183108138,0.05573884955462556,0.05940482979931304,0.05468304307065207,0.06081494286900789,0.038653448342658735,0.044406567849416614,0.04424131712789752,0.0669284147134662,0.04709767935333964,0.03728792231719195,0.04379736909698773,0.0537607064749894,0.06565546765707453,0.03698554303783749,0.055958786063120436,0.050572977554585175,0.05510016050213556,0.05807532343824749,0.053391776446502795,0.04280006702567282,0.06103007837165286,0.050388033627193456,0.05119818148264784,0.04115523540026979,0.056026288920512014,0.04515063705648876,0.06354560811701526,0.05330561292942924,0.07618226907405642,0.05106200656577326,0.05362895549987703,0.055456291467371285,0.0456669856315576,0.0303185419910914,0.07237470411205124,0.04921535844552222,0.04035512269036541,0.055580246505832764,0.06565740972276694,0.04487835051684127,0.0472482631317858,0.05804283495276973,0.07426159079438391,0.03862524676058508,0.06373927189095266,0.056966956433681326,0.04765858829561869,0.058553121308866966,0.05446009428285757,0.039018982173417524,0.05310348054741422,0.04857817893251267,0.05577421133420396,0.05620302502957766,0.0578304643652731,0.04635111598675615,0.05208386113622759
-23,0.05345458877533404,0.04686071320605634,0.06616008500775045,0.06002063872270566,0.07389413577573754,0.05639230329148048,0.062392524267173656,0.07017610162953908,0.05796894023415828,0.06426573895928711,0.0373622281218769,0.052476019318698754,0.07258058558230683,0.07727408992949066,0.06040116274436036,0.07016557193765584,0.046875782366900105,0.06445560925566318,0.057572455788955285,0.05530340763503965,0.036204622799421105,0.05678081004274251,0.05552477487337837,0.05965144082687037,0.051203649253750066,0.049926004969452736,0.05549280459045319,0.055600282441119996,0.0489398727335905,0.04438284475952996,0.04852678792817551,0.04256483304379664,0.057851815393717275,0.06484450885675767,0.06283579795306606,0.08641930595017133,0.05661139683829534,0.047558542016234294,0.05494488423715755,0.06725820819032402,0.057507417101775433,0.05763640182331465,0.04807351822149593,0.06425681403187887,0.05656100337553356,0.044016417369965075,0.07238143771926264,0.050648882006026116,0.06346570845111185,0.052995114386391734,0.07156493958604801,0.06883764808346353,0.03486740826211872,0.07026325269307329,0.06199000004697294,0.04711563256377325,0.053220666539593606,0.049940285674616405,0.05818152994026375,0.06172672713495496,0.05805068244886426,0.06571158156095977,0.043445056029188314,0.048984195399897804,0.06794325356827205,0.06047166711167968,0.051001154258308784,0.06324087266615412,0.07047462358620038,0.056432605874401326,0.05042320428569878,0.0685623985107015,0.05717341674452331,0.06586887924544328,0.05663564764895151,0.0529663722510997,0.06291873405484266,0.044391385920415576,0.0639261704000386,0.06073331966882585,0.06794687083187245,0.0564933239535822,0.06850120034014616,0.07764651185734187,0.05643165733544105,0.06079081152472715,0.05475222049855559,0.05166381703368817,0.06716193814703764,0.07132403415077049,0.07088600723969772,0.0729929273490629,0.05223928688296167,0.06596689801146713,0.03337558342011117,0.052483233526210094,0.04767534955905287,0.059743138651271864,0.05510449517798732,0.055454009591770485,0.0496382663390464,0.052378775081820275,0.057804181415113245,0.06739584887322873,0.06083347226634591,0.06520409259592158,0.0632962282236688,0.05100993392243206,0.04462687520295329,0.05688300736223599,0.04267594048714852,0.07314629561553582,0.05691755517823992,0.06720731182247891,0.0578214945679591,0.04887630866215007,0.06861492205209138,0.060149772157083836,0.02623213450809595,0.06604924107108125,0.05641426558233019,0.0661143281627078,0.05907142672191394,0.06404335494538298,0.05739835905271504,0.06349491733077098,0.06474404149864461,0.082298306264202,0.07504237051080037,0.05377613611393452,0.049847857287979386,0.06963225497588577,0.05066027447815573,0.059080593380243004,0.07291308901028822,0.06403177928621546,0.06252228071363747,0.06808998774055812,0.0668963969851968,0.06829128472005179,0.06633010650758954,0.0528823353608398,0.05044354924236238,0.06412479024294192,0.0532245670074939,0.07782332657310673,0.054520335371221855,0.0525716679924023,0.05394204910160717,0.05994331452927066,0.0654906581846841,0.05092927478074366,0.058650832657849504,0.06627084086380243,0.04784991061757321,0.05686129625251424,0.0677916479240029,0.05736234584399842,0.06038381646153873,0.07081284173586007,0.06985184602607376,0.042120814310700486,0.05881745358694183,0.076497345964188,0.07064793203744336,0.06908365201144304,0.048781127189691215,0.05772141564814485,0.05736038349049456,0.054774506364924175,0.058167389530671874,0.0638567029026284,0.048152661692073134,0.05162082752444251,0.07230434604846171,0.06973958182621869,0.047992305285806544,0.06281182694118406,0.04678361572612272,0.05478619746118143,0.06152372557097715,0.04974393962134892,0.055442162551988236,0.07059095254410303,0.05751020733414512,0.06917759992981065,0.05639650367924454,0.05839817490658423,0.06557896778148928,0.059823949926376234,0.04914798953841645,0.0633064850019312,0.06369783218699138,0.07209427137823989,0.06140593986243753,0.04841273534247543,0.05506401724376914,0.06407413435822852,0.06840578906317894,0.0490935081867297
-22,0.06890668642571486,0.0741412720245611,0.04916866606406613,0.06338186011914089,0.07973931942426392,0.05105063769703243,0.07846095045378755,0.07286428322206616,0.06574095721775995,0.06016663860162881,0.07916802119559686,0.07732046856096671,0.05769843124241508,0.0769765116292902,0.07618451627861025,0.08166496783392144,0.06478050974652956,0.07682982740133171,0.06734760326478272,0.07656911140941126,0.07760011990522063,0.07076610788508747,0.08021210642856746,0.07014321672397779,0.0649009877594423,0.0780882850569823,0.05559262345472665,0.06957107047314798,0.07654978117412548,0.053693445295396755,0.058242209589254745,0.0716770573483246,0.065066725573321,0.06536901716357793,0.07092869049460672,0.05082037323991634,0.07907505186224353,0.07531450775572657,0.05105968667574776,0.07208734310900389,0.08061499082202671,0.0573052611927822,0.08626941767002842,0.06049659086357358,0.05166139198333049,0.059482610896470244,0.06520399862920696,0.07345410198508041,0.07564550520193189,0.05543779059917659,0.07622632050552608,0.05538766429574444,0.07310539080116785,0.07246093214614269,0.06647345610462795,0.05468999245297673,0.06599196196403674,0.08267545367295732,0.07702986396523025,0.056430365298638846,0.07152509307215914,0.06963882841538785,0.05776425227268564,0.05129013627905131,0.04500877307367172,0.06991384692369798,0.07896249543051241,0.08173652915759934,0.06877174557838922,0.06156249221937229,0.07634878957589149,0.063726144082272,0.07993866418438321,0.069455897531721,0.07192050148858925,0.064053353791176,0.08738660231058601,0.06267157433678694,0.06174861133182236,0.05798450793409228,0.0642853582551286,0.05821073668198157,0.06495130162213063,0.059512512604478915,0.061953575032863896,0.06575322225871184,0.06546103480989454,0.07858587974506452,0.07654339627999457,0.08166274758149558,0.07654656913163506,0.07702407685481133,0.06042676200992998,0.08747986114533365,0.07032678718744877,0.07781150598967468,0.07562197839522339,0.07207379466873019,0.0722688006359314,0.08027822456647087,0.058766204777653576,0.06346880868164358,0.07347023597153711,0.05492384483199689,0.05996587707221482,0.07248688208177875,0.07533614741186426,0.06579998888081429,0.07428049878177301,0.07019121471086939,0.07055172994114163,0.05678664997227602,0.06589385283268259,0.055422455169521496,0.060357982715134394,0.07089114404151689,0.062062004031363804,0.07897184558816689,0.0761079317900437,0.05125316205106088,0.07659031147357714,0.07869880951354988,0.05852914642821412,0.07274818829677959,0.06423288633551573,0.08573727635271057,0.07273736458688673,0.06849155394715323,0.07332318535416367,0.08065670919706844,0.059219026925687104,0.07151513534199169,0.07700641902841016,0.07911669658135748,0.06067716182691238,0.06046580508723386,0.07801888712538856,0.08904427587494448,0.05330628397530082,0.06372982937629358,0.06468220396814917,0.0789342732369381,0.07510243309612476,0.06492054381779412,0.07244953138839569,0.09504879160368401,0.05824067229728027,0.06442251371905985,0.07462358364918929,0.06846796075608175,0.07575155201155127,0.05877486648898102,0.07528815451865632,0.0403908634321356,0.062275770515649795,0.05391575104585559,0.058085839620452745,0.07908244935049183,0.05315530632886986,0.048864693027340436,0.07662037917233876,0.06729647581186417,0.07033467080897675,0.06306986495338929,0.07187037943533445,0.07873501069029412,0.057776700023412154,0.05806161464270257,0.07131171928589619,0.07434511654770204,0.06581403121238055,0.05779818658765623,0.07282849388307491,0.06607369496666747,0.07517254818251691,0.07354054246485853,0.05246105516477972,0.07749807980799103,0.06973816705692462,0.08154983963159826,0.06269994203676102,0.05706843935093336,0.07397537952085328,0.06955783845106628,0.07217485517309102,0.05748040868929123,0.04880805762446622,0.07680140639328965,0.0598387668534647,0.06564141032321366,0.07881408091331224,0.0727021065545408,0.06950475964673002,0.06000531085676927,0.07248567510330821,0.0778719141364299,0.08395756525593888,0.07874947264279665,0.06641466129886592,0.09046816819910697
-21,0.0759458841259094,0.07948545662110436,0.07244359162725995,0.06718822569124117,0.06510277216141133,0.08904593820805619,0.06958690386186817,0.1029775995339629,0.08766023130485279,0.07671762435320963,0.08167316079506419,0.08749813105861019,0.08010653649247602,0.08490155516387994,0.06303898393429844,0.09267879503791655,0.07268109722054927,0.09201478574633651,0.07442287005954157,0.07801512850431132,0.059522973440975846,0.07110655916259837,0.08005022913103028,0.0631066125934836,0.08958532441362524,0.07699654725761185,0.08206278596848167,0.08314714494861698,0.06630347444758689,0.08037251923357273,0.06968356979514131,0.06662211732845275,0.10002266377830094,0.08536315387134984,0.07420786296310858,0.07658383448647335,0.07778997640304389,0.07042293615695162,0.06873837148668323,0.08522937062436914,0.06657023220560145,0.04271457341102625,0.07620138776984375,0.08282286803893017,0.06985930212568624,0.0678549528759827,0.07615596383217758,0.07707394905119644,0.07586205466779589,0.07749659264521096,0.08614994139214009,0.08809029256958947,0.08775101232287152,0.0877985008331907,0.08549958654741635,0.07104112643254881,0.07584933738415653,0.08088318544418611,0.07972107009448655,0.08223352524626226,0.07973207926333802,0.08110149016705559,0.07389819240115901,0.07758090837721791,0.09811696673400952,0.09135687489218335,0.09531605259584545,0.07381881954814769,0.0917460955978138,0.08748517432313152,0.09246816374703479,0.08310990828525477,0.08527665512240437,0.08761456482915511,0.06565599495873754,0.06779757378421436,0.0757841353334584,0.07262264301561994,0.08316674697106151,0.07911998460220693,0.0763731830808867,0.07258682444610794,0.08298535703640608,0.09691596745721312,0.0766609479122574,0.0744756592457417,0.0669202248949321,0.07634920757118639,0.09110776181125978,0.08698190011429405,0.08950432416486122,0.07784992068841602,0.0729200397235068,0.0808946751916652,0.0696861092759637,0.06983939651347158,0.08318045641560849,0.07878039651313802,0.06718295124006743,0.0783209769835129,0.08901005078117609,0.06593738699812013,0.09432036121663492,0.0942633650714181,0.08615130283574277,0.08409750566161271,0.07031026938442997,0.0905541600521465,0.07765359323093098,0.0660031843379109,0.08162180493734877,0.07504664663690956,0.07040226784182488,0.07821302493733567,0.07136511379967664,0.07887187273573198,0.08495968921838527,0.09181134444994285,0.07219035842322234,0.07768050149752555,0.08706768983159104,0.07847527484714599,0.09240234294522381,0.08958548214574796,0.07074714932789405,0.08110683426070292,0.07837424795917793,0.08416720286003612,0.0627187564348287,0.06882883416532663,0.08927212846846318,0.06986067179553579,0.07591482147296325,0.07121615926014589,0.08534051295760633,0.07994074670593736,0.08325671015258888,0.08552692981181802,0.06990121253629866,0.09121229045389355,0.07942853189236149,0.0733507386375818,0.07960819277777319,0.0894693236271709,0.08982024348937212,0.09084364576674082,0.07468678604456143,0.06834401548410714,0.08522740330231078,0.07383027430132155,0.0912209332761966,0.08259301017745299,0.08111645125888499,0.0853448265622053,0.05909712341776617,0.07577867358166188,0.07436842749642654,0.08137071970111581,0.08152577012086284,0.07842639726745751,0.08578193221381974,0.09409126544446579,0.08023919482874567,0.07160888244139088,0.04581988919942736,0.09600261818987352,0.06723786951013429,0.06605379597888024,0.08683243693132672,0.10378011962011295,0.07711940004009167,0.08545539103596732,0.06649511414428295,0.08369805259991656,0.08613464547620225,0.07064091923521727,0.0744159486871423,0.06353509968318793,0.06402308483176938,0.08745003502470966,0.09217173323196298,0.07870892678694706,0.06957187462170948,0.07988781602332705,0.08580819235365926,0.08813403469374897,0.08487150000646218,0.0818002542739125,0.08996006790135573,0.09457419193005123,0.07766499001725267,0.0824890972468209,0.08370477435085893,0.08687966880142786,0.07928522448245609,0.0744605398878642,0.08051243560944346,0.08931754030366669,0.07776862680634475,0.07909325056558233
-20,0.09407847641882354,0.082325130234932,0.0863365167755187,0.08322621169647071,0.07848426169128575,0.10370552085946141,0.07095104102752046,0.09238177140554488,0.09981400969726271,0.08985543243815065,0.08190045524744272,0.08175983867096871,0.09240390627249795,0.10014878981185887,0.08150163088443416,0.07547776758354671,0.08175924917734062,0.08978740606671937,0.07539258084219662,0.08053718642126229,0.06919373683936178,0.10373002255008995,0.07073788689927113,0.07383858753608065,0.09464951221295434,0.10365128693453389,0.09928540090150442,0.08941503972854375,0.08550163582748875,0.105945423300106,0.08868124012229871,0.08773810304638092,0.10402293165813159,0.09237395793977715,0.08673955705343508,0.10013646950407029,0.0804366404322427,0.08700486709518879,0.09860494069328313,0.09394659803626908,0.0900581496428275,0.08424498482650905,0.09819048765535106,0.10068341568444053,0.07933317156989737,0.09689266753353515,0.09138000771240694,0.09585096358176332,0.08932469504478639,0.09154925053220596,0.07785001795438126,0.10387810827777283,0.0775466110264866,0.09368362424692474,0.08925785698171278,0.08535478708590408,0.1019973587118878,0.0898580567867634,0.10356348921717679,0.08360473593845985,0.08847423876558251,0.09125814189709788,0.09581811308646104,0.09124178416110812,0.08176220868866371,0.0897301477677613,0.10564527785871282,0.07590128323774081,0.10449649512874494,0.08332538820688801,0.09320325838940402,0.08893772322318722,0.07878517621488977,0.0917335122239218,0.09264983245857882,0.09123466969238705,0.09801913886380706,0.08141690328384928,0.08631522518705573,0.07168422202191269,0.08448944191299007,0.10882480187490486,0.08530171071373178,0.10219393386188848,0.08934311356110664,0.08211395160814344,0.08915421748352093,0.09486532812180071,0.08880567990403643,0.0815536837954218,0.08896281457306524,0.10526915640982702,0.09757085538110476,0.10729796977856608,0.09503061707785407,0.09215857711378833,0.11385113052546796,0.05955562873147056,0.09284117737347582,0.09144990861856653,0.09572009306981476,0.09037673549898474,0.09247519079051802,0.09239069783555195,0.09090684092197049,0.08345153860150303,0.08142680552838824,0.09587201523617911,0.09370685765445161,0.08310974340760871,0.09148116686840407,0.10654681978121097,0.08346065145212767,0.09161013658740529,0.09736521518856552,0.08459072917075479,0.08150889765729771,0.07350482096648277,0.0934630843036221,0.10783855739743395,0.09604525097834668,0.0569412170962232,0.08959482923190425,0.08526466472686745,0.0885852937974404,0.10722527520735099,0.10455462122574212,0.08134528719107209,0.09577903554568191,0.08031649318975269,0.08657199572864452,0.10276838312132387,0.08053391567280344,0.0968650906216676,0.10364407546878365,0.08540073569838072,0.10658166609893698,0.0683732069203209,0.09480884945417752,0.08575765320560562,0.1001653981063195,0.09577440859895829,0.08515437266328885,0.09778534277700834,0.08115857907627458,0.09045665865672622,0.1000979125883633,0.08207405833185444,0.08743457053764894,0.09087480519237758,0.0761118132607197,0.07049777879558472,0.09996905539117237,0.10999988149100079,0.094712969215166,0.08969640322444859,0.0935017085499791,0.08218341064825449,0.0999465201271001,0.08037151010303953,0.08832892903463757,0.07388062264863257,0.08362274773728844,0.09376667277186637,0.08265987701887932,0.08647448065599932,0.10120214907249091,0.07861991060973882,0.08676714120156014,0.07650802706759206,0.0908929507121309,0.08471679788645345,0.10159287712035267,0.07634819258316405,0.07266523404890639,0.08362147398358874,0.10497849843203846,0.10219561276217473,0.0814847146558964,0.08697273339952785,0.09987609777527312,0.10278607382019937,0.09245950070557511,0.08514063503105829,0.0775049389484521,0.07363123180743722,0.11138941913463704,0.1068894994752274,0.08028811322229741,0.10460135637279797,0.096052359504968,0.085036180202495,0.09907737026314072,0.07668104946026878,0.10033075111028984,0.09158282936228497,0.09113477354074584,0.09228721065667726,0.07720142140053313,0.08517521025006572
-19,0.09332112324077564,0.10479360060145,0.1054996434658199,0.1139987433065225,0.10450405511018095,0.09133091119017021,0.11206431082342849,0.09008723349861772,0.11234305952341483,0.09537521261911679,0.08499949077701738,0.08384044671434514,0.09369868388966116,0.11450216295360441,0.10719085563561807,0.11591359568943228,0.09390038408890358,0.10404356086274794,0.11550640780740021,0.10504226421661815,0.08084483394754696,0.09014768285406281,0.09702051599609376,0.10783442796800159,0.11955658394014754,0.08477300375637063,0.10535201196689958,0.08436346705653783,0.0954668938774835,0.10225233423427468,0.10630853350734108,0.09080696263123686,0.09733772578295821,0.08993049575598755,0.09888358313184348,0.09465219708941296,0.10665111766126566,0.0944787420250965,0.09732861113626377,0.09196724350297522,0.10428468958164057,0.09636241795064346,0.10875620785180137,0.10059411284421511,0.09596140817547137,0.08197975928371351,0.08031229578918975,0.10325984968034353,0.09892896360117603,0.1115327791440641,0.11442408208252042,0.11229744059130106,0.09328330075266106,0.10828089600353373,0.10819968068581813,0.08489841120090513,0.08054333423341409,0.10319030856753078,0.09602302681581866,0.09988016995956954,0.09796884275109849,0.08278667251393126,0.11113488832633477,0.09502378838658682,0.10419207972562043,0.09375811017475737,0.11023380281956166,0.11401969590949536,0.08180489232376645,0.09516186630705016,0.09397281356092382,0.09961698712461818,0.08791870825170231,0.10373827050052027,0.0904489035424189,0.09933915240891873,0.10318044018462122,0.11179275375779227,0.09649620089801526,0.09805549034717653,0.11780242349908622,0.08186137818983566,0.09079622849192255,0.08638045771926321,0.09705254794925722,0.08656783129903754,0.10117191503134307,0.09776060475427992,0.10317614902515049,0.09892493988305896,0.10196944429262308,0.101900553779052,0.1072827501524918,0.0950145683014946,0.11172458620688355,0.10808545771521086,0.10350958955212447,0.09574109694325075,0.1105901924429615,0.09201609498905304,0.10248629716283417,0.10700808874812799,0.10815292215222232,0.08713061370208335,0.09909021507154935,0.11384642777083777,0.09514324558595319,0.10802797651458215,0.09626444746365125,0.10821897013018567,0.10563958204694862,0.10099608619259207,0.09062577292672151,0.10073292221163041,0.10855145940822059,0.07253673470061395,0.10376034170166494,0.10591067801609194,0.10535669643767737,0.09720586260489454,0.11498209771208495,0.09176382838543584,0.09806088021548569,0.09972096547084947,0.09531895804517052,0.08936931561295319,0.08628614220047323,0.09146826828508485,0.08991370352194727,0.10192460636098398,0.09994291905316587,0.11324712377856931,0.09856559283280034,0.12686811518947444,0.09170765503194861,0.11587259865468837,0.11573508645152959,0.11025597819302373,0.10906839872152105,0.10429813643363858,0.10659282249390623,0.10965405575822224,0.11091728369883079,0.08463658955429218,0.08654781668209795,0.1044361450386159,0.1094541027871592,0.09402429364300868,0.0931748827515296,0.1126391936255631,0.11561332537408936,0.10552485203756891,0.10245417921800176,0.12203758418796525,0.10918814915474268,0.08707102091204284,0.1117003724762645,0.09539468047566542,0.12339637555983281,0.10655030611291216,0.09990461613982365,0.09469822123180728,0.09425792974556224,0.08881644118537338,0.08216117105648432,0.10719711323744112,0.09107440024517735,0.08775569848817699,0.09708635365380357,0.1025668110188014,0.10392374049781804,0.10450502822401253,0.08400549092586108,0.10297419224633003,0.07566648051362507,0.08490306128219711,0.10974971298776308,0.09392902041889216,0.09600883346136167,0.11057250592239051,0.11419805553271929,0.10651916352181934,0.10304487001051424,0.10186040583820218,0.10457052904606577,0.11446211820312245,0.09220438747711245,0.12209632110590152,0.08223974261202999,0.09266186109959987,0.09983802925866456,0.08404831030453834,0.11812368681972607,0.10115561844859391,0.12269774063588379,0.10406407429529708,0.11214400127654445,0.09848741921423598,0.08760910746768368,0.09387145140382085
-18,0.10885696694811313,0.12911047989799582,0.12859675323125538,0.11360552153347339,0.12856184982499952,0.13125015758252587,0.10640473628208241,0.11915949681767612,0.10527896590160263,0.11757192115378404,0.13695241133571903,0.1002167606793571,0.1020827374985102,0.11233639059690842,0.1048160488937997,0.09686300469752011,0.10822293049436141,0.11396382892501278,0.11017375010089477,0.12061727090733157,0.09803407346565812,0.13167024188905785,0.12432615190896905,0.10984573787770618,0.10063583788112036,0.13567099153826592,0.11999990748248782,0.11527108906943455,0.10223474129887804,0.11359920202713787,0.10904088494111629,0.08961154395064941,0.12442248582823405,0.12632808244429927,0.10650615816251756,0.11808059907164237,0.11233923121094441,0.10847850703250489,0.10269518017065331,0.12415562906369194,0.12508247635088315,0.11414879741641615,0.1106266135096462,0.11343731995576539,0.12297799050017366,0.10990925878908615,0.09017529083363472,0.12365198368380902,0.10245985331600141,0.11236177302697506,0.11951666124326918,0.10822522321542791,0.11461632969318264,0.10218161490215216,0.10363747168271771,0.11618575621290501,0.10617649175698711,0.10022933395397889,0.1018294984415667,0.12591960714931585,0.12140702953095041,0.12711601372463716,0.1139528010424833,0.13373042897714074,0.10006294404152806,0.11172607961816879,0.11643275438509527,0.11982427872058923,0.12491875239243243,0.10322771578222506,0.12105789395819472,0.12969844703071085,0.12137695906440084,0.12200209740558904,0.1041016347414962,0.11448279418639924,0.13361768128708293,0.10542950165425041,0.10069787521099155,0.11574723063102972,0.10200472499972177,0.11238283982450827,0.11520200091368193,0.12228875035700107,0.11524447138302273,0.09527417865022834,0.1077738019576977,0.09813493672704028,0.10738803285569606,0.12320588571124315,0.104288899774088,0.11772165758692617,0.10149614282168838,0.12227666237645704,0.1284166639954386,0.12123889840311054,0.11434347208426492,0.1281982701065136,0.11965812085331037,0.1142540987447795,0.09912915792768986,0.12076896147214683,0.12222698707723764,0.11823907660031241,0.11205528014171093,0.101415049699635,0.11506123265603274,0.1316258326650461,0.11441063689071197,0.1085243308906367,0.10905680841268318,0.11630883187386588,0.10530787733302774,0.12394684371523024,0.12065089465070689,0.1098240096616292,0.12158288473085817,0.09443738579912661,0.10061979058336169,0.11129344630340413,0.10764933797909229,0.10120661640628763,0.12151154938042408,0.10995548169226749,0.11665596479821365,0.111832590143399,0.13144969062108353,0.11940151967101859,0.10539010886783326,0.11052733030764395,0.11861215263778276,0.11589742054691853,0.1307366606207102,0.10640118840482733,0.10291802772576068,0.11661390771665513,0.11154472857841963,0.11012951676737223,0.11308832728912838,0.11884234696998462,0.1123359367943258,0.11339727282775568,0.10639839599282243,0.11378179852022778,0.11662182314488996,0.09852339393944799,0.12193222266829873,0.12560231811251138,0.11112982370554972,0.11281531976449814,0.10740519145754027,0.09802597761803972,0.11138701007282646,0.12413805099907234,0.11833050555418852,0.11155005594238786,0.10036749971026226,0.1208506538157949,0.12774555898100518,0.10754521762017846,0.09382199875883629,0.1295646191222806,0.1114762049630656,0.1252590705159012,0.09977598018590556,0.1227018583240328,0.11886693204054732,0.11227126152817848,0.11234473175798697,0.08678424215920448,0.12260221041286481,0.09983039827124131,0.11499997951355362,0.1066683300292744,0.12944548663365682,0.11771428185902526,0.12062123715862029,0.12369033446654867,0.11077637957019862,0.12841138831363325,0.11603094560926017,0.12124810926032299,0.12312040824078554,0.10916969533874361,0.11136503917657654,0.10351312386695881,0.12225108672561955,0.1112971331613561,0.10215858007380292,0.11549631945201673,0.12612048003846418,0.10714424289201431,0.1086661499615398,0.10300924996754819,0.0984506076709312,0.10384929011667625,0.11206770479179118,0.11348958916840111,0.11314711043036188,0.11031113148190076
-17,0.11866852787708444,0.12010976876862176,0.12752603021353945,0.11810977851691283,0.13386575100611028,0.1299231540807229,0.1268413615430835,0.12879268736852906,0.12150737109173823,0.13503242510966584,0.12164668213666836,0.112702025072156,0.11750246847862744,0.12080577399775828,0.127632296301155,0.12128555174029658,0.137890282762502,0.12372421971886767,0.1279197642928992,0.1259957277317969,0.12683844533411806,0.14582242804770007,0.12097359839254962,0.1364433462631975,0.11935287334740374,0.13075489197153328,0.12300667057283653,0.12249733444861534,0.1390718813598228,0.12564478522609784,0.15695036436195345,0.11783922439525889,0.14273447591318797,0.12651108896670837,0.12119623521968513,0.139383777603261,0.11370500343717826,0.12522599586990257,0.1258660085683348,0.13727271307756572,0.11189677848381083,0.12365673939351696,0.11918156221470842,0.13009018085977073,0.13060271605695284,0.1335103152843995,0.1371247953112668,0.1281765589923306,0.11293350641298686,0.12991318141637012,0.1247663856535898,0.11639203395624638,0.1057067351448925,0.1307906832221172,0.14815876698481303,0.11186672539915533,0.1213409090517349,0.13384810639673245,0.12968224878090262,0.1394265453997111,0.1342957922281269,0.12620302082786633,0.13583347556952843,0.1250763359227069,0.10873679403485695,0.11000114976745415,0.12986590181330127,0.1256914573458508,0.09893253738266973,0.13114911622405986,0.1217915411130544,0.13413507985245823,0.1395739306411719,0.15136543915604056,0.10735613530928109,0.13223358197321552,0.12438659972394524,0.10713346059027853,0.12976098348645215,0.13634688524876298,0.1249145729884292,0.12865314596617075,0.12263304512465158,0.14242094824773308,0.12501747651015857,0.12708332760047564,0.1287342808678686,0.1380632863364637,0.1289117820430527,0.1222650898412932,0.12415193746879793,0.12937758587227058,0.1263967002648368,0.11967860509097439,0.1145150746930179,0.14399212331739986,0.13501742251736853,0.1347287612523698,0.13607765963762664,0.12744849032666036,0.12411035921045332,0.11823469483580143,0.15174971688973568,0.12832947209024687,0.12364139923090335,0.132478099725442,0.12883706720413374,0.1169321264749188,0.11490249544822558,0.10389209265952068,0.10865612847605183,0.12773957926453056,0.13452028750366465,0.1418168304962339,0.1132930733334992,0.11679518664098425,0.14069740431145056,0.14116872445386816,0.12326826414089892,0.11240380071887132,0.14267009975648456,0.10899161502336663,0.13028854500747192,0.15449736872910383,0.1336139609414436,0.13052524825908865,0.10606596138981121,0.13048296496256828,0.14217870546207087,0.13344984423550274,0.14239170037112633,0.1229368492135065,0.15050757868247205,0.11826270725766255,0.11686878502359564,0.14932402780888465,0.11587526888433815,0.12995045975923722,0.12107755341489855,0.1155053717489749,0.12715775894397902,0.12827441243394563,0.13289467936816834,0.12404939412766981,0.1391857060255512,0.12021829959342895,0.13904203067404136,0.1266147496471132,0.12059224033320642,0.1251536498114549,0.11370782973796709,0.12181727288171028,0.13546640484621145,0.12604682601958042,0.12111041816447307,0.13456848577898517,0.11840265161564971,0.12678760493033783,0.14651008828528478,0.13545022993226197,0.12046226796986423,0.13421794998433134,0.13097512074490394,0.13152311594310157,0.12058592033483374,0.12452984638936995,0.1244413357262367,0.13587364148548198,0.11351635478567684,0.12597497015461379,0.12062809630996014,0.1328748227890009,0.13007788113363486,0.13213991458550764,0.11792467514960113,0.11491360022385162,0.13757669970543812,0.1286992441222399,0.11358112993549582,0.14874892762551595,0.11914749773752438,0.12329602565782904,0.1354298896592228,0.11487499005066315,0.13617114996611593,0.1258944064796641,0.12031908096784188,0.13195924210333687,0.12538173988153004,0.13767957888370572,0.12934921554669146,0.12989068250366262,0.13851432161287608,0.1306361644255782,0.1284200753368016,0.12094535044028476,0.12527005070052982,0.13918397673708954,0.12872141216135052,0.1319763407602794
-16,0.13584539746817859,0.14028186628983913,0.14458523673255938,0.13797453564270792,0.15478755590807391,0.1494528389107188,0.13437684871500077,0.14439248588511916,0.15695079726375305,0.14418076977727895,0.12698060917345746,0.13835088304123883,0.13409376754384386,0.14130981983122864,0.1250312322368665,0.14342474554651025,0.12390218164561523,0.12445858110071169,0.13932533991278542,0.15662464511089852,0.14068535267107532,0.15553370704251304,0.13878148505942306,0.11947030436674311,0.1385839332613514,0.13899491380613005,0.1300150592112088,0.1273041882325282,0.1531271011749112,0.1369134641545997,0.13656638295314952,0.14138474929112868,0.14228186084185585,0.12262486655496788,0.13471050887161143,0.13859995076946516,0.14325409377730286,0.13013477960833303,0.13471986992140753,0.1459030237014949,0.1312595113440151,0.13106398178763276,0.13353277639923153,0.12674311117786302,0.12368271639719715,0.14978313089256667,0.12911225557620157,0.13055447859948502,0.14229544745221337,0.13990426999837446,0.13091423712727981,0.12947831742957747,0.12601221999234566,0.15291068221727055,0.1335042093921354,0.13786022613364307,0.13378572436130548,0.12912353561606943,0.1411003922136731,0.12688236250679402,0.13179303355296754,0.14790260017199025,0.16130509974957025,0.1607913785429647,0.1430944039443821,0.1375564894715468,0.1410266985127476,0.14674639749281781,0.16116204969367812,0.12022134189933012,0.13148278993368778,0.12672481357031445,0.13262360358989206,0.13559203377045642,0.14867991096729002,0.15141258300344207,0.13912676951308298,0.14634854891730392,0.12777303594394662,0.13969077166909566,0.12766365082990358,0.1322319752773549,0.13976032471198538,0.13920894058108282,0.13488705564215506,0.1382458433752116,0.12111694753321581,0.13777940314052292,0.11736340825902858,0.16066967572880564,0.11869310848794334,0.14894619281512303,0.15355982591964584,0.15269900295952807,0.1277819435795234,0.13875371599072028,0.1473751408765682,0.1460288777556711,0.15009627905215026,0.14206278838089167,0.13729204734368788,0.15528965475386008,0.13291447396126116,0.1433040391515266,0.1388961277517743,0.14142264839024554,0.1413929927399636,0.1436836598873123,0.1421143533431358,0.1190706063037095,0.13407157283199267,0.13134199279984465,0.13851372559851952,0.15971079726267223,0.13516283538366913,0.12638180597098342,0.134013102708368,0.1212082898844994,0.1315554692456277,0.14119915896318272,0.12827667083279495,0.1292842829394279,0.1442822780613239,0.13527769407514137,0.14702628926823627,0.15401721303813065,0.13276967171347714,0.15853362101799937,0.1537995813038612,0.1363804947505324,0.1409908217500714,0.13215433999512782,0.12827609093109035,0.12657287250346094,0.1424685129977268,0.12834144665311237,0.1417209239763306,0.14003278675466244,0.11951426599486276,0.14639475062727614,0.13883874933124093,0.13854480262041077,0.14778663326166708,0.16595577361873354,0.1360186943306812,0.1416610586230748,0.15332266048829096,0.12589903949727238,0.15139817561350613,0.13051859516613928,0.12541438724396675,0.12996176692683087,0.13413184766088432,0.1456313047836478,0.13033674144468937,0.13908335190317864,0.14764332601821958,0.138053353460248,0.15758016396936178,0.14637841033795357,0.15134481240694092,0.141782377959037,0.12965357926231075,0.13254511938604224,0.13729833467287264,0.14492569612205933,0.13042574129352524,0.1370846234056505,0.1431330226494985,0.13647163167409992,0.14910516078228225,0.12652171704887277,0.14505191218900634,0.13636699313364134,0.13899587909156536,0.12897253876468462,0.15355682947889002,0.1381514445321564,0.1301422875772889,0.14763606650259403,0.1347765202035608,0.14090352763361652,0.148712738388488,0.13210830522463382,0.1468672964929179,0.13975731167585162,0.13767355514918392,0.14129564759638016,0.1348769991145566,0.12930656101592622,0.12397932226284114,0.14713249293921507,0.14112894409613405,0.1307060160985646,0.13048111970500564,0.14054838619813834,0.12325267831107854,0.11905503401187188,0.13799726044714822,0.1326372015354676
-15,0.16065617535986412,0.15730525857419997,0.15256332722762225,0.1635720640332641,0.15865896942090923,0.1612225205354772,0.15919120216508406,0.14159069733407734,0.15540483284758877,0.15070169191838695,0.15388565413540492,0.13608777651176257,0.13722592088847702,0.1557181226349352,0.16608520025417475,0.15464343546049666,0.14199868994934,0.157514398082847,0.1468182822772091,0.16076382775609707,0.1549326929122962,0.15567435800957968,0.15372050873670592,0.14389614790184202,0.15816337759616098,0.14287571504384927,0.15702772369366036,0.14993453127499262,0.14930919196644923,0.1578933186557464,0.1548931461762126,0.14235105566152023,0.1374318576835497,0.15354486827878355,0.17269254498114928,0.15608330311123714,0.15380104154332075,0.132008558615936,0.15357727939994023,0.15798033930783853,0.1491128806939185,0.15078883733844642,0.15866889962513758,0.1529612846508136,0.14361188281205306,0.16293844445944577,0.16631344401255915,0.1468509344849652,0.15533852298821646,0.14418365804130706,0.14788958584704032,0.1536679212593838,0.1552954713320976,0.17033042284339445,0.15958749193233898,0.15207157350221376,0.15243365187029653,0.152005260748985,0.15897740858071086,0.12622953363176564,0.1510555618559292,0.14348160797482176,0.1377703001260499,0.1400878424025414,0.15861521582948515,0.14750879567753974,0.1706112070395901,0.15607546571684372,0.16897541987543094,0.1576973229448593,0.15910801524256094,0.1443830080278918,0.1673170796976093,0.16251818848229324,0.14939180880864342,0.15973010064179496,0.14887765646397522,0.16127227395512528,0.13958426462248127,0.17769574691132972,0.15220617797017832,0.16063982360873824,0.15817035601247093,0.16440724912290136,0.15066350275659432,0.14100843719729245,0.14061474067335686,0.16001625451917406,0.15551668317464723,0.1509283724088722,0.15670307315648924,0.1568542040740456,0.1437742218350226,0.15527430338174478,0.14727178186465434,0.14543975977829507,0.14921550295719757,0.1458249987952292,0.15423402678691672,0.1273396432485291,0.15413051967253175,0.16006884345964598,0.13888418351213364,0.17096797800353694,0.15656103966145404,0.16681493624245572,0.16206375520215255,0.15979700673506392,0.1586152566795603,0.15654676390014216,0.13641688307136973,0.16156587007968923,0.17207774626696792,0.14320020595469551,0.1628706837669756,0.1649742108101471,0.1782304098412546,0.14262975812273493,0.17076921883896076,0.15472425956618657,0.1456544859415038,0.1515194128020884,0.1487566477032032,0.15441697794829765,0.16206686058467648,0.15149813158806166,0.15251703559225668,0.17003066799180386,0.1726869242569237,0.15464666653704576,0.15763382647643245,0.1382939985942356,0.1588335302196194,0.17758510529248536,0.1523760106487819,0.13431035236257283,0.1585415624582476,0.13661291469303577,0.14533707679294477,0.1619111848398055,0.16627939660506355,0.1513522291880559,0.14660282348761816,0.15023467544654495,0.1397411362319034,0.16126021072375846,0.15365268628634077,0.1441365059294726,0.1529250619826923,0.15888787919752864,0.14700171411351104,0.155422805283843,0.14686148399223897,0.14686037728201665,0.13090774293639518,0.16148505431450716,0.17079959118006194,0.147297430159914,0.1599675923304478,0.14005033413310788,0.14236999553900326,0.1540621784897475,0.14956507762354312,0.12894944665374725,0.1654520806759264,0.16545626637582708,0.15114384432253056,0.16091625788950478,0.14182011220651436,0.16060860152772644,0.15806858166416343,0.15731474953563035,0.13213262637675702,0.15159073487707567,0.14134469889244455,0.14128817681134734,0.13832808021371956,0.15536158291812413,0.17077066970335175,0.14743777363496208,0.1487106503286445,0.14961917760917687,0.16073162813276948,0.16703889859432414,0.1611508557570976,0.1544944553169017,0.14575483645969134,0.16011219200340351,0.16173941616520593,0.13448545237195822,0.17110106858553442,0.15356130753050418,0.1604200948582533,0.1571933750302638,0.1671119103554942,0.164637857618302,0.14993307345608076,0.16919279775814394,0.13449185051732898,0.15048405610437993
-14,0.16691661190037524,0.164138712177175,0.1715483786342402,0.18563246276371342,0.17676283382535934,0.15257009425242538,0.16479012698881249,0.1611292612399826,0.16498150485295726,0.1651079385801667,0.18447227852157644,0.17939840288869446,0.18226855731121308,0.1606883264382651,0.1765693925710856,0.15875168543942383,0.14798966466706076,0.16134612963438355,0.1594665618256033,0.16053100352312863,0.15556907288939117,0.15898385550032923,0.1696111987002559,0.1638476144444701,0.17306825248619398,0.13727609823483053,0.17113170154151322,0.16386141723840175,0.1529331893173329,0.16210958652965207,0.16006329584924345,0.16718969894979513,0.17893277101520125,0.17198038692768855,0.16908940549808027,0.15449287461240827,0.1813320048398565,0.16741473387363506,0.16730782616840478,0.17543991771230613,0.17492290686968837,0.1820725230488856,0.15652713422450668,0.16298518783317428,0.18187361103992672,0.16381723278722204,0.1791918402925478,0.17592620384368168,0.18368474754046102,0.16334312329712816,0.18370769048058216,0.181829510126319,0.16470740096139277,0.1812296653265902,0.17721019911290112,0.16251168410692546,0.17439080431935827,0.1649218065450034,0.16508963883513555,0.1733797623028176,0.16607105262075558,0.15641962290543565,0.1686369065835325,0.15980807822727444,0.15307613234668158,0.15111281608165028,0.16768925137084092,0.1568129425011511,0.15329539028214806,0.16815562808459802,0.1735789614575235,0.1622935542615339,0.17585870008606663,0.15955674281870455,0.17792311251526316,0.15683053858358897,0.16936384108629476,0.15401102248386972,0.15847186778072575,0.17640905058509163,0.17247740673323014,0.17649523411559773,0.1711378997763674,0.15468769173421118,0.1452478218170273,0.14427611224953965,0.17100698312857984,0.1437382169512461,0.16338855789861292,0.1719442960481112,0.17045860898193385,0.19185003675611872,0.18236936293191602,0.16737371965142434,0.1899397966280042,0.15639040862326117,0.16066462066207027,0.1807965570262157,0.17847024045603674,0.16324524231315676,0.1930574101909771,0.1596692251105975,0.18013098515021025,0.1629956464521941,0.16926246469010212,0.17241863614015804,0.17287676553120396,0.159625773129669,0.16238384258294714,0.1571449596674549,0.16506804731984842,0.17318731625507713,0.1687831728822146,0.16609427484340317,0.16705050165926383,0.15876482154183635,0.1662009713589116,0.14864550526908896,0.17248128927845924,0.17812429465016372,0.14910745095907477,0.15199281747960863,0.16381360303363984,0.16761035897331086,0.1606341278198047,0.17071806209468354,0.17190846213640001,0.15595060902132699,0.16267110140677815,0.14924742581838973,0.18045024556343686,0.15058939261868154,0.15032980543751306,0.1681614146032916,0.15802481430418583,0.17207345206867286,0.17702943477734423,0.16198514390383376,0.18266618168156465,0.17035896313626675,0.15477148947763006,0.1670719962029141,0.18177782847774276,0.16975615362999813,0.16589037578645155,0.16388896700243852,0.15927540049054445,0.17719814087963268,0.18998700415229408,0.15896550256748726,0.1807552063692766,0.16505747490419242,0.16383108469066032,0.17253265670822476,0.17457707738273243,0.17707447974312165,0.1560400015243008,0.1631098094117883,0.18364311501249103,0.17080921629493376,0.15408147041127343,0.15257516665372273,0.17669481044198407,0.18331393359205733,0.15937238530656767,0.17897969695064422,0.1656493495155292,0.17241420657084225,0.17048756838957274,0.15405398357652672,0.17439330268266534,0.15898207753104154,0.17691389231465737,0.17716522563651396,0.18309383680633207,0.1885512375736396,0.17586591851625502,0.17960704009845066,0.15888174231674596,0.17385706850921706,0.16654212366671384,0.180842270313643,0.16583820892385348,0.1850849936625847,0.18667695411095842,0.16689760463846362,0.16197276103446434,0.17562666996934892,0.1648339799225923,0.1767199127742035,0.153498492899426,0.16384611345582695,0.171574925207777,0.15007791876491167,0.16432971082852915,0.17401372606636487,0.13832524043638503,0.16776166184146973,0.1729533462824563,0.1517743296470895
-13,0.19001292910969947,0.17941477645799886,0.1999621173775278,0.1832454805183513,0.17703262792035845,0.1776926686828203,0.18672596160092791,0.18825346523124112,0.17145285044847886,0.1861597162475721,0.1737367793709534,0.18210945855854155,0.1878873887020539,0.18143657640227556,0.21084147319711707,0.19383424036529148,0.17120677315994415,0.19893610185992164,0.1830731275398255,0.19770822962549855,0.1885841138974464,0.1730825945533275,0.17804980438245885,0.17913935389244817,0.17474153757613733,0.19299296578938366,0.18142995578073537,0.20205048355365457,0.18992698794718021,0.19532469568880334,0.17260240136777114,0.2021184418172421,0.1719171739929647,0.17166397696766236,0.1786984275010461,0.20259284536914832,0.1734872704604995,0.19008735960180906,0.19225463764405937,0.19494959716553456,0.19005902193651356,0.19042052013233743,0.1984105462593853,0.1859585804128345,0.19551220223555157,0.18253803302379767,0.18585956074966253,0.1990638345718277,0.18851155907985348,0.19142480845424165,0.20730252842389707,0.19204515908069192,0.1855593682514968,0.17978985904877626,0.19003739759228033,0.20612177086023997,0.17433470272369647,0.17538507241333487,0.1776373863157238,0.16289243182361154,0.17671966658559404,0.18369835095623258,0.1695534058284041,0.19468960643864486,0.18567984096595222,0.18724003561540006,0.17797139947865354,0.15089979478660992,0.18821620512636172,0.17800913839479296,0.19502015566495481,0.19355557716426472,0.1921629869937377,0.20180058177120802,0.17926935251561268,0.18489126800951616,0.19768325419514096,0.18855956095900503,0.19186596595434388,0.16831183676522957,0.18917595699189216,0.1716453650856428,0.1820435643520154,0.19021816162604835,0.17345882785596223,0.1792050884007398,0.18060328302635284,0.1760000401890823,0.17815655415449677,0.18085042822051284,0.1937315796609575,0.1975343139518333,0.17077493183523856,0.16384477865884292,0.20944944965403153,0.1866052903928178,0.17410635837928803,0.2048131432158177,0.1761174890104602,0.17347265741455342,0.17719664105481103,0.1784265233199085,0.1921097545240362,0.1691150329637931,0.19822198553894038,0.1969278640605307,0.17342325128500674,0.1780550712996201,0.17818074592449626,0.18388090938842447,0.18520693407778863,0.19028317676645476,0.18126731492741216,0.19177932858620111,0.18725083515121713,0.19477161283684388,0.20525593608581355,0.19317551185770115,0.17225308941714543,0.1886311672141801,0.18930769755282595,0.18703382309817368,0.1639456723912121,0.1954365465228877,0.18048959835002124,0.17918967548087467,0.19652708914426484,0.18806784235230734,0.18558574920191032,0.17053550061300693,0.17715427159515051,0.17249169549557422,0.17836111718957587,0.1932116558339565,0.18875051217078637,0.182242627232258,0.182996519233488,0.1792873380947851,0.2044755265299533,0.188205705376868,0.20108705531379856,0.19386203090845872,0.181056139890171,0.16574317827644852,0.1966456117081299,0.192950331668319,0.19512937527042193,0.17150508101721257,0.1905307609676111,0.2004109788036992,0.1866936863214262,0.19332239032975906,0.17914280749760603,0.1774294499294267,0.18703643335431078,0.2014278960901396,0.18326253768747403,0.1729328665408808,0.18233022186260175,0.18370041903400403,0.18595698978164948,0.1902810708147043,0.17724544041138696,0.17453507216940561,0.1985494548375485,0.17490350119294384,0.174818592682056,0.1954810040119414,0.19783359358351194,0.17775508363680362,0.20238493088651854,0.19881968681686896,0.19369489327399886,0.17701832464259964,0.18210899535630765,0.18980967990182304,0.18473041319923644,0.18675965447545895,0.19874426621718677,0.19580115959665648,0.17909650884503367,0.18876186676721116,0.19073202983744159,0.19476902761985515,0.18649090559078124,0.18294562451829316,0.17881195816795534,0.18324339769519832,0.16927614640481675,0.17902142145617503,0.19521007573532012,0.18639341827739983,0.17409538782602244,0.17697052540784272,0.18986077485098898,0.18630789257135627,0.19058280531155122,0.17899912901386927,0.1774994138689532,0.18437142752957433
-12,0.20046546753251468,0.1999166401340742,0.2054149856478777,0.2055039883607825,0.20682039997517834,0.19355068949225768,0.2117822203520003,0.20476782854817416,0.1981063973627789,0.21825920836402088,0.2043856981733863,0.2063736527944545,0.19970685739830052,0.20299583586500733,0.1909224125869566,0.19918953657352143,0.2103562365175854,0.22714400155884026,0.20642104079593823,0.1980501300712845,0.19632495787242618,0.2119374537917487,0.21398053078433465,0.2003533309746925,0.20564174120211642,0.19638822225325342,0.21318487703410058,0.206656203854013,0.20857972742060477,0.2041965254116986,0.20865804962317783,0.22285750807461366,0.20620884847648877,0.1988863784066898,0.2015396220486553,0.1932334676943509,0.20495323222022052,0.22535384043005308,0.20280350106050232,0.21006585037634565,0.20765992365740835,0.1944204063106038,0.2083577477793313,0.2172510690804841,0.20318758948588195,0.18857400924894954,0.21279235194164176,0.2139995877091426,0.1932540184483762,0.21688086921509256,0.21566673140708667,0.21070929670861746,0.20414606404002264,0.19154164798506246,0.20176997213826306,0.209562246566386,0.21440427991740446,0.2027038180286455,0.19640894577905615,0.21383385876385602,0.19773288787588844,0.2081507495167324,0.2131492883022255,0.22464339862590843,0.1972253950003142,0.20776868869512763,0.2100877670693434,0.18531096181898335,0.1994893898093477,0.204117308035401,0.21729913050157562,0.1986413271426991,0.2009602829238544,0.21014990502881437,0.21252514919474275,0.21402260826221992,0.20753283424642172,0.21239952096594045,0.20501536307222967,0.21006173322484462,0.2067415868559925,0.19128867492757004,0.20742343518726566,0.2016429970243334,0.21506495568974895,0.20171245837027557,0.21778136302623374,0.20582269663072122,0.2166086807552604,0.21072387413064725,0.21485161065828043,0.19993314858892658,0.20571019640616495,0.2101343498054451,0.19740682543716123,0.20760826640439317,0.1964602953191219,0.204240497544055,0.19256623949740584,0.1914485344551554,0.18175265594482373,0.19058541505188945,0.1982104059243231,0.20393027426860263,0.1986535670077389,0.1860021030720627,0.22329349041030783,0.186650698032682,0.19701550527576558,0.20240156804756995,0.20622000787602499,0.18891341596953393,0.2216114537545518,0.18748801327577852,0.1899932771316209,0.21164830049743436,0.18680129165275275,0.2107277681346076,0.20197607253448174,0.22021072908175812,0.19620911255676562,0.21308224433351042,0.19926639269323407,0.22202958000753809,0.21575205476595335,0.19684972193358427,0.204519803486079,0.2064261124921247,0.21830901490826202,0.21653341059481188,0.19703731731738053,0.1845859385469292,0.20055345433755084,0.1913106289823804,0.23615446005918203,0.20148326288243718,0.2123827380976455,0.20806532000806854,0.21185322034939338,0.19782665893994733,0.1973423106103083,0.2091223029881165,0.18840413860826755,0.2120119552171984,0.20944895222761592,0.21592748064911155,0.20901504686591676,0.21552651357099184,0.22210859401012414,0.2119932774664487,0.21751235209846131,0.19158252547873603,0.19326885378724706,0.2286450168479998,0.2152283295746614,0.20760836437230068,0.21236573804766798,0.20007880821619067,0.1936578580964488,0.2036768519888112,0.20365515025409436,0.1829259601460173,0.20437214448936397,0.1965342966521822,0.19505724343562506,0.21013257986254247,0.20688023189601923,0.19836349992553523,0.20139000976464877,0.20796730947615039,0.20375301476671281,0.2031225471978225,0.2048358290614133,0.19436295358162448,0.19840785072014966,0.2117594951668617,0.20614650711893895,0.20224722053231087,0.20013056508814986,0.18697473947405308,0.19553408858873408,0.20231109954399606,0.19831955399618573,0.21135814260274685,0.18301005442820614,0.21078622515804743,0.19678560010062038,0.18214688306325846,0.2173683441320668,0.19808750838741795,0.21039288538167886,0.2045426768016995,0.19212499206139758,0.2109935504939675,0.19905271041676334,0.21986269700059108,0.2151940956732565,0.19565942741451703,0.21666045714883136,0.2031192533511641
-11,0.21570513518252316,0.2412373516849636,0.22737077180300894,0.2398407116670024,0.24413570914827404,0.22319870679261267,0.21900649341046488,0.2235805484028606,0.24749928311152036,0.22669162552853217,0.2308306971462982,0.23685857660950405,0.22250514928369242,0.2291786134588582,0.20985519227285976,0.21579369941034837,0.22685868056290923,0.21698384487203587,0.22915768267602402,0.22585199047546073,0.21742999048091105,0.22732639626270834,0.22914379553631334,0.2226543521120789,0.23956996067541347,0.23016733458249972,0.22850793106634623,0.20735933991928326,0.2153574801914648,0.2261441513789128,0.22307627957418324,0.20919881751116898,0.2175232558070848,0.23748086864883136,0.22478487153273766,0.22927563225336953,0.2201244209984578,0.24188220051512796,0.22273311018131847,0.23095141455733972,0.24571404081278458,0.22577090304739272,0.2418135909958038,0.22170818830582295,0.22949000112259313,0.2493786751855308,0.22738601620108598,0.23502796630188388,0.22898806548845435,0.23291771780738013,0.22455348380247378,0.23842878230551992,0.22259812100973214,0.2179046352155955,0.23680117931792713,0.21553421831427286,0.22497375192774868,0.23927092096939262,0.23536590682840125,0.2378390457867313,0.23373759009869416,0.24105915431986136,0.23862359139655684,0.22080466320371403,0.23600134933731515,0.23574190265611028,0.24280184098521004,0.21629395045263522,0.23099916040738386,0.24766782268243237,0.24086086667094087,0.24505828220150497,0.21477526619835224,0.21476500154750996,0.24285643017000347,0.2238164625634688,0.24034349958594953,0.24446674705219146,0.23387919948229804,0.23406346399591318,0.22834942049943016,0.21808755661130513,0.22567698164933253,0.23107239067915192,0.2238578302004682,0.2248055637107011,0.22007400471264643,0.23765264102607692,0.23134349692399817,0.2284615487288311,0.22577214363701695,0.24458773667365188,0.22600120237907265,0.23576371767039148,0.2232506443601209,0.23512276670715773,0.22589343818437607,0.2077225074533853,0.23398882464924478,0.23868287663438,0.22515571574879745,0.23823180085539436,0.22958690438309357,0.235905527380477,0.23102271753787862,0.21031059076200867,0.2210104009884223,0.22170697379716425,0.22616398158831746,0.2280346148217553,0.2204217938763578,0.23569394394241874,0.24055405180364392,0.2229079064478853,0.22916259458891566,0.21974942578947934,0.24327852237156664,0.21754238536132134,0.21679150753712206,0.23285068820726065,0.21686471924332773,0.2284220903246098,0.251511435745057,0.23047863162410012,0.22806702939058388,0.2097120390579836,0.22991290715280258,0.23092548564502832,0.23822233864431014,0.22473158558050357,0.229042852358822,0.23032045317717978,0.23548592007838343,0.23666695740345303,0.2175780155021972,0.23393880168567333,0.2446410467613265,0.22154016516605557,0.22506324196558908,0.23609951832332288,0.2449417967818241,0.23121474285196428,0.24230812846287605,0.21936160370572638,0.2456983837467075,0.22774550998463772,0.2474236300702711,0.2368917913191887,0.2304191352402257,0.2349905058474736,0.21469171278305008,0.21781858353249156,0.21827704293405478,0.2371417604275339,0.22640590352491996,0.22457058681717512,0.22947796313520752,0.22082492890521,0.24566705584169807,0.21271730678338638,0.21864311333618605,0.2622088696021937,0.23002754271958045,0.2254517447036422,0.231924871275617,0.2227353892237016,0.22709241313982179,0.23407637786897173,0.23582180360168487,0.22974423230484856,0.21369539522373698,0.2182161376564281,0.23119733454338964,0.23565791251632334,0.21985094490381615,0.23662167930020692,0.2338775053971851,0.229560676135794,0.21918665900376477,0.23311317048262017,0.23841949786813596,0.2173802830178589,0.21624048707825505,0.21730079945547698,0.22602785499212735,0.21754717826673134,0.22289943548371585,0.22873112448159727,0.22944237565865105,0.20747032306472504,0.22252156047980606,0.2430457712495192,0.23797849063879586,0.2220827447129817,0.24563256325977376,0.2179643917591955,0.2261832172418655,0.19762105377876457,0.22092801763057546,0.2279273872522705
-10,0.25411142531173725,0.2414926431275419,0.25518979373245426,0.2619461183026633,0.2366734695747453,0.24744230748658047,0.24181933668288408,0.25691483930154824,0.2638995123432981,0.26187846978061846,0.23946827486102065,0.25189948524160966,0.25056056866406085,0.2677531401319441,0.2523067596740414,0.2558498395182873,0.26133127132226724,0.25170306283083527,0.25791578024894524,0.2566623885159274,0.25615616575767025,0.26209367777577025,0.25826767953607127,0.2633156746422155,0.26505949582153066,0.2663183037166309,0.2739457401192686,0.23667866897275888,0.25130505638382344,0.2549783652085249,0.26422698908275405,0.26614435850165813,0.27809308623123713,0.27180567055808036,0.25857204780915355,0.25353928160177686,0.26989515333502323,0.25067770751917023,0.2638281417626533,0.27219835668160797,0.27013933830029596,0.26366860926876345,0.25632731433016004,0.259533687426756,0.2621838585345944,0.24681467557428313,0.26699033394461646,0.25726709580272344,0.2611698218533979,0.2684233467821232,0.2475815709413445,0.2560984320267531,0.2656448364195809,0.2596199873326335,0.25670148885211264,0.25999204141280835,0.2724663946553377,0.26802474322267783,0.2497030157994311,0.2427104078371842,0.2708340127139335,0.26241436570133925,0.26091664115766544,0.2645067619477599,0.25633068931048114,0.2507729891615506,0.265764480823975,0.2687772060932871,0.2616357483647629,0.2502209612388726,0.25134939611968254,0.26304862839032334,0.2577304635184106,0.255718615426581,0.25282079754116865,0.24823264815864665,0.2687809603716722,0.2671752209523169,0.2475325122986135,0.2660866081027138,0.2445951929882681,0.26667154732378534,0.25711091691634574,0.25623814492390745,0.2693722982376602,0.2684996764054662,0.2486197285455511,0.26179197493751205,0.24042457671726414,0.27078032404772817,0.27329483999251775,0.24795374886271243,0.2834578015951109,0.2790300855962378,0.2667430383294591,0.2632763276745771,0.25186790873648046,0.2592612371242612,0.2537639303125799,0.24757034712633605,0.24989079374620396,0.25145470656450986,0.255025593053436,0.26705207996268016,0.25838581862844046,0.25624478107766396,0.24607815025227375,0.25600597577870704,0.2726774941456326,0.24549463966614216,0.2639099432053783,0.2507355261321,0.2441862676850222,0.23927232592910228,0.25850113151572623,0.2646321621501216,0.2639606038563992,0.2395283226848679,0.24776521796022513,0.24647790679029835,0.2355921994916268,0.27146775500434916,0.24689960314256984,0.2685425676192581,0.2486563419245546,0.2595432144575145,0.2535712285607935,0.2521031857225576,0.26784041480467635,0.24977108312447116,0.2643912531245732,0.25063855679706637,0.2530922250794601,0.26677968453270934,0.24339260115954867,0.25405045211231886,0.26077136662495926,0.2641681689277751,0.271689692648754,0.24703222011225742,0.2557029462040975,0.25739404932852794,0.2542958573192463,0.27427628689888855,0.26087181075383425,0.2540660581144039,0.26846150506128463,0.25826628298268617,0.2472836093220248,0.2511526471849765,0.2615556023787334,0.25812264340804714,0.2591063836525607,0.2332045782136793,0.22772930066662012,0.2499962278262506,0.25177750425478207,0.25415040610180095,0.25344941591425424,0.26858764929446144,0.24810356595229918,0.25470459617460794,0.27273252317512914,0.25556598384816415,0.2608508786287454,0.24966405988076215,0.27609265212606626,0.2681059426561197,0.25969492853312137,0.24557280102297993,0.25486021111754237,0.25204564974700316,0.2657777967217509,0.2615205731651606,0.2794542480455465,0.24376649950617596,0.2659089250064905,0.2601834924984701,0.2566472164554932,0.25112780462838813,0.25962361442285076,0.26017571287619906,0.24758136056707805,0.2533145795712627,0.26132076333880094,0.273710055984714,0.2528658558773467,0.24030480609444055,0.25979694464980524,0.26837412976594827,0.24941305838088715,0.2639211615062716,0.2500870363839502,0.26404264815320727,0.2523347160383713,0.2522254354677199,0.24576328711182352,0.2672679930941885,0.2633610667939272,0.25844380667971517
-9,0.2900913031853535,0.2842996059121628,0.29673877142435673,0.28948188376780815,0.30311582162341844,0.2891338676934591,0.3092129366224572,0.2998289815539829,0.2974979900175884,0.29006056889578635,0.28348763774324465,0.30536033492687586,0.31300279346775106,0.2773609736060486,0.2974682805669715,0.2962335442321767,0.28600119020524173,0.2828957886195862,0.29008363572528845,0.3013027649593323,0.2828994690568714,0.296973151349773,0.2709200367548246,0.2950738293936613,0.29641987489900123,0.29381022828829007,0.29296420916281524,0.3127344093033325,0.28319266311511815,0.2924437471747231,0.2782127532420306,0.2905451808678254,0.29596685827099456,0.28574715064007083,0.2847374237567768,0.2919035501614469,0.2949471163220797,0.2968077953764251,0.28476227166620394,0.30551198300542576,0.2821039333644419,0.29160826460213607,0.3092478995864685,0.3127475834744294,0.2958277838537898,0.2958404866550844,0.27751871314898435,0.30864479699055686,0.2991261015070821,0.30283063688674583,0.29241284929488387,0.30618739800515515,0.28002091892872033,0.2908535295249742,0.28959578546528153,0.29438039209517675,0.2962884323666802,0.28479014580691364,0.30208345553601723,0.3131862450332195,0.2988196466473671,0.2922219573351348,0.29166103523304454,0.2915202749210593,0.29738969966678125,0.3076548076302902,0.2924888917644197,0.3016512980134624,0.30407764965338857,0.27576913981853557,0.29356222004682897,0.3072262607629806,0.2830100123067678,0.29520912399713317,0.2883869932700211,0.29468814455358144,0.29720361101788423,0.30539970478356043,0.3014408347901094,0.2902530357073069,0.314143268981499,0.2830782604601513,0.2967308995056626,0.2869884309377171,0.2824731255964151,0.29174093856289735,0.29933060145767293,0.2848901244605849,0.2943528228417522,0.27800821486255456,0.30452211512929034,0.29898599272961746,0.2807515355162892,0.28120995718864183,0.2850910375175993,0.2828288747716886,0.2804980291624545,0.30478052838380093,0.29185840969699534,0.2854746243103114,0.2991995654560961,0.3138699961074395,0.3049921229290157,0.2858563336809927,0.2757689817830157,0.30381783496479514,0.2962781905294532,0.3015403352902628,0.28030621792796134,0.3023485353593783,0.2894080097409605,0.3124344820502017,0.29612475059784665,0.28945052812323135,0.30440312781725504,0.29440063903146985,0.3036351170383132,0.29245919509062573,0.2736832492910078,0.2920239314232176,0.31170835143370756,0.29290653924968746,0.3127622922109057,0.2951009549428686,0.2806871133599072,0.2882128742080112,0.2967268457594904,0.28610788471736703,0.32023994614300305,0.30084523625436604,0.28672541078602204,0.2905018415241676,0.2966356699922293,0.3037060203297697,0.29070268816706574,0.2903864310261877,0.2956834999329053,0.29148972900921843,0.288523768995303,0.28389797418083634,0.30215698441057603,0.28115956837369166,0.2960531002321942,0.29726317080017806,0.27477072918320594,0.28786424560520507,0.30692671963300167,0.29168877771945895,0.2930355394554298,0.30115455222732423,0.2901185593428605,0.2996205295448005,0.2863486481938551,0.2721574630216226,0.3019463164836294,0.2933200777304732,0.28745814670647923,0.2871113684378886,0.2965129010851097,0.2704570578558659,0.2815840504537353,0.29636801321900536,0.30261002869973164,0.2980475426735351,0.2894589749447508,0.2915107367665946,0.29688770479726073,0.3024554827692713,0.28747732177429325,0.2918024407014172,0.2880170674585285,0.29703018021825944,0.28336094904570236,0.2847293667543644,0.27473650558847323,0.3135089555014487,0.27414720422647443,0.29312737857286286,0.27864710499440987,0.3067260156399712,0.2830645012958966,0.274196317526761,0.2861570949109089,0.27843545500671574,0.3014001506302908,0.26664401876643495,0.28834478479274334,0.29230681962897226,0.29644745194486327,0.29888439472902634,0.2805803218719366,0.28308012434436325,0.30191070567259437,0.29898570836501426,0.2974477303702077,0.30058050260811714,0.29216079793915406,0.27166471233821465,0.29371599632528006,0.2987870658900414
-8,0.32537382144547117,0.3084883754924447,0.3371701805112184,0.34172574667927347,0.3382570226232642,0.3402951882438518,0.32190695022911964,0.32509473498019353,0.3602937802988335,0.32992961607232896,0.34379363792607803,0.31244568556016833,0.32323964518288795,0.3315830774239321,0.3303269113763875,0.3346823837357369,0.31826504359530183,0.34642955710092294,0.3316503415345219,0.3286764662136206,0.32862288711922893,0.34405595285539853,0.3504196177669119,0.34956548106113466,0.3481813934943776,0.33625153335518454,0.3405773023021887,0.3336737711020204,0.3276637655660429,0.3442440563134479,0.3356025967626084,0.33958645589836284,0.3329632644985693,0.342207950718192,0.34292675071480994,0.3255399813204291,0.332690582801345,0.3439016344314523,0.3400715656591092,0.32930990764852786,0.34636764399277353,0.3388530267499616,0.34683150743360525,0.35129318085057465,0.3496737311843535,0.34778993267902875,0.3320070841054969,0.33546930302848005,0.3545342019521224,0.3379281678042383,0.3372715737571253,0.34300053501999006,0.3312792828740915,0.33000042598419965,0.32533132233808426,0.32873474477595066,0.3419273311324996,0.3365973467539259,0.34881683099500316,0.3532653219461369,0.3315559650206211,0.3205589239907982,0.31570903351268076,0.3138364295442538,0.34666457243174353,0.34114231090952174,0.3224178151208874,0.3368227833164272,0.3352122755645858,0.35444482738979655,0.33765501877100323,0.3584863401509709,0.3415011810273636,0.33328150772836357,0.34151102196524036,0.32993230324477946,0.3218761166082478,0.3307644183786343,0.3386462019848888,0.33654751897418134,0.3407113642631052,0.3444455129421365,0.3450001983814935,0.33275859930154367,0.3371010589906179,0.3256788290739684,0.33575176793217165,0.3313255059949613,0.3266041325638675,0.32514731530664254,0.3490533563192842,0.3332616347473583,0.3488654027757115,0.34195270160878033,0.3542191323804004,0.3473394746802658,0.329237202818161,0.35497256998704685,0.33262506850622575,0.3345266749674104,0.3648386757240908,0.3432548059632113,0.33565097295509516,0.3402126672241354,0.3391713658523259,0.3407619431048685,0.33056377007920473,0.33715675978649884,0.3430351912969207,0.31612564246688796,0.3244441270497594,0.3349948580921793,0.3389173218373659,0.3379061115889599,0.3538339707072477,0.334903938765793,0.34501899338535635,0.34175076956121275,0.3319703376647744,0.3358606536335902,0.343174861069402,0.32905167649529593,0.3505624202811098,0.3439750555860465,0.33467137995636187,0.3431589031933547,0.33829031223589784,0.3434880195632522,0.3400686400879047,0.33917555426729107,0.3435708237219316,0.3374269320026152,0.33239277917525417,0.3276888494013145,0.3446180216653236,0.34911734069013883,0.3278632576915891,0.33698714081689973,0.3381003085453886,0.34259363376636887,0.3343906348209058,0.35231166969200817,0.34011803415062924,0.3298398427259146,0.34291481378832545,0.3352703507072749,0.350379671359596,0.355392201244729,0.3412120198027918,0.3489309459649762,0.32872133700356754,0.35907933030148464,0.33162402275923564,0.33256971703930205,0.33502779007331845,0.3203803048780263,0.3177430746689788,0.3621066375536563,0.35281042890903125,0.34331196310056317,0.3236137848793751,0.32360166394399015,0.3404766471090421,0.3439228716183573,0.30652158507396876,0.33875248883455433,0.32678830596970926,0.341588062982759,0.33368633556188004,0.3353259203046345,0.3411280499031063,0.32817851305790624,0.3251123919899668,0.32859424911250584,0.33828064685200443,0.34352685917899384,0.33052703435298003,0.3418975782048332,0.3318369964860272,0.3299646262526333,0.323580555803872,0.332852601221551,0.32024996256116584,0.3558185724108629,0.3405070975129879,0.334601932824497,0.3464005917423611,0.34341905156755326,0.34749104054570623,0.35170311772828045,0.343706258634201,0.34968539017660466,0.33448896655322363,0.3576862466173684,0.32574428939574035,0.3164260826210652,0.3439515208504532,0.32225444630390304,0.35011610203610943,0.34008679919264223
-7,0.37968736437994366,0.40611696572735834,0.3831067640365861,0.3822891277931044,0.4188096990716828,0.38363833748175974,0.3817028416641132,0.3876897317426911,0.3994061933062172,0.3915537767093277,0.3719127814574157,0.40212881872096656,0.39272229190986263,0.39249458958592714,0.38578106046739435,0.39110904111764544,0.40542284541726337,0.39690769194984976,0.394494887772119,0.40671689707927766,0.41360688504724635,0.3912989962839415,0.3995693525682188,0.4026434902167354,0.39943984372533914,0.40502842273184986,0.3826422733536061,0.37486631241041957,0.4021455563824331,0.40182369513463717,0.36674222445904386,0.4014812087356432,0.40611492631618795,0.416059336015752,0.38437610254421295,0.3746398200586969,0.3910618079376704,0.38033246612507404,0.39877453225792203,0.38347621018634276,0.39599409012526776,0.40882812485997105,0.3838391444118044,0.39662704380755476,0.3797653246218932,0.3873490612824939,0.3755491874786576,0.39565775077110726,0.39959787701883515,0.3820488602060642,0.39885637958004594,0.39289987720217084,0.3847576656278608,0.40524778421177055,0.3940229153632387,0.4022920118493954,0.37865853580218717,0.37881826014880704,0.3891977199257315,0.39071121729354824,0.39052578307877334,0.3974231903811148,0.3831999765456453,0.38572563565506507,0.4011461933793678,0.39714184782675516,0.39880866024602823,0.4098857245615015,0.39432968311011074,0.39210953544135474,0.4045040102557053,0.3864486356465259,0.3974185546524015,0.39384364101907127,0.3786154322494994,0.3830281020803584,0.4103207110109826,0.3834879824094403,0.39234822188658325,0.391844274700774,0.3938305314685595,0.3833005025784141,0.40116407942357735,0.38548568383927606,0.40710966788163894,0.38800555661327946,0.3991903773764161,0.38534910868657835,0.39089845608144574,0.3848254045487348,0.38828834270746454,0.3948622495673911,0.39094079144624605,0.3959759751071007,0.3963303110549738,0.4156055803878142,0.3899120091958774,0.4021070136305429,0.38226736563728053,0.39221300569765966,0.3934264585860052,0.3991430092493301,0.39987297761882495,0.39525863645704035,0.3836222205928094,0.3806098713376141,0.3787690353931058,0.39216115623134856,0.3995480649362251,0.389605540842823,0.3959434346629282,0.37556416080759464,0.39746774186040695,0.40281305821551383,0.4049116727925746,0.3740881793330542,0.38752415387505934,0.39113613362063854,0.37905269360938,0.39105261242065764,0.39228022016124914,0.37638314241081283,0.38517631850779094,0.39150481271418897,0.3820593214617359,0.3990838923487955,0.38643786937336005,0.4137113605034798,0.40151296942456605,0.3847722636263245,0.39959686276598183,0.4143291410840799,0.3741083653975035,0.3822737398136686,0.39620691367737293,0.3849353839104102,0.38804781121164544,0.3928654990450872,0.3856732531624498,0.38367648441562624,0.40348472101255894,0.3966584003523283,0.38449325652324046,0.3792410553018187,0.39472871310005425,0.389451018261107,0.38707973630086684,0.399284240890992,0.40858368279979435,0.38190971535688384,0.36560687638673367,0.3767048735611002,0.3766428591402158,0.3931386751457661,0.3895682270594098,0.39410237773773726,0.39694886305382426,0.3898994417189493,0.394478767602704,0.3861733466861393,0.4033186238821271,0.384441198008414,0.39319275674871007,0.40344028870998905,0.39144518084613117,0.4034572298587008,0.4016268811234955,0.38281944324170986,0.3893567503030947,0.4084442636296865,0.39054337413016427,0.39733225647057197,0.3958403193529214,0.39777664257182244,0.39860739078453533,0.3936674541387437,0.3817019508905143,0.37571663718476633,0.39674444059441916,0.3861712936215497,0.3797061940768974,0.3903940605292631,0.40055832100686045,0.404564088973851,0.37775419150706635,0.38260334609888397,0.4087565034995392,0.4006205595480937,0.40066121984517333,0.39459592290671414,0.39419554459313294,0.3950474413753356,0.3866674220592194,0.37907318367758375,0.39315894821233943,0.3890556081795911,0.39271553160092465,0.3981560736909068,0.37858046197317363,0.3863056938091897
-6,0.4627978339566645,0.4447880457415482,0.45867286844600413,0.4533010202887641,0.4501847474586088,0.458564718739605,0.44686678348942777,0.46045522990941257,0.4488566671784203,0.46396813106406065,0.44644985519568287,0.44154459955634895,0.4561022112392356,0.45207404114532057,0.4486901140140097,0.4526932573768539,0.4795042599031237,0.4591116411893692,0.44387724998728534,0.48336163952857725,0.44992677796705544,0.4867306846104725,0.4455522959665534,0.4494623105892113,0.4699931538442865,0.454179826358998,0.46517066619273595,0.46088590791467854,0.4531660097351876,0.4589611360630898,0.4553528497535695,0.4456648559920676,0.45148864893908325,0.46576226219952693,0.4506095963398235,0.4487170772786577,0.45479291028632185,0.44835889649965477,0.453715621608322,0.44092597288019275,0.4464145521960816,0.44518016093662055,0.4555063064224767,0.45537427673582465,0.45008540430790817,0.4364527627413425,0.45331892483670716,0.46005470234513235,0.45571916253504385,0.4534350201610432,0.4638013916789505,0.44713603802290036,0.46670296379414483,0.4635540163409662,0.4484798234452302,0.44875073356769823,0.4550802886836674,0.45855005434673046,0.4542644072603322,0.47305436489425595,0.45751203061412277,0.4462984716067088,0.4481018451972407,0.4426146682528199,0.48621106875002473,0.46702756577159155,0.44695402878636536,0.455946434705172,0.4588956825253944,0.4475754901111305,0.46759609168876143,0.4731599285573322,0.45377370868431643,0.4663386079056172,0.4594562643883121,0.4463386858576698,0.44392079532341805,0.4483331795146893,0.4510266383088961,0.4580265013230353,0.45624210932200826,0.4550384535140055,0.4743845947931057,0.44367175575159806,0.4544336108796895,0.45709674649464077,0.4551585145914869,0.46179648665744044,0.46255373365898755,0.46172074026600446,0.46030347126694376,0.4695006134374874,0.4371059979450734,0.442096459370673,0.4646692214713564,0.46629499535357055,0.4638841105115048,0.4525768040908496,0.44296659602846444,0.4555180818843696,0.44142279557331165,0.4598838881041779,0.46296612685134136,0.4618619519172234,0.4620150830552434,0.44457040915753904,0.4510863296449829,0.4543272624778871,0.4570224891314456,0.4563348670884357,0.468201665233587,0.4626826631956416,0.4625624244350387,0.45997173704498234,0.4625991974423415,0.4625294668756354,0.46587437112804636,0.4641638805280832,0.47110710290413305,0.44783258210536375,0.4669307509124808,0.45754905644828275,0.46367697438544997,0.48019188649169364,0.45784582429374276,0.44983960756147834,0.4624404787728795,0.4532887190959469,0.43747930659033485,0.47264844826116714,0.4677134905165571,0.45654139926780957,0.45849443871103457,0.44982468812455534,0.46205572219162955,0.45268618861823606,0.45153816777936234,0.46582177475597547,0.45227586212286097,0.4628238724964337,0.46177723886738936,0.43880542648831394,0.4409930837760519,0.46601924147699053,0.4658717217243791,0.44246729332711476,0.4751431943629576,0.46281901498341943,0.46176180148585405,0.4563537214888957,0.4578822551871778,0.45396435287879683,0.4521246134412038,0.42590951783834297,0.48295067208019415,0.4588615238685281,0.4540954451631745,0.47814799295872334,0.46794911607547385,0.46577104080327836,0.4539889716324175,0.46547369120715754,0.4577959905954291,0.44837789043986315,0.4597667551377103,0.46119479103405314,0.44688363271592474,0.45875220688800694,0.4543878490951925,0.4622230869789206,0.46566243321121303,0.45587672239102034,0.45114533788160943,0.44552889675098073,0.4430610024996498,0.4508973956941339,0.45845638235911357,0.4528193510170307,0.47802193625556566,0.4753247422765031,0.4629046006797583,0.4595451445462634,0.44253715319045617,0.46552626597839375,0.4694835664737486,0.458457964068689,0.4548360631195978,0.4588243381411023,0.45123079995013293,0.4502585803070672,0.4678291599818483,0.4459681956233017,0.4398875123694511,0.47144682657670034,0.4696403379943427,0.4487329180189227,0.46230633343677113,0.446761200083805,0.4515395448615891,0.4457506238189547
-5,0.5146645933715995,0.5412674972522477,0.5494809079372879,0.5299812480426627,0.5454883253329826,0.5304146518494611,0.5328971907484665,0.5262809849726288,0.5435631693841887,0.5611458307384429,0.5270384512716927,0.5421040991730148,0.5382227884598724,0.5372850076290884,0.5291385110505461,0.5356591116154094,0.5186867324199192,0.5480845586618767,0.5473396060419645,0.5407542879614162,0.5379272293993003,0.5450419970926157,0.5435397992304613,0.5323659173671256,0.5289776843670095,0.5231163241916379,0.5316833912187646,0.525909313930114,0.552513294296341,0.5326552755254115,0.5427566248229708,0.5526435833871346,0.5481137214441087,0.5327260880607492,0.524600106249169,0.5472100418987954,0.5580949772092761,0.529836507282686,0.5443393552189179,0.5284969958534527,0.5243285642471448,0.530910543508079,0.5452297721464323,0.5388542762854523,0.5329768354217123,0.5320075490802549,0.5420057915124773,0.5265500238654157,0.5417511269898753,0.5452535746663039,0.5463775598442485,0.5544953074534649,0.5447843143741433,0.5334005962432321,0.5317342597368727,0.5236214362448413,0.5345941622261748,0.5380878994937671,0.5093905572298514,0.5581685098538006,0.5407691771291627,0.5263584242112398,0.5494236030901286,0.5219874197398794,0.5432878828280591,0.5275233636670851,0.5228147021887318,0.5467390467233718,0.5310275204359596,0.5391743168016403,0.5376937688197638,0.5479049152577536,0.5417897531186009,0.5300137973509601,0.5292994277623168,0.524746219692264,0.5396326211496214,0.532866782581175,0.5298920415637818,0.5256533959157346,0.5368510188131564,0.5385758269464964,0.5387663408021308,0.5419608585735894,0.5298912664995415,0.5413900460759822,0.5335279319965208,0.527745989740594,0.5422266132520718,0.5346132598019911,0.5305609181510157,0.5390484998434815,0.5534596428586579,0.5344464720253741,0.5188207281676678,0.5483900579109711,0.5483943398284299,0.5200187850345085,0.5339481614332162,0.5402451283084524,0.5472615178450303,0.5357860748948668,0.5212996080314661,0.5349758396878139,0.5472158804282496,0.543888102978764,0.5455152103060779,0.5200352966732267,0.5439476138292285,0.5437766926009817,0.5268884774414302,0.5293561229451829,0.5343985526719346,0.5374259623196667,0.5248458931242654,0.5559262308405508,0.545410243079892,0.5350331997229127,0.5433533980568035,0.5409909182603132,0.5349388369376924,0.5146169328214455,0.5141823595284127,0.5317522100585611,0.5360837191505773,0.5292486206643902,0.5350755701506367,0.5367036829839051,0.5334675826033459,0.548582346177459,0.5560466991104993,0.5245606321294747,0.523289247551469,0.5410735189583677,0.5412283843971673,0.524482997410534,0.5440451427646734,0.5279794800828618,0.5379895861853875,0.5273123819533369,0.5478490003792258,0.5277737716632025,0.5257374757173437,0.5273321622996701,0.5327026256387182,0.5411280332539954,0.5490329930245764,0.5365826959272735,0.5460366711282993,0.5493732480904396,0.5325521066671713,0.5433361334326242,0.5330559540719899,0.5508075429129943,0.5490147744070957,0.5307163240666719,0.5408698796724366,0.5306296829377565,0.5231896988548752,0.5372277033790699,0.5387957680413328,0.5226962440132045,0.5287900530859826,0.5341352924384637,0.5294406504333049,0.5505381024205281,0.5279055312212779,0.5259133853375331,0.5348720285108326,0.5293113196635839,0.5334472232932921,0.5307662944373407,0.5295888287351835,0.5242003065612745,0.5363334411295795,0.5317334960842974,0.5453560305928171,0.5227364782047851,0.5372672783091764,0.5162636426759992,0.5115977933823304,0.5323043455793507,0.555381012037252,0.5389637840843376,0.5510326423974752,0.5316809871752703,0.538101408037386,0.5455185654368887,0.5334568022428257,0.5201807161492327,0.5228633666794468,0.5374406147195511,0.527281533581202,0.5377770605500708,0.5302298380117632,0.5432702352380755,0.5264473222377609,0.5279966849533482,0.5294497233446523,0.5482839280200685
-4,0.6092092901010956,0.6195760932245621,0.6077064913054553,0.6299735735915183,0.6372107370094283,0.6281136552508386,0.633621692843336,0.6050458574689677,0.6152052614980538,0.616373366227433,0.6313949735171986,0.6149368398300503,0.6386650913160873,0.6275287489764387,0.6119440343208365,0.634165449604328,0.6206506640720275,0.6143974944337778,0.6433244506546631,0.6292996210349341,0.6276465387998768,0.6258152046018238,0.6311052738742857,0.625891722523086,0.6283656008009749,0.6172935673317921,0.6287012631270407,0.6195166369199594,0.6165254741244562,0.6301287398457622,0.632883320312552,0.6302973404781375,0.6262338803791604,0.6265223095919662,0.6272479625473144,0.6380205861846506,0.6212559494046828,0.6211329299316023,0.6391646945903449,0.6103699613549635,0.6180345563672228,0.630704510251913,0.6171698842305522,0.633365607078536,0.6144519634560204,0.6290211346256166,0.6254077293468909,0.6440990970598752,0.6271177569308559,0.6215623412695773,0.6168952021153844,0.6356051868217116,0.6408365872206161,0.6198884622487927,0.6271275017595636,0.6258867219300043,0.6246498298192098,0.6250590386092769,0.6314101950767863,0.6387016667933466,0.6144157128542435,0.6267220973972655,0.6207676801585137,0.631793309267969,0.6172734616817848,0.630821129538328,0.6351762015981887,0.6263875522592393,0.6163922445681669,0.6232366668942576,0.6199788210181187,0.629845677801023,0.6138308743930311,0.6162961645550022,0.645532962051576,0.6274481547594599,0.6216035534894406,0.6285325493847387,0.6309377225509416,0.6265107390858692,0.6034867566155873,0.6113774830824844,0.6138940216768265,0.6204553062052133,0.626683166732416,0.6237425720982953,0.6403420379878465,0.6215003518530444,0.6203525953272038,0.6196294099199976,0.6333856358085413,0.6170135163179807,0.6267971844817002,0.6169464810605296,0.6235735708181139,0.63079474146944,0.6280339292562837,0.6274458649963908,0.626845229904466,0.6264987724051552,0.6337571166452233,0.6242314536814942,0.6283288662328014,0.6331764368280346,0.6253445642626854,0.6205885040527176,0.6113455243397146,0.6132644835326988,0.6213657101693515,0.627499424606511,0.6048863225352076,0.6226926076369395,0.6461626458503769,0.622670376590874,0.6134789044553177,0.626220568245196,0.6188358286268951,0.6373706307724585,0.6398141803441229,0.63110935562119,0.6285314129451781,0.620559321504586,0.6210427763308759,0.6281990434715851,0.6246864780677528,0.6233792671889486,0.6234167384185778,0.6437370502803208,0.6351862804404499,0.606406049330434,0.6363560216438258,0.6194260734972071,0.6103252984826912,0.6105989932817725,0.6172982603482768,0.6280919206423102,0.6329222995998682,0.6158732453029903,0.6297492745677532,0.6263753389880528,0.6365987383270401,0.6123119207954438,0.6211904762044693,0.6205554952636646,0.6318045142466859,0.6255172946758445,0.6487740000366468,0.6200063361353456,0.6182457973364864,0.6415559416938258,0.6244758765550413,0.625359863878002,0.6221044063591151,0.6268272681426016,0.6347482148434962,0.6088926776945225,0.6457181213814914,0.6324997889692591,0.611505678238419,0.6185929718623413,0.6300311587166522,0.6358181136145952,0.6363659467294174,0.6303028652724031,0.6268547945607228,0.6231960284603585,0.614111294314487,0.639888999853857,0.6213647900397185,0.6410114994241823,0.6183481270484653,0.6384633101276743,0.6258270637091762,0.6331362732675763,0.6235704510739176,0.621771613109114,0.6306157841764797,0.6218927902556167,0.6355399446046068,0.6089972602067898,0.6303273900069162,0.6371952388837138,0.6239166920969467,0.6193915124162578,0.6293001175938503,0.6200253846679062,0.6244113363958809,0.6320952147108061,0.6390327411337103,0.6370304985875253,0.6202188734890105,0.6183349254553604,0.6295986875036471,0.6400387814829901,0.6259492736800146,0.6296129058540051,0.6368079684131682,0.6201008557566035,0.6284689090197905,0.6437748856372119
-3,0.736510889387222,0.7199163752105069,0.740156680900721,0.7267927814739387,0.714030122707233,0.7231417591062462,0.7273828933306238,0.7114000794682346,0.725802940349771,0.7302252259018062,0.7133131553364067,0.7290476000904844,0.7296610796302293,0.7385095916665863,0.7381219214648799,0.7289245950041026,0.738545277747167,0.7171824321746461,0.7292423016070023,0.716047821721357,0.7273738814410065,0.7358045520561384,0.7287908953503253,0.7285010100227896,0.7248408158916664,0.7324832665382598,0.717370130999666,0.7282115016064654,0.7162485604225785,0.7318716593109186,0.7070472043247903,0.7289835847434356,0.7415151574152454,0.7310713631064382,0.7378871404306702,0.722636858797649,0.7365908654845356,0.7181667059719801,0.7404054070385936,0.7365808710652316,0.7408947097389521,0.7272395777794802,0.7470507251057966,0.7250935854355846,0.7162572432749251,0.7330579063576355,0.7318564771388772,0.7066175725963667,0.7271274309828272,0.7491925019401238,0.718928615856906,0.7138358985557999,0.745743258427022,0.7366241694549549,0.7381750593504743,0.712348841068652,0.7124118611564805,0.7369182210948023,0.7100932261385088,0.7289572767298778,0.7346264789494257,0.7265313680539012,0.7269287177690041,0.7272652415760509,0.7378019754946384,0.7373998995863583,0.7194477159050454,0.716163604711915,0.7238552104492328,0.727727548591924,0.7262592798409835,0.7110720415640999,0.7317135602428396,0.7381602930170751,0.7380626518148531,0.7214422493328259,0.736497117541846,0.7190174009537182,0.7189153495312384,0.7372766004091458,0.7341638565420281,0.727358794298793,0.717662180441218,0.7371410099748407,0.7356238328092793,0.7142318878090587,0.7405689765383534,0.7399129506842906,0.7256906692639717,0.7410697194585562,0.7397747818558331,0.7384348236325433,0.7329025823963083,0.7214760349146128,0.7242694141693724,0.7281487376738548,0.7221146242541623,0.7227547841352568,0.7213639368945721,0.7400632460172617,0.7265254685844865,0.7302732473620763,0.7227759440267929,0.7313546787831642,0.7300975880881745,0.7150255265852282,0.7325477144653417,0.7216610401838218,0.7161765621638144,0.7145849280657337,0.7178153255423676,0.7157080103853563,0.7288260150227841,0.7344449410623727,0.7506886937819972,0.7430633873282161,0.7219565898204986,0.7281710155816091,0.712662047474843,0.7251524233763292,0.7284020132813553,0.713581372610483,0.7456822158170004,0.73060777779225,0.7147444949157681,0.7316345994996645,0.7167377297062137,0.7287030514171743,0.7082336825796313,0.7170895257828009,0.7360909258682296,0.752329836418592,0.720914046542072,0.7120916528099205,0.7350070197535075,0.731894914239227,0.7114985504837907,0.7309466316179659,0.7282885104741906,0.7212267730749984,0.7308327534421294,0.7348744580783931,0.7161569743637302,0.6994916258200063,0.7272496151369527,0.7535122677365309,0.7400356578790963,0.7248841229301675,0.7176386436441272,0.7230125749824742,0.7212031404907824,0.7308836542150566,0.7474492620646142,0.7311467056389968,0.7203228034309347,0.7305063633207557,0.7317669611419931,0.7246792899378899,0.7205896037726924,0.737969038074809,0.7394909866080864,0.7256765280891163,0.7168904588670211,0.7026658295384028,0.7226321926492247,0.7360127346424902,0.7330703166133425,0.7378629943832478,0.7237153808533888,0.7313933199333646,0.7262625798761182,0.7365153929699905,0.7192770999931222,0.7349484941544517,0.7294272367708364,0.740925416642281,0.7257130431971728,0.7258994690971814,0.7274835393087989,0.7218396986115257,0.7124866113523577,0.7372687123281242,0.7141396422574013,0.7396694304696751,0.7145865356359857,0.7301713695183715,0.7257966778674714,0.7271602801132657,0.7220053838506082,0.7476962911349992,0.7482327373721414,0.7375909631702057,0.7358169093511778,0.7343770687575361,0.718619151109939,0.728192288328546,0.7380475959039262,0.733299697133331,0.7240998481755004,0.7076287370261976
-2,0.8403683778739598,0.8309608301210661,0.8474943460267846,0.8469726641024514,0.8437583289339611,0.8265326322792534,0.8261155075506336,0.8520896808391202,0.8502004886395932,0.8547872713332284,0.85267786325614,0.8458582076506542,0.8470656350624098,0.8587675837677665,0.8486848829902477,0.8398332999782775,0.8467341291785778,0.8618543167587873,0.8377584405331655,0.8467059268862941,0.8475327003090961,0.8624191479460649,0.8385605165239468,0.8392925492817096,0.8466791124978682,0.8415746344076969,0.8465133232398819,0.8175694124464066,0.8386056015574782,0.835345973801309,0.8434087449896006,0.8510941340156064,0.8277356447787333,0.8422907200827487,0.8464665357536824,0.8666777535670918,0.8260569141224159,0.8280741889374421,0.8507699161491233,0.8521014042885422,0.8307485382182885,0.8356848905262068,0.8494322877191398,0.8431299205293227,0.8577621939935127,0.8451307116677156,0.8517120377410495,0.8355122440525667,0.8411560669155111,0.8244841558499642,0.8463229439567628,0.8294654072692826,0.8337499142784158,0.8498314109934048,0.84273961785775,0.8354690055480793,0.8402661315044232,0.8300186724342646,0.8486405611415602,0.832573800651662,0.8339978854063075,0.8398820078533932,0.8437862949405842,0.8392863830223648,0.8476949947173426,0.8535449493535853,0.8403034209280175,0.8506339505638915,0.8460563026779452,0.8640133096528254,0.8589811638875688,0.8356882275622545,0.8387973409862359,0.8436941930650582,0.8463332066755637,0.8318218030714295,0.828264586196318,0.8371671535279249,0.8253125367210048,0.8406973104374639,0.8248402962447103,0.8479380903494876,0.8372569833811047,0.8490301210777726,0.8416230057723942,0.842479973129593,0.8345343546878621,0.8347976344758973,0.8552675365423535,0.8386326303737452,0.8440334991007972,0.8577424231203794,0.839008345888347,0.8479548523552324,0.844644205256237,0.8453795983442839,0.8553596769593557,0.8572529255651397,0.8541041872662349,0.8527106965982963,0.8518602921978886,0.8415191523238452,0.842689684241292,0.8360888869574045,0.8390748547438226,0.8439186165222187,0.849925240949864,0.8337339582454933,0.8299748426264574,0.8464284014227631,0.8475828405573235,0.8389603814510641,0.856311844532726,0.8410732596437289,0.8459104752333015,0.846637515656713,0.8452961828501585,0.848451653264919,0.835356902595088,0.8402682967238961,0.8360657769599584,0.8529744807694624,0.839006529698667,0.845824644421122,0.8330274779870325,0.8292601100422529,0.8578600595906897,0.8414024093362367,0.8459760342150554,0.8494938470238288,0.8218954536601565,0.8392906519377151,0.8308314694726938,0.8355660750526459,0.8368379774311893,0.8376881522441731,0.8517691389419257,0.8557945619348253,0.8426471987462752,0.851616048185824,0.8365143389370681,0.8322053950236714,0.8630819617298947,0.8360950064242322,0.8454439213414054,0.8377765472614723,0.8496325433899476,0.8367511187029955,0.8418898969691427,0.8450608949335975,0.8423718794664942,0.8346064646282944,0.8572004707502958,0.8668248225213971,0.8514554739021353,0.8527457311161468,0.8429209768340128,0.827253762337793,0.8362148804638969,0.8397016818068528,0.8536856641057415,0.85966302296606,0.8517778750848426,0.8427295766202793,0.8442885568736738,0.8462612031948248,0.8445953122395153,0.8475165848640496,0.8324909501831577,0.8449636438760052,0.841450851168292,0.8461567817830459,0.8430833685687378,0.8443660120720622,0.8290726223438795,0.8432033796152941,0.8545356839633568,0.8396143662083312,0.8572646005791491,0.8391330734464528,0.838206155858999,0.8338057025704874,0.8260845995272302,0.8443392851562779,0.8455556312890509,0.8440955338248328,0.8413546952794209,0.8331426571640932,0.8465093643725409,0.8396663767531036,0.8489756440075625,0.8432329948099115,0.8561833154486526,0.8402584528065674,0.8463181608074702,0.8353922392888483,0.8493863003860171,0.8432505400776775,0.8525838038378167,0.8373691129597722
-1,0.9903803355012708,0.9717225359178457,0.9812642599593029,0.9669461726335827,0.9779590739707642,0.957900034105081,0.966198635442068,0.9729933707128569,0.9671976690813668,0.9686349220287442,0.9617898525431852,0.9663068719681953,0.9595108189806891,0.9715065025982108,0.9638422973816329,0.9816028298069678,0.9655411766854816,0.9578928730065323,0.9761318477594767,0.9719028979000639,0.9509882874937682,0.9717957613403923,0.9637420469904633,0.9661100990687833,0.9485749966191387,0.9739205883333685,0.9508462016015033,0.966685723633661,0.9570197767260759,0.9577029391399541,0.9798765982329053,0.981970573519341,0.9574148590254034,0.9673799690927897,0.9622059248602587,0.9667852163922872,0.9702677532558014,0.9700787915017288,0.9762682837922273,0.9728846223786173,0.9533538842784988,0.9722220946096779,0.9615498998934511,0.9632104692461662,0.9541534464626333,0.9674176012597286,0.9662196387027631,0.9882240180843578,0.9662854411287031,0.9743599508561764,0.9643079717497685,0.9624771990300162,0.9627196952363926,0.9816437152219668,0.9728997242101146,0.9667798975663958,0.9693909342245792,0.9830966842417028,0.9735937126852101,0.9702031265477848,0.9591398575553506,0.9688704829539434,0.9692926055539718,0.9835213362797475,0.9532380886634471,0.9731165225851507,0.9710142952776444,0.9552335115725744,0.9817866134780855,0.9623117358411837,0.9799356739701645,0.9639112592688811,0.9710921567700666,0.9679229732372142,0.9706896785133063,0.9956999238227506,0.9586470131327255,0.9599283516984989,0.9668223392312925,0.9666874634888183,0.9516212238639801,0.9551517163118367,0.9831220536990962,0.9622705215332457,0.9679297641967005,0.9686217713003253,0.9634140084377346,1.0002415346070088,0.971079464066974,0.9877370593097944,0.9721772328118206,0.9876870030458837,0.9528702167364744,0.9501801713801473,0.9467051088911865,0.9697974850601493,0.9579574539184271,0.9719392291167581,0.9754363936547019,0.9757675105268976,0.9700272036586736,0.9757991490218753,0.9578663009169592,0.9531990824173032,0.9545398852489481,0.9710111781261657,0.9683342801498412,0.9669574569637652,0.955836408868398,0.9722730539958802,0.9769238572247467,0.9621432047675694,0.9667635098153364,0.9498709182509057,0.9704435598810814,0.9670948874190284,0.9779708079348266,0.9777210437542321,0.9735509038799747,0.958974665561617,0.9664539713591013,0.9630146509761798,0.9617198298780444,0.9701095891352473,0.9539995574731986,0.9533695364068009,0.9639872882119921,0.9566920130964336,0.9523673459244419,0.9731230863525121,0.9677935116409226,0.9749561822899916,0.9715265859821608,0.9578324113636566,0.9720522770907408,0.9680767026187301,0.9894343640248865,0.9836393041803339,0.9569598893404443,0.9723711846653643,0.9624280694626017,0.9668173214512785,0.9649851854856127,0.9782400058985317,0.9790612122710489,0.9888472816370295,0.9598499891842787,0.9690463199480845,0.9582313820778569,0.9633016429338849,0.958751079941132,0.9561520004257347,0.96648319467669,0.9704066757842719,0.9882073854169418,0.9763255618515444,0.9729615305304851,0.9750323652065804,0.9642692364729181,0.9715590822092108,0.9566724353328063,0.978269507270783,0.9536707689107591,0.9762828334567004,0.9570848326974012,0.9811235726166923,0.9704078205999309,0.9543595674865895,0.9672270835828641,0.9618382739967618,0.9905348030723918,0.9597512654870268,0.976023696741722,0.9575650005801659,0.9468346348343903,0.964763543433571,0.9590258456080599,0.9752115978516034,0.9765631294564175,0.961614278439567,0.9710773974348356,0.9615284110907721,0.975855617702502,0.9591395705251248,0.9702705838031175,0.9794629266957823,0.9739510750288541,0.9624894224430891,0.9858112129270944,0.9647892726412415,0.9617708712947952,0.9580254696786689,0.9665466865958563,0.9751753674127606,0.9866293665518201,0.9674796397489022,0.9768043190454379,0.9701625663670298,0.9600282948685296,0.9526347927453828
0,1.0891055044933249,1.1122401830540778,1.1051078690147973,1.1113749626472373,1.1031861748398382,1.1002632943201374,1.0907228315054625,1.0917507873190857,1.0957866371211016,1.0987573602865044,1.087906503762606,1.0984673126633393,1.1105631899759145,1.1080011688331137,1.0851726645516535,1.1056513435790574,1.102753080321798,1.103232728631496,1.0884263198986097,1.0945614399404406,1.1031106640046753,1.1039224641740315,1.1087300057409912,1.105109761386265,1.0816088375363537,1.1042491536320442,1.1074961398991818,1.0957413448330564,1.0808173268049168,1.1078757438000226,1.1121822790954383,1.1062964185853845,1.0847878585292967,1.1211671909098553,1.0855495691074342,1.08230229153875,1.0980170961913827,1.0869274504200468,1.0994137276773126,1.0877049115101036,1.0954513886687447,1.1031731148678208,1.089659636439356,1.1032184409251844,1.0956363251684893,1.0991317346106437,1.097355149682034,1.0919682823986734,1.1042105562719788,1.0988354242159988,1.0946300870906271,1.1018676085581551,1.0879735532708512,1.110496767574424,1.0916325045303374,1.1041868159361454,1.1055235646447295,1.0916303930679583,1.1057939236389214,1.0935570273683108,1.108041900042476,1.0993886332435485,1.0939489135103095,1.1004198809473855,1.111848747793545,1.096992840125675,1.0865324052096703,1.0970913358035144,1.0968653581662207,1.0813875874360628,1.0918512830826028,1.1139532944310406,1.1063305681678361,1.1108754230426927,1.109793322154692,1.1060965054527077,1.1052636651595067,1.0871015586687018,1.117049729068312,1.105433237643246,1.0996458716216073,1.0962972327000169,1.1175614103067135,1.107571162101853,1.1016097516224268,1.119732755052423,1.1054899566499896,1.095170168953098,1.0873319442835132,1.085412197873674,1.1029682441009512,1.1028447049792822,1.1033609006781002,1.094683495116164,1.0968371631947542,1.1018407889060327,1.092871376749151,1.092981334961508,1.1002301806577286,1.0986979232840421,1.1037014798182971,1.1110241450058198,1.1235932051625954,1.096968312241074,1.1136747923718084,1.093733861615118,1.0992720120923363,1.079327809360234,1.1064569234657022,1.1071042978592585,1.0973117755235078,1.107388344777035,1.0911525514496425,1.1209513874189927,1.0963286303339654,1.0857971783108125,1.1029130076030276,1.0867893255462644,1.10146942792188,1.10010091862399,1.101637876410673,1.0991291368918323,1.0926163601335235,1.0851608407059992,1.089742351142775,1.096455411362877,1.089128744280285,1.1090495045476532,1.1063193740748882,1.0927359582291336,1.11474021046696,1.0928736058165187,1.1086057560134652,1.0840433740653097,1.0955110571963929,1.1212532669822604,1.1082632904130614,1.104702193433472,1.10841443935079,1.0957187893076343,1.1078855133072518,1.088122964223345,1.0990664641498689,1.0968703782770086,1.0835489515152217,1.1091357719849277,1.1005083364463806,1.0924372412044385,1.095584008496736,1.1230965111882996,1.095155215881696,1.107696934955105,1.1190827893671884,1.1082377224308237,1.118337477548692,1.0863072879601483,1.1036756123163003,1.0965790214098585,1.1146140674380909,1.103920822174585,1.0931758050172782,1.0962105792205605,1.0981829428970793,1.0929547637546377,1.0889686476747078,1.0879193910643479,1.107398168396866,1.1033555407549347,1.1048087612635276,1.0907762996439971,1.1060362816174358,1.1015572231942643,1.103137271845051,1.0989552982743647,1.1031350551934898,1.098373870650394,1.111746157446027,1.0965421081889954,1.096630716063272,1.11383683650841,1.0744186579091057,1.1036150557284246,1.0768649070789829,1.1043751486823,1.0957612950523576,1.1227213178898812,1.1107588423994248,1.1028002505138992,1.090536719639044,1.1134190737491152,1.1009174986272432,1.1004789425293486,1.0855429169322817,1.085616326129416,1.1069079039937124,1.0917639479028356,1.1050884953903601,1.109016307871567,1.1044594200065616,1.1030246402419037
1,0.9661639105491042,0.9446712617653789,0.9621698409927029,0.9757689039718338,0.9605004659999742,0.960618659115315,0.9785113957950148,0.9894596178738976,0.9513394491398857,0.9900988999170837,0.9827963736870918,0.9689959224163505,0.958373555504274,0.9696388651184973,0.9723929484142686,0.954322870435727,0.9746736013922177,0.9820592287219713,0.9530843487989703,0.95944406322203,0.9745018579725395,0.9668956662141781,0.960624732591376,0.9621084745084815,0.9734401249495085,0.9691843298334746,0.9685496890958804,0.971222606582686,0.9669329272958915,0.9694437483956301,0.9659639461784385,0.963529669815518,0.9739408368418089,0.9561260000210565,0.9707187740261707,0.973646368872218,0.9590267635281836,0.969625417858818,0.9836466262597389,0.9629345534162249,0.9705488952577741,0.9794645803540699,0.9733989232026036,0.9496683494827785,0.9455735710883596,0.9756016595791535,0.9720986411779818,0.9834773087415495,0.9687171448817309,0.9796193453703563,0.9645885664839189,0.9741712254526386,0.9613166894029279,0.9515606686310862,0.9577038707227855,0.9798190638621401,0.9580733966424724,0.9615314337814934,0.9745816375925752,0.945745691914977,0.967018641076929,0.9710145003330526,0.9657696906899952,0.972706440935339,0.967063575742393,0.953102017151005,0.946497561467909,0.9460041560514723,0.9918642887495835,0.9657104771218731,0.9650179615207125,0.9724220889711778,0.9765948776550804,0.9469741912425467,0.9788122995539112,0.9575974830419461,0.9601849140841419,0.960202950349501,0.9769451009631802,0.9747454332300347,0.964078024321757,0.9645685368525828,0.9623973427999928,0.9650757556621622,0.9635545928742608,0.971719133540756,0.961355223764811,0.9786864656854946,0.9577778331059256,0.9858852519779269,0.9745336475688131,0.962117614250545,0.9683517121472768,0.9558920155911576,0.9611643757018616,0.9467982432388579,0.961334617318067,0.9659367734312099,0.952484488666093,0.9634168551659759,0.9714831733069638,0.9626729456103834,0.9835859552408567,0.9723122933294102,0.957052092853725,0.9769275676258797,0.9669263435970764,0.9696644576144647,0.9661199882359477,0.9682933757646537,0.9610297448268978,0.9722867858043519,0.9758111715102094,0.9586641100603441,0.9652759138571658,0.9748134073345397,0.9551581107555266,0.9586663310087107,0.9663835329111214,0.9701233033214957,0.9583675306243329,0.9974425129753626,0.9609817030539121,0.9734839110464459,0.9596391561522647,0.9767895062130001,0.9664552990363579,0.959055025349507,0.9826258726897041,0.9416262580718026,0.9759052735248863,0.9600080389229826,0.9513262770314075,0.9438150525966531,0.9849557160306077,0.9623312514786594,0.9868592543394206,0.9546259147796444,0.9765004570813531,0.9757019867865698,0.9860264370234206,0.9606061768241974,0.9579381577353279,0.9682650689050528,0.9513893427922187,0.9565288396755847,0.9734318405699951,0.9627554959365974,0.9593063592234504,0.9755607147418809,0.9736482147169575,0.9559762818047317,0.9673913897347415,0.9655131038264781,0.9653166620738861,0.973781053539804,0.951349710543219,0.9790073033568633,0.9794497957905116,0.960134764623556,0.9726036836486598,0.9496455273713069,0.9613924867930554,0.9763707489997493,0.9660962087325943,0.952970564176532,0.9654777601593443,0.9606108463406537,0.9804521148127107,0.9667286419790299,0.986730951359552,0.9543351837541157,0.9725512988487667,0.9640535006010544,0.9696163795086991,0.9605707848098811,0.9584763494529255,0.9564791779378412,0.9448516499599884,0.9726476219401964,0.9783314669955574,0.9524845842749645,0.9825770124524746,0.9515604048840959,0.9730477792300347,0.9702983022755817,0.9636444497809602,0.982047182790597,0.9655211701537134,0.9683721309073381,0.9737874257093829,0.9730252756726144,0.9634270041753249,0.9617850842153416,0.9571018868223381,0.9623189723526997,0.9639289110623329,0.9637544954249228,0.9668937422302093,0.9564693434613146
2,0.8326174322791957,0.8391955108687391,0.8541145290947326,0.8472642144677018,0.8512555534791326,0.8512968113033659,0.8377590370016397,0.8402332976758539,0.8515529308940264,0.8434589291352792,0.832354702102575,0.854333679226113,0.829216534261712,0.8401531054596735,0.8343178351919294,0.8380377876986834,0.8405818634996602,0.8490686506078988,0.8529165221546188,0.8340391899921719,0.8367352178647519,0.8453075289741154,0.855446798280815,0.851805939069011,0.853848574403973,0.8344782864916641,0.8347989129790259,0.8221832121780258,0.8333264034034066,0.8445824495068627,0.8482358682992114,0.8416300769712759,0.8292606982272857,0.836587043615506,0.8573293831354567,0.8553856531000734,0.8464002576073318,0.8243448291218111,0.8425655651689781,0.8477120423792619,0.8341186057232142,0.8264875120228908,0.8390581173248833,0.8433325778555708,0.8268616804352774,0.8445433591851113,0.8252265267501315,0.8376198330790093,0.8414027820397454,0.8683455914576442,0.8334668005357347,0.8562051505562135,0.84081373021722,0.8414043929455327,0.8296818186274378,0.8406907282378983,0.8400241256759334,0.8271595518843451,0.8314227423958566,0.8539299579549159,0.8552959928565425,0.8327546775804759,0.8468303638688048,0.8278725143294255,0.8186086762617675,0.8292721632595359,0.8461713729280758,0.8233255923151785,0.8416515706200789,0.8333975980488723,0.839698815744018,0.8214709303410603,0.8218844012872728,0.8510160307092046,0.8345148675247405,0.8376986587127903,0.8428484449298146,0.84524218830036,0.8468502049863252,0.8345104460520036,0.8518635619069304,0.8455563667112816,0.829769847145184,0.8442900843385671,0.8354971489617296,0.831872465930456,0.8437803884537547,0.8266227735510263,0.8608725018881784,0.8503088156952806,0.8433309013068652,0.8281666874900779,0.8393372595924647,0.843435552313501,0.8369750062357427,0.8399497346543692,0.8502263824977154,0.8480629474400349,0.8505231393168076,0.8326830945785533,0.8352602232932805,0.8473707748892015,0.8604966693681794,0.8482121182801887,0.8400699363786878,0.8396755231230152,0.8537841831339643,0.8468524579907654,0.8440404432461032,0.8184809544121077,0.8475047232125361,0.8431549995118355,0.8463567845658266,0.8639665242135148,0.8488368889662522,0.8353462276612218,0.8382073242603879,0.8581628000502448,0.8454229324306753,0.8322048178765005,0.8545827473172041,0.8488621121930294,0.8353365461321018,0.8438824978221644,0.8470263524476519,0.839421371554952,0.84531483925294,0.8398415905463905,0.8403351504756374,0.8312124653546223,0.8413143856632432,0.8445480609315279,0.8386908685179878,0.8487589982789333,0.8573662521836272,0.8374769860265286,0.8385804252464015,0.8249852858530343,0.8551509764644188,0.8473095254589568,0.8427107187913933,0.8519819494901278,0.8352989108619229,0.8322331027437201,0.8414389491366917,0.8379205600533769,0.8472061041422108,0.8408182128900207,0.8615275668928638,0.8548532069009106,0.820192961088092,0.8567506184818078,0.8359314903382212,0.840367200841163,0.841578897064236,0.8372232878243865,0.8451499332455125,0.8406754753354657,0.8340685738891834,0.8467987206512071,0.8344576724924939,0.8706042368846013,0.840790363141922,0.8397240175446947,0.8379842285798054,0.8251388190491862,0.8321523420131007,0.8318044762419846,0.8367687336445785,0.8576987848980897,0.8388545504178562,0.8538254340369018,0.8257721199036224,0.856070353988265,0.8333212491418032,0.8484291513773315,0.8284852659014397,0.8452629070223366,0.854286925974866,0.85300179966081,0.8456843430472841,0.8264657644109792,0.8377156871395381,0.84353009658062,0.8558338457778837,0.8459592719972407,0.8363043957021148,0.8392234321819381,0.832946532708243,0.8514146883998198,0.8441026787952562,0.8505791624692473,0.8547938138795295,0.8509161331609074,0.8559742465059108,0.8325655921477638,0.8399133309981072,0.8527566820730598,0.8309866876846626,0.8317879608401152
3,0.7159156279868742,0.7142809565936014,0.7226479754919801,0.7320458976589288,0.7224046413776194,0.7325184236991739,0.7330371614968875,0.7167004087654124,0.7181522608491496,0.7208619561481745,0.7058138746329449,0.7367054372493018,0.7401613294882908,0.7474957500762658,0.723593251927971,0.7367539396800784,0.7092886353979836,0.7158942862478777,0.752927439791799,0.7350118511909258,0.7381523124055568,0.7311981143538846,0.7312385061962996,0.7142725605160647,0.72342262466413,0.7346282365939889,0.7220160839555873,0.7346234237297387,0.7392530726171348,0.7242337172013542,0.7429691033133994,0.722525458026636,0.719494727487773,0.7279100750392132,0.7367429519007005,0.7271047492882637,0.7358282921382485,0.7164105087156719,0.722436273404652,0.7113302751511015,0.7225869987598719,0.725480361045484,0.7075160565687092,0.7352846830550104,0.7152982155644659,0.7223996786895363,0.6936772558407334,0.737586144814911,0.7157690746881423,0.7308247831240192,0.7316520348161252,0.7319449239046731,0.7180599738687463,0.7334251619409904,0.7234229339538975,0.7191450884986614,0.7238087247682398,0.721966530331282,0.7456725063199448,0.7179089185034587,0.7347892524565152,0.7269568023920875,0.7353495993196986,0.7183298572151449,0.7199697297662739,0.7356723002361922,0.7217726653081973,0.7122893988405419,0.7394426310075655,0.7284818362773924,0.7175576216400172,0.7109572641113542,0.7096728060795556,0.7412166748761911,0.720929399288874,0.7285979147172117,0.736860740197051,0.7342071301381966,0.7191373537877876,0.729072248905052,0.7300731493315055,0.7283214187159719,0.7168026946151268,0.7130762450826732,0.7330816705896873,0.7265194822953098,0.7319425443097873,0.7352301211529234,0.732780600595326,0.7332957255090053,0.7398578694264881,0.7277992140568004,0.7176044981806885,0.7258609519552713,0.7364674932789227,0.7205377848366171,0.7224057409985727,0.7430610288042286,0.7118856705874633,0.7199496029392796,0.7169670182439707,0.7207198176511425,0.6965998300790982,0.7187525270924959,0.7248057741968977,0.7402845143045509,0.7164611140742151,0.7355654339985772,0.7287442136593939,0.7348865850511843,0.7367789601734925,0.723792771011401,0.7260175544175445,0.7188466164070892,0.7321067178382135,0.7236138407981301,0.7339853284448898,0.7195497590438884,0.7227508683653063,0.735746630086637,0.7365272068619594,0.740417779171017,0.7247978878397265,0.7210338838366097,0.7346145358376412,0.7297856330526168,0.7385360138192026,0.7318802745407781,0.7373139009446521,0.7206768903260372,0.7165483443329628,0.7330338388676042,0.723942179983423,0.7228389604960461,0.7256065202332924,0.7227650270642821,0.7393998502787249,0.7555133686302647,0.7221292835418917,0.7144645551086735,0.738422401584469,0.7343945290665357,0.7318028797192121,0.7523726576854509,0.7193399454845827,0.7190557716796049,0.7273848508216574,0.7329257220862545,0.7169185863445384,0.7195609006348579,0.7218638575356612,0.7320915014238144,0.7150118707855673,0.7357152883135334,0.7267788064064801,0.7311713801105262,0.7238513201677954,0.726253495178949,0.7472066950691423,0.7275682076828724,0.7249649900072169,0.7282635661439323,0.7248372701578729,0.7422031059844368,0.716459555267132,0.732359879435385,0.7318172746375253,0.7223815400005725,0.7397854794264467,0.7201987862173796,0.7321934517680484,0.7248105994725862,0.7374679015260518,0.7226144862862519,0.7336217556731706,0.7315597264728498,0.7305708093589557,0.7360036111338599,0.7341614382439152,0.7027342840599595,0.7278707923149969,0.7293491492260201,0.7118916599027403,0.7430288860349179,0.7268655282993949,0.7357125288948354,0.7278628419328766,0.7273977228453419,0.7135951173938718,0.7257507298929871,0.7299073416996383,0.7131394652804427,0.7298121195179934,0.7323161241838916,0.7352545901529084,0.7325683653717417,0.7280632418267204,0.7213713507982815,0.7393413366572902,0.7204471017041357
4,0.6326952774259724,0.6263743914885891,0.6282534943962694,0.6344077098212068,0.6138643647933391,0.6191654363564256,0.6418009664313583,0.630880396519404,0.636137801456918,0.6300343795828568,0.6173064556206773,0.6196403937305851,0.635225516043159,0.6445875527828397,0.6378182774500148,0.6346638473852357,0.6160636286308465,0.6109113820058552,0.6329452543294907,0.6156762046904284,0.6103253295062628,0.6132204770039255,0.648009909385789,0.6307404536024741,0.6214373403700701,0.6400386198480106,0.6210735893983265,0.6482048918866874,0.6285193298514026,0.6140563645996219,0.6202599634024015,0.6090363032001519,0.6196619425988564,0.6193974859764931,0.6289707841233371,0.6234241293390991,0.6219398824275839,0.6146391390024796,0.6151669489642053,0.631910155573109,0.6162024029351243,0.6212598735915714,0.6319270795497972,0.614951387695342,0.627231125452742,0.6287731692472892,0.6088192255232353,0.6358132790369677,0.6363487221349843,0.6282590379017906,0.6129281800614331,0.6184746492101396,0.6180203392342722,0.6200361776392879,0.6330716080364841,0.6076623431610038,0.6269173140765818,0.6065342230688218,0.6105608439596074,0.6193361868436925,0.6299539994292275,0.6311229042160222,0.6327216563781398,0.6234768681059634,0.6142050325433774,0.6104603441629746,0.6154775675808642,0.6127570567678633,0.6375102882075252,0.6331273311060748,0.6074893488434461,0.6164319093959993,0.6125720136106327,0.6107714908985316,0.6369017720295982,0.6285006858762694,0.617148283510276,0.6362629441134986,0.6344773973350238,0.6340817767096908,0.6151042186059622,0.6254018778411135,0.6058037617723211,0.6310683316500286,0.6120538787938185,0.6182254672639074,0.6262117197911999,0.6235895669715732,0.6339898184659009,0.6428030647652393,0.6305092897232478,0.6192447915308491,0.6274630780566884,0.6141361072701682,0.6294622334035367,0.6175793501987409,0.6281725889221204,0.6270547334337673,0.6031128490560912,0.6174838885651083,0.6178121698233195,0.6168576153813519,0.629745993899452,0.616890208901354,0.6393712308931634,0.6308994935030805,0.6293638876618698,0.6219689161184228,0.6407088943644443,0.5957941580115345,0.6444253848151928,0.6239445928860603,0.6209655709661839,0.6318512083786593,0.6381593570624295,0.6171561358570922,0.6415839789637426,0.6437535248876943,0.6284098079159118,0.6395288913869757,0.6397202763411317,0.6194241399473934,0.6262953063425046,0.6301068853560491,0.6212655526679598,0.6203024580955191,0.6285319353718866,0.6173407893652186,0.6230298547562451,0.6109031131895585,0.6243636205508308,0.6451574583498262,0.6295068231208406,0.6190671214403426,0.631605556396055,0.6224862689087809,0.6308754809965607,0.6252926597927633,0.6290377905394303,0.6250882716620288,0.6227874962447759,0.6167247161295877,0.6201136934379343,0.6201183234124062,0.6317702322089377,0.6013046777351846,0.6339611225180448,0.6134695469425028,0.6267172800078552,0.6247335374544332,0.6326210369250064,0.6265712375184275,0.6186555823294035,0.6166639640383356,0.6229146587487595,0.6240372623729501,0.6278717149333453,0.6403751800544846,0.6273438883258095,0.6316466063166338,0.6156554286416812,0.6207647841101968,0.6300454710318665,0.6264721434824501,0.6134647326261211,0.621386469390235,0.612034067027686,0.6078307666625803,0.6283369750681507,0.6333760346516351,0.6239863020211609,0.6231598038900049,0.6127543113932217,0.6280725579677771,0.6237475737817981,0.6348173503868586,0.6226508148326187,0.6316299988382159,0.6161622588098511,0.6246811888656063,0.6422266449678141,0.6208758891215352,0.6321114213582271,0.6355789489313949,0.633328655224292,0.6166343954712561,0.6217165067331467,0.6293512149982302,0.6282642759904803,0.6258251333423738,0.6392177449445647,0.6315322728040306,0.6318193366917774,0.6196435042081799,0.6313746758153741,0.6460314102542516,0.6355160925643203,0.6281501482797051,0.6346450604033261,0.6299505323472856
5,0.5177043093131191,0.5526980207051893,0.5328237009517605,0.540995942807835,0.5269758840885218,0.5346987213977544,0.5415240312127879,0.538072358929765,0.5464075587552626,0.5302436565128165,0.5434487097494528,0.525511564533572,0.5276360824239673,0.5400965123274221,0.5373019881378471,0.5362923557894296,0.5270608099925964,0.5228405167863297,0.5427130015976487,0.526735671920733,0.5288195180837392,0.5421848734570537,0.5154733792680484,0.5326434565328423,0.5266859105671264,0.5291684599886182,0.5472284855804131,0.542236043273981,0.5384881256717985,0.5229632139226673,0.5393662178900092,0.5240721457065313,0.5338767434050246,0.5251652443364241,0.5095769768134867,0.521760925868559,0.5215746328418555,0.5279478564947231,0.5359056560646632,0.5328310004761978,0.5459654296789906,0.5536773418771909,0.5368820558080962,0.533578183180379,0.5265034404170247,0.5360522500425091,0.5423240437600084,0.5236203255091326,0.5308023782127832,0.5411787160626539,0.5315584381189421,0.5449583892718156,0.537228106211692,0.5307561421358888,0.5397331769868251,0.5306801914528427,0.5285866036386339,0.5300514599817249,0.5058991264905246,0.5347885772398357,0.5248484137267222,0.5085188161711096,0.539534804270741,0.5301057604336042,0.5431606645041992,0.5310355412525402,0.5313421166517781,0.5230755739807675,0.5537292387641239,0.5377322597456787,0.5339410421275509,0.5399078629918814,0.5190189641166185,0.5427830964376006,0.5431175788076166,0.5331696725733893,0.5422668976807131,0.5360404685871872,0.5277756356657123,0.5346501596925125,0.5257755804829383,0.5270977948262976,0.555607001779006,0.5119953851228247,0.5307402548790819,0.5406109347971674,0.5241386099922378,0.5369150040246634,0.5084870035484381,0.5415744957784988,0.5433759868132573,0.5494475656879725,0.5439917767364424,0.5270804343654795,0.5367790517618479,0.5286072853188788,0.5343392379568789,0.5345048355900701,0.536010812005867,0.5199302379555352,0.5302134778663701,0.526492827196395,0.5389555061426422,0.5378959383743923,0.5355609216319445,0.5165186916562957,0.5324998418203574,0.5307969019309379,0.5535507229622658,0.5415231671845364,0.5266747615906657,0.5492124738158627,0.5447157734344327,0.5356703109721627,0.5345210351936264,0.5420458408309604,0.5332269951768489,0.5472147136938306,0.5298022726469739,0.550718168485525,0.5342873537473031,0.5290094409901464,0.5361620341276823,0.5167429723049094,0.5291384307645334,0.5196653101695677,0.5463238729429402,0.5369899470976185,0.5187391807424077,0.5180410643239692,0.5476135154504367,0.5513649425560709,0.5378736178850513,0.5301372246318196,0.5334458113561354,0.5467281446589067,0.5331828896151749,0.5240612145378684,0.5545878870593963,0.5369300608968959,0.5450882047841221,0.512554955928979,0.5357911380265523,0.5356878743107292,0.5335525595039142,0.5590668002777498,0.5348951804020323,0.5231832148520623,0.5097155083188706,0.5398799249105325,0.5204709082011485,0.5452953981129254,0.5187511837530356,0.5495107843334309,0.547156944122554,0.5443430621945996,0.5546549077079772,0.536202330906761,0.5435473058458324,0.5325866634005687,0.5344426363298624,0.5323681872789321,0.5389504460242233,0.5340332069317635,0.5268734164716707,0.5348823942002982,0.5243043891012403,0.5247755514322155,0.5536357991801796,0.533633149305073,0.5257948564215947,0.5467907641706707,0.531437895425193,0.5365263638828796,0.5329572123106492,0.5252871199421673,0.5499746173813657,0.5309312747627927,0.5307371070530993,0.5262981576749064,0.5421030733253994,0.5246316756445797,0.5527905680956776,0.5284808262367868,0.5498757743996011,0.5420510960415725,0.5449372236922939,0.5364018053535435,0.5291015675658622,0.5352014955532441,0.5470907223896593,0.5515919220926184,0.5514236987451859,0.5237849429023647,0.5262148072299867,0.5414383891438561,0.5427393632578947,0.5332791679930319,0.5353541334620217,0.5161941199976385
6,0.4546646675502791,0.43546738923923883,0.4660197863646255,0.45434239706454604,0.46320741551668565,0.45362019161155526,0.43934701914903046,0.4505940809480025,0.45966299858937454,0.46381776903039146,0.44710673234310383,0.46307443621691075,0.4540170067637677,0.45171207310584643,0.4521035697542285,0.47149707821192455,0.46002064646671864,0.46838285347488584,0.46458723829674164,0.46079918870970027,0.43702107897588244,0.4648718386829156,0.46732600954690656,0.46311442182911033,0.4466886459944783,0.44367356525881385,0.45494662850893525,0.4730104896315514,0.42550427023996856,0.4646563795291738,0.4653845294654889,0.45489174516777114,0.45283319331841565,0.4533065052046564,0.45715298753991174,0.44903905237800074,0.4502280689894023,0.4519571205105694,0.43841755073079675,0.4429990563195898,0.4612054658410547,0.44502755866593086,0.46425576059992835,0.45444268340218175,0.4589731989547304,0.4594179831759585,0.45321943350670907,0.4556955786404354,0.4515181754600539,0.4647159721436037,0.4538290863696231,0.4588321158189082,0.45549971291053476,0.46322450660603787,0.44678169191354483,0.4635075805277456,0.46843175064378073,0.46418623610891485,0.4594007922810057,0.4615774709862981,0.45640234547023645,0.4545742316984821,0.47287280101769796,0.4560186951554666,0.45787856173365526,0.45187846239071267,0.46367881895089363,0.4447382764587192,0.45000921014234313,0.45700402217218883,0.4432157664546081,0.44660043395550303,0.44925088058166734,0.45793915778255606,0.4564468319535923,0.4578300398592435,0.46300464613033415,0.46305838014941314,0.46067884950250665,0.47044043306573885,0.45803212808117044,0.47687898002042234,0.45621008434395743,0.45348954059340246,0.4676922928443383,0.47534806110170363,0.475688149605289,0.4643873173695358,0.44763317693236154,0.47211024557181575,0.46610971097501097,0.44215363810850467,0.4641989809581628,0.4687325580543917,0.4434406771760251,0.43520089361438186,0.4558155163458846,0.45637502449767664,0.4618009905197262,0.4634775868515139,0.46737411446980887,0.45027294424735675,0.44628576613979415,0.4560526594962621,0.4628379612658544,0.4543780558433075,0.45646520974245747,0.460351661341706,0.45768805524141504,0.47275383246480196,0.4607839576380122,0.46316947787000845,0.45620595748146786,0.45520351249088375,0.4497791009438189,0.45240327672291214,0.44748102647867427,0.4565307421226865,0.47022350345835906,0.4389250269031086,0.4526674651889439,0.4440788279071245,0.45151858285084673,0.471739169128759,0.4609178018136224,0.4612727063899295,0.4674813920807314,0.47168660657478517,0.45198093749577334,0.4510497940965642,0.45826753647944973,0.4779104810620913,0.4505016542458732,0.4392181039227621,0.4608743376300375,0.4601508466956243,0.4506626899520056,0.45355163626701184,0.45244357107122923,0.4470249390481596,0.46202874480475076,0.4444425299204971,0.45126422828353524,0.46144741685575585,0.4597496093599383,0.4680678409302027,0.46075916098649206,0.4682821521490507,0.47074518335008475,0.46047958490291424,0.44663396146950995,0.4386044062237663,0.43585875693602993,0.4554625583954497,0.46329344441028075,0.46707937069099725,0.457423027023679,0.468427988389358,0.4582185257582238,0.450188105545192,0.45485861959574625,0.43961838993731095,0.4534602007294699,0.4706698394909145,0.4541758189695422,0.4582722577304653,0.44753414088396565,0.4597390895675876,0.46154749591930055,0.45435397701566943,0.44709209369053365,0.4678190663508104,0.44874685912985063,0.47750968028295265,0.46350896903325006,0.4582509375139804,0.4547160342694258,0.4546116640454026,0.4411509681256836,0.45494047419065314,0.45684902157905816,0.47207928613120975,0.4660315988110454,0.4538359939304775,0.44873084513306466,0.44831328393497377,0.4442855564875694,0.46154841639127336,0.44613709742688995,0.4567079673866215,0.4457348426488392,0.4602130089845355,0.45110898982570014,0.47490768639378045,0.46868122832970416,0.46693944350843614,0.44950355456932206,0.4724265154724162,0.45458146128559196,0.4652627902858836
7,0.38155177833257037,0.39636456901197153,0.38714392799015446,0.38822190587478284,0.39909341223114686,0.40358049080251635,0.4045681392696452,0.3857994348745348,0.40113407600374623,0.40032712209428073,0.39743422072960377,0.38354019135101985,0.4026631613473588,0.40874998479504365,0.384941191328247,0.40358336079515933,0.3778677336156857,0.38753068663109375,0.3916009881434602,0.4128728136343753,0.3902674034118412,0.3953843738907848,0.4060412942565078,0.38453493250987125,0.37222784245792284,0.3744704662681711,0.373674777487045,0.3855490263279144,0.4048721986573429,0.4047336359542189,0.39224389529362463,0.38910441183157624,0.40446512521853456,0.415236076187544,0.3823587553525214,0.4006701230386969,0.391731831283916,0.4054821235549362,0.38980084763953515,0.3915496352101359,0.3937263830879367,0.37757803911167853,0.40429553883791775,0.40385824354269356,0.39708081316393246,0.40105887795734585,0.3901009757128056,0.3996463640599234,0.3884529584069703,0.40098781424414415,0.3884369808173923,0.3986430642357007,0.3929717017079826,0.39303200547620987,0.3958212641754874,0.40991061567896425,0.377811745634337,0.4235153888421166,0.39819049988633404,0.39069750762334854,0.3856382978663592,0.39352254251106145,0.3977909255541107,0.4054555324534903,0.38316240118990663,0.38281856076094556,0.38380828442481985,0.38040749382067934,0.41175403681345574,0.39852819316616883,0.3875222282145904,0.3768268443469894,0.3813704239081339,0.3922719718043327,0.37725981606576464,0.3929980355881321,0.38922982118646343,0.3942771531492815,0.3873437244621145,0.3694199570816115,0.3855166567897231,0.4030018508978584,0.40309104361593123,0.3965520598881514,0.40096441539695277,0.39787141895216654,0.39743243720105836,0.39973499926443345,0.387760872330405,0.3759912775277557,0.405537632271251,0.38652232867882474,0.40253152937717934,0.39554179565438663,0.3942620428171421,0.3785555010561961,0.4004571549775042,0.412711284763574,0.39971276131163835,0.40391394250778534,0.38027743655604745,0.3850060009972618,0.39534699008548546,0.39538922370653323,0.3804024134983169,0.399367278025098,0.3965326960822382,0.39478520452744764,0.39967374240844017,0.38894869313439107,0.38254042586652043,0.39434237993102633,0.3971236116808789,0.4019990012972301,0.39839103328982345,0.3784414199655166,0.38585163048566734,0.396273919052712,0.40125838913153294,0.38926403692184963,0.38859540855333374,0.4036965584220413,0.393134250549521,0.3859936290581486,0.4018661974185917,0.3799103106714153,0.3980587957423991,0.40678823945742437,0.37494181210458283,0.3946986374963786,0.39346136212620514,0.3894111995503575,0.40058778454443855,0.39213414339654984,0.3762450466263392,0.39011304866887697,0.379120172140135,0.39215610123071365,0.3920615646677544,0.3880033900955593,0.39164246233382366,0.37658666850645856,0.4043504814427939,0.4029598850114462,0.3795763821250188,0.38527830852243744,0.3812420562480258,0.39897246228273764,0.38124419188717257,0.4104313403950486,0.39881222781380116,0.38611973696001634,0.4000923675725524,0.38362245493771635,0.39337998451763634,0.3948916069361567,0.37090005012510674,0.4119367344570036,0.37553730996429024,0.394701379525155,0.3848913475610115,0.40458326922707305,0.3817405999415207,0.3881418471994525,0.3890375982768228,0.40995498452446943,0.40250905029106426,0.3846806906705544,0.3944207206631635,0.37200216991106994,0.38417041228168036,0.3805828001078385,0.3965023359552084,0.3771544326628454,0.4013080078363936,0.39534519749638436,0.41534105165242147,0.38777145384749545,0.39663072378091435,0.3908622462474977,0.39332712890914157,0.3945458132678797,0.4074787654980039,0.3794660418525954,0.4050345504474028,0.3905180941843857,0.3720918747491989,0.3935346393846013,0.3859005983344872,0.3954430716863564,0.3764581242578438,0.3920598884329172,0.3892996909459289,0.4075508443532013,0.3943710073908449,0.38556078133810623,0.3902383798458858,0.4015773208973279,0.3969210965667097,0.3959256407341219
8,0.3387388546076606,0.3435205358530791,0.3522261131329147,0.35037246413855494,0.3228088618844279,0.32787548680829554,0.3253570522132627,0.32909100908648276,0.33913629341124807,0.33483331326419263,0.32657503993081405,0.3444059703845446,0.33617646538713114,0.3300886532886492,0.33877039472891723,0.331242729813232,0.33208631398744615,0.3349753617522492,0.338049144111418,0.33061726129755986,0.3507966716230392,0.339911090119108,0.3382789795196826,0.31781691536927353,0.3440172062390037,0.34987061223610333,0.36006556634438974,0.34166474421638743,0.3387494754143896,0.33133285974399507,0.34321817989406495,0.33988656707288006,0.32997143853381683,0.35398849711161745,0.3442341773814145,0.32911230768029265,0.3485268527261985,0.33178911332851724,0.3274139094130774,0.34441556998250894,0.3340541366373065,0.33390922791295913,0.3316420763063298,0.33969461667162615,0.33797778253910216,0.3324993504160438,0.33718608527668337,0.3295358767406327,0.3243551620506605,0.3363598862243554,0.32698922990012064,0.3463185458181065,0.34065114805213725,0.32483846368135477,0.32224823350658394,0.34010766606698195,0.3248083527544052,0.35499591643325196,0.3195965815858047,0.33031778760126584,0.32813360867448094,0.33401911471011775,0.34217979541592786,0.3391760201033559,0.34152294960098195,0.34025169365643415,0.34007131326514317,0.3357667679893179,0.34574503082595454,0.33569706312799685,0.3378865531164872,0.3237079575789531,0.31954081431652215,0.32496208839563767,0.337176426786128,0.35399421823237964,0.34213730458254193,0.33333676151253167,0.3272019231707934,0.34209356900129967,0.32583224194621846,0.35388052151004423,0.35444470378784315,0.3436972330722952,0.3343590484832,0.35134497859545205,0.34179758833933405,0.345775727424385,0.3217590784066931,0.34203956471077807,0.3351386513064641,0.3360081561187528,0.3430062099445189,0.3393536740543403,0.3433144164434868,0.33555556386660873,0.336103966940002,0.3358581101198505,0.33657409005684025,0.332530418313326,0.3370973673630784,0.33662370295022065,0.32795605345783246,0.34282744562353296,0.34578692898431995,0.3369255265524926,0.3493852836113949,0.33234196506106456,0.3324937868914372,0.33930839206513286,0.34381641225009557,0.32965387322721285,0.33134470703241714,0.343964435003134,0.3349085027851713,0.35195429755779645,0.32417353502986157,0.3334858150996604,0.3194318534767704,0.34731102448298695,0.33262285714269246,0.3416454058341849,0.32727155039913347,0.32637371326770004,0.342278016147236,0.3242196996525255,0.3464520245073835,0.3549593303217499,0.3348855457018599,0.33918788830286384,0.3453870914044155,0.3483685888966078,0.34263679176164075,0.3378292726660868,0.3341374802771741,0.3377562865306784,0.3431964542892299,0.3398835934772727,0.3486042768460453,0.30979836547139983,0.31814836650176737,0.3471488552796653,0.33525906481303974,0.32189324693316157,0.3265382870563122,0.3300451536509269,0.33728694357745287,0.31372696854738813,0.3438378983541827,0.34731381197089417,0.3388646085505635,0.3324118770974303,0.3271691036690315,0.3184021467317935,0.32855789326608187,0.3408118619002989,0.3350993363934655,0.3407469176267076,0.3480842165842296,0.34282084207381197,0.3305315900808663,0.32536539565195804,0.34606631623564094,0.33820859351495075,0.3346668426300172,0.3367297512551415,0.332022796260606,0.32963520022168974,0.32961196913241564,0.3498724614116758,0.3256004206979757,0.3400913773095009,0.3259736560536801,0.33508857102281586,0.34010449177630186,0.34309732489899597,0.35714180602751644,0.3143916821662898,0.33464312783506717,0.327377441731152,0.3364155796991929,0.33113674171148433,0.3456756629012606,0.34422858038022924,0.3337560817423434,0.3581272354102153,0.34049000260358875,0.32975459847977584,0.3561494593326108,0.3433600036898943,0.35705341350506636,0.3243120617274728,0.3226291040834761,0.35358480354409055,0.3243998343172941,0.35347563158442524,0.33949302128283176,0.3419927502290654,0.35566897250991797,0.3430302557436939
9,0.2950900648671443,0.29251173281545356,0.3050617101892224,0.2800190675743056,0.28680524680441705,0.2957258171085566,0.28832911881317524,0.3058265481374901,0.27790371885827525,0.28906859192224155,0.30296223735581956,0.30345230934331935,0.291166256936098,0.28931180907364046,0.2898297330332061,0.2828266488612256,0.2941219537748644,0.28388353385118925,0.2950465824897665,0.2897324297115748,0.29051980274692324,0.2943585464275993,0.2786651795352131,0.2919687555767933,0.2869430941405095,0.30599154047173366,0.30061645392386677,0.31871715104188214,0.3051382263380169,0.2900939996764539,0.29596504660930395,0.2893237971941957,0.2752742375017421,0.2963062370859808,0.29252877885970713,0.28889189190849385,0.28677763304378195,0.2935161251880652,0.287814649318158,0.30383246266888186,0.29259079869706933,0.30484362839511503,0.297780993664976,0.2960887981683474,0.28503804747991274,0.28294474673620224,0.29279948750495477,0.29133516143203997,0.29641540300824576,0.30016266349414555,0.2822438245505707,0.2882902150966555,0.28344858930531647,0.2890169346347954,0.2879077501580111,0.29098903478488436,0.28256479758077885,0.314895404314451,0.2878594567569796,0.3006002686799839,0.28563910936297277,0.2977375543672876,0.29203342079801375,0.3004335263638986,0.3000512649308216,0.282213190410824,0.29989035388072205,0.29768265094614205,0.3083357724731536,0.30533341658838137,0.291511827901164,0.30825260187633835,0.27934859211844393,0.30681195293917507,0.28622911103084303,0.305981452020327,0.3021264344200445,0.309191227432958,0.28935195254883783,0.278795183213879,0.28528298396709867,0.27729476076564985,0.29285727012822665,0.29326863601789566,0.2795193423709197,0.2901858141009986,0.28031934016779864,0.2795543378023728,0.2837759584262207,0.28661965372518633,0.297910827327129,0.2856602393167956,0.2984068630849633,0.2958958037014472,0.28742264995363276,0.29259402351892444,0.2915883670191341,0.2892291589647334,0.30691480379635605,0.28541450646107464,0.28204390969967935,0.28873945317593774,0.30836654297966604,0.28862506321004916,0.2869203221531549,0.3076823120140907,0.2849894646802867,0.2959068458865166,0.2868154799860748,0.2923732039386164,0.2913407724700858,0.2835863974393861,0.2761020319969255,0.29642568064353136,0.29214676856428184,0.30638144796604777,0.2882207152521264,0.2998398733632916,0.28931828933409964,0.28839851681598266,0.29083876860945895,0.3000428764114743,0.30269100600606724,0.2827863850735094,0.2967616838045973,0.2810648223823686,0.29128854148993355,0.2848775310499186,0.286884048919569,0.3113668290834195,0.30672413179891106,0.2743295237164961,0.2985850907276246,0.284613818848669,0.28876742463275196,0.29004243746221403,0.3064502868307331,0.2811262005475773,0.287512613409146,0.29122305084674166,0.3041931656012052,0.29906319582962615,0.2997665041209822,0.2924028516177223,0.28748596230659174,0.29270915261708313,0.28604636666176614,0.28571444599150014,0.3004580249748885,0.282513739299769,0.29552046578916275,0.28371565128457904,0.30904816120255685,0.30118473757927894,0.28872415182537475,0.2838076215162603,0.3000435670333807,0.2894074445305388,0.316268650007214,0.29652142000281284,0.2831562006579027,0.29225134265252145,0.27889527983636814,0.3063471558516001,0.2968654576646807,0.28454466914550386,0.29510239481942846,0.3128079264594245,0.296355854933532,0.28482639964975726,0.28560766138410826,0.2899024264096879,0.2991914511989152,0.29757237179165613,0.2925205622433453,0.3064729017051419,0.3054705450415307,0.2936185574662311,0.3154439778818365,0.27337087292580164,0.2748798882432736,0.2894273069756529,0.2852228494582171,0.28935190464731,0.2931821896259726,0.27875554489254767,0.2886698167421415,0.30693739802893477,0.28745411894289635,0.2884798214798959,0.3063845641047616,0.2927849505064071,0.2889373000050644,0.3033809356363604,0.3069812758559315,0.3020085102396139,0.28742890801830884,0.30272818577184857,0.29598679448022247,0.31202558536575936
10,0.2823041728061831,0.24948028836728312,0.25459440490795865,0.2592366458390262,0.2662691341568963,0.2573338456720346,0.26479099703972725,0.26326770441373915,0.2359567439401197,0.2706501787450235,0.26875812558003676,0.2515293549846741,0.24433639187406792,0.2543875220498914,0.26608343307672,0.27641459531321844,0.2603879624905547,0.26638281389445306,0.2696877890684168,0.2514758024264177,0.24448619200271213,0.2567901288253251,0.2504453957118318,0.2532236529460581,0.26153399989906584,0.28252855558503626,0.24601314739719934,0.26180464292849004,0.2556941099112221,0.2725960070902374,0.2528986397481202,0.2627759075076206,0.2589923384874203,0.24213856013638316,0.26167561548912616,0.2483636742260709,0.25743390133891564,0.2622495330314701,0.24760974938893726,0.25854774460106755,0.2556989279193163,0.27021617018887395,0.26290218725145903,0.2625782745525703,0.2520552325176907,0.2564070996549299,0.26115076181838437,0.2697707538766207,0.24961014288000402,0.2575916834248845,0.2674650451771549,0.2389426037839266,0.24250055495647066,0.2639581903155686,0.25692922465427254,0.25413686094992916,0.26822129746239265,0.24787589106975774,0.25307863209602477,0.2624481030960503,0.2636571835270055,0.26683331822854506,0.2516250738485035,0.268433023273565,0.24786531444144616,0.25007045454388993,0.2633616670650128,0.26470995536255176,0.2592585245927191,0.2501466058555442,0.2633714473813471,0.25860919416969685,0.25441431893371147,0.23992682069914575,0.26170407134401635,0.2653978813881573,0.2630891091952862,0.2609741528237735,0.23762660238087008,0.24081451943316806,0.27087727380404714,0.25010951973053747,0.2631678826248467,0.2518536236101308,0.27108057062767427,0.2544178617260934,0.27846745259298694,0.2725288364678041,0.25069009136925013,0.2570656186233116,0.262554677281745,0.28748756314830376,0.26012845878970625,0.25262171853239734,0.2616826343957419,0.24530084993348839,0.24946757122235952,0.2533880380301367,0.25822226652810976,0.25508483596557724,0.26195373095764257,0.2747065871524716,0.2546736994571738,0.24557026360711043,0.25325570701082584,0.25426638495631493,0.25094768844258436,0.2518240013303419,0.27691033055645176,0.24634062931893053,0.2570206350708502,0.282895377802132,0.2529786721957425,0.2619056480016272,0.2538492968420758,0.2565848539985338,0.27204128602935485,0.2509272693986154,0.2591657248255078,0.23624730555317092,0.2641724537779896,0.24609990692076833,0.2685205196463684,0.26771742719918246,0.2437002043615031,0.2576633929937123,0.2670344764104854,0.24638949561606224,0.2729478173714172,0.250277857558335,0.2591149482502199,0.2543960423051758,0.26246013471823126,0.2619010347548038,0.24273633688718818,0.2731512949137707,0.2641997522967765,0.25403871883159984,0.2650281065946487,0.2601822263527675,0.24584993445371037,0.2576247346692654,0.25444907013602625,0.253522470452025,0.23957544120409663,0.24883091184186712,0.2711091265417223,0.26954894077685465,0.2608693847683629,0.25433755979799005,0.25617572813255696,0.2512497239320217,0.266364393456843,0.2587818907667381,0.2637513026970586,0.2546573869612031,0.24913615787636617,0.26455378168704247,0.24101145382412612,0.2540903149696298,0.27000730180051064,0.2542297362396353,0.28857818106786826,0.24376883264294474,0.24896326935534768,0.24700017463041282,0.252158060049404,0.2627735714865272,0.25049113241873855,0.2571391039730167,0.26212353764664365,0.2548279930358802,0.25023028437946176,0.2500047564672658,0.23614366953652935,0.27349675316091515,0.25784239266782494,0.2467240940897604,0.25963903060895527,0.25847359778856926,0.2635427668101119,0.2541422552452295,0.24902522673143285,0.26925921977233896,0.24469703223592143,0.2526470190264634,0.25587905405910716,0.26731043560409234,0.26743551038477925,0.261761289217675,0.27043516414660396,0.24526331969745985,0.25602524268360827,0.25235475495187937,0.26252788456623305,0.26944597706289936,0.26858599463985,0.2521080627643609,0.27322898145352165,0.2641133567475824
11,0.2279235739575095,0.25136546395165504,0.20683220562416074,0.23766817654614278,0.24823156959920573,0.2247151476394302,0.22545549193354575,0.24301298619968073,0.22147015803668876,0.22618950514631636,0.22049803729932957,0.22233894335899587,0.2257398074863872,0.22631919890263055,0.23456946245063476,0.22800572279697473,0.22941051940886495,0.22001941060208807,0.23640804032498375,0.22864647142334765,0.2267887018613535,0.2171491696414101,0.22342267704667146,0.2191764606113564,0.23735126659713968,0.22741728736182684,0.21879745018973415,0.23155663475303465,0.209938909822378,0.23156590928219872,0.2124468501807177,0.23235058216118354,0.21052015450210912,0.23261966492599598,0.22977817595593014,0.22981139196824313,0.21951787504034342,0.235609382255005,0.22767239169293357,0.23839509278470195,0.23051735161788844,0.22619875191519767,0.23640686456363996,0.2416005122169079,0.23714543990063017,0.21989514263337775,0.22472947633605017,0.2295104150113224,0.2352719298662162,0.22666132967218444,0.22840187047210742,0.24310266668901045,0.21986762828223722,0.2420412571230108,0.20389002200111467,0.2254437779851977,0.21195532032499648,0.21239365877438465,0.2469796813258316,0.22515594686949436,0.2448809471828406,0.22139197348372056,0.21266432049836498,0.22529092345474777,0.21860826138172684,0.22103072103687582,0.2163482565333805,0.21626284154532074,0.2456114209283281,0.23901568872372728,0.21910888877059428,0.23267444161906015,0.22419693022492487,0.2456044618279858,0.23541294398763052,0.22373475178555885,0.225875029262705,0.22631001446071794,0.2201055850731893,0.23366808267814074,0.23509752285614557,0.22718380017973414,0.2372292949354911,0.24496658755983972,0.23296492313818967,0.21949900673532027,0.22521987355675105,0.22518500539065214,0.23222453595810474,0.22204596543613822,0.24485647875138444,0.24511303566111797,0.21818728475865873,0.23313910652660488,0.23095239891433794,0.22871530155611175,0.2239783630680298,0.23542086998891287,0.22648308835000341,0.21631469651273422,0.23166844916598364,0.23620942786680452,0.23533642648784486,0.2268759657764815,0.24373931674010163,0.2427868838244503,0.23584531387945612,0.2408667252756705,0.22517057033563168,0.23925402576896174,0.25389938333195233,0.21410355483501126,0.23674901298965279,0.2310930391656582,0.22616259901728536,0.23359345715189464,0.24148543020017937,0.23800333598186085,0.23614992976859628,0.2245188786888787,0.20967521526799793,0.22109734959137703,0.23677541422014675,0.2390232116752463,0.2363321720013492,0.2283642316420468,0.22689332459430195,0.2271996424325218,0.22249632814519513,0.233800646891293,0.23404721460173944,0.22544115704118753,0.23041019415138625,0.226205648326676,0.22349418790108788,0.23727829215313082,0.23011989512590067,0.22637234338639728,0.21546906028276583,0.22359332277020003,0.21080077866659758,0.24238469607573163,0.23963767313997772,0.23945186013768494,0.23284132673974356,0.2089203626727015,0.23081714682620447,0.23827480339087723,0.24539055654843298,0.2223019718602894,0.2213854016025315,0.24031161359931608,0.244868913344797,0.2276796784570241,0.21838303546469515,0.24376193361287002,0.2344531812107932,0.22532718942140129,0.22165891776837443,0.21044572702291986,0.22399551777421886,0.23462263533216382,0.218671530691095,0.22229786763545661,0.22944228317675086,0.23649195157047667,0.21278151177760615,0.2264909964880441,0.2223493415234104,0.22747559041586254,0.23621454811968198,0.21933390962854296,0.22192516737177284,0.22661551123457388,0.22812474738199418,0.22901158397501237,0.24410173967028223,0.22802689198659912,0.21997344766154178,0.2247903821411998,0.21827686990650338,0.21821944362719736,0.2201795985485981,0.2417703073343424,0.22713660600536154,0.2255130376191231,0.22068287641419804,0.24258474944440805,0.23349035998016204,0.20670190684765724,0.23821765236069323,0.22773227499321763,0.2253698370551413,0.21392831447290916,0.2278176271990013,0.22502239606143806,0.22980831742180233,0.2372296244246844,0.22922409056655713,0.22812426922073556
12,0.20325451090406751,0.20918592777121858,0.20131590958422058,0.20357795603455617,0.20955241007398304,0.19482600046533652,0.19813541705805926,0.20443251303263904,0.20411641930494165,0.20362384267799635,0.20509134529138362,0.2212600108428,0.20923779033178064,0.2133180067183325,0.1889974936694873,0.2158095485205313,0.2062495623757452,0.20588540332904673,0.20062781774839186,0.20043409647236357,0.2107483520066591,0.19595438709436086,0.20665305786214688,0.19538545131165563,0.19112229537445624,0.20357811248999677,0.2001980652341162,0.2003971058163443,0.19815377360955228,0.20042408841897433,0.21242867318762196,0.20313480425032823,0.22027871802327975,0.21090362638580815,0.19983132789083338,0.18973537395900178,0.20297852419964432,0.20381504167345155,0.21486389667329964,0.18689299296031464,0.21193012852661097,0.2021913460115926,0.20887860076599077,0.20891374563789944,0.19780897809711404,0.21141022538740012,0.2138307818959318,0.22645101225968836,0.2144068602354036,0.1988243416345081,0.2014511079306157,0.21600862577704186,0.19000302241659942,0.19749012598664994,0.20993946413281545,0.2015429556844015,0.22254220956307377,0.21275162022683214,0.22159577175113035,0.2166416425294626,0.19572336714006533,0.20637983943004984,0.2044279588320805,0.19372799466136914,0.20922792894610043,0.19488950144501332,0.22190446296919436,0.2126155684058107,0.17974447794798265,0.19169311342412276,0.2102529982474066,0.20758303852367552,0.19945526130184799,0.20365645886255238,0.22090569993975742,0.2062893822656382,0.23735882602848588,0.21342982965812612,0.19971776736166574,0.18772821015943733,0.1948553539306758,0.201956175454362,0.20709791329686153,0.2169902681150089,0.21224321520455228,0.20278805413026574,0.20733150078269508,0.2190890160572128,0.21487936489204043,0.19563397361159515,0.19189741051730025,0.20592069446540376,0.2121104645904532,0.19746574447398932,0.22588473917909896,0.1978850353129493,0.21169528659125067,0.21260458889477166,0.20451951120190603,0.19411486017903684,0.2042943028850407,0.20177792687531723,0.216270055426946,0.21163834466231404,0.19153744264522657,0.2160101061763453,0.22078655863347027,0.19503277365324478,0.22322852789753467,0.2133257451811369,0.20945782859959955,0.20387940202244217,0.20554603262046886,0.21590698113000248,0.21291870133833815,0.17516315327051926,0.20770072140870452,0.1965834376847833,0.2015536409569778,0.21501471597444577,0.20486849237997676,0.20938970535509252,0.19667520098874613,0.2091956380941018,0.20150285645494015,0.20285814773636654,0.21824416321837747,0.20090830759378953,0.19627163870899667,0.2148994779481891,0.20700417064498614,0.2125919773894235,0.2255453011978442,0.19975026481588082,0.2019985351924495,0.21163336997359564,0.21391902710650976,0.21468587904953423,0.21875330822631744,0.21084812542659057,0.20993908409225576,0.2011889223194248,0.20504698348510134,0.222267880741723,0.2119471213230613,0.1960612969518211,0.20901817292298258,0.19979911825716049,0.2020991538466824,0.2013341416092353,0.20673525874509777,0.19995762018418634,0.2227520738706629,0.2006664573932908,0.20000037774135176,0.20111195077804556,0.21401441523280312,0.21568406268599957,0.20814059092741413,0.1987397949142336,0.19878477259744054,0.20237267342421797,0.22493847301723296,0.21239484535250694,0.20336898508610393,0.20050656504504016,0.21874069094744675,0.2160365344425447,0.21699965978622798,0.2095235587710433,0.22848957041571072,0.20299402895026725,0.19627550685431683,0.19729490899557586,0.21477769533790272,0.20621915526023413,0.20104247649969767,0.20477579326397902,0.2095955470956054,0.19660829395900103,0.19891686358590377,0.20985603434386746,0.20274907643889725,0.20480334503515416,0.2169797330062066,0.20733821856408882,0.20369048680080792,0.20861692660208753,0.1842515471239974,0.2064851596086956,0.2003484666724094,0.20198232394870294,0.21258952529201278,0.21774375623981934,0.19218100698218418,0.21494485926071896,0.2201129971443679,0.20794870142812805,0.18348606988532798,0.2008869637010307
13,0.18043790120042202,0.18456331757119204,0.1866436066190199,0.1801765077494883,0.1983707131656104,0.18754131444271202,0.18360686888916206,0.18393872846666565,0.17031288162059133,0.1768044722181741,0.20138948661032968,0.200076741941312,0.18390070057633662,0.17799000385029565,0.18269970710744343,0.1865096672725506,0.18007178273375807,0.19462541340901204,0.1949764950459056,0.18647775724841031,0.18422065132201998,0.18656517389701127,0.18466047109667055,0.18180391780391172,0.18951222247954963,0.18242909560651185,0.18038031520852277,0.1915810651168584,0.18627549433909,0.19310520692447683,0.17542729303687243,0.20233721999867638,0.19200635423767443,0.1815425517149288,0.19065362901347174,0.1812759791555549,0.19185559037232228,0.20161874466758728,0.19272723736739403,0.16826579846313436,0.19007444598405734,0.1819830058564027,0.18890893205614984,0.1843803993919172,0.18175264873824765,0.18760766286982333,0.18074322047028005,0.1818863142179214,0.20538969657551479,0.17073151548191576,0.18338006794320827,0.1886378814132217,0.18495945681342565,0.1918447968127358,0.2041962277960473,0.17579887753389392,0.17922374622203474,0.17480028372851078,0.1715032559182889,0.19072966612795322,0.19672684798261547,0.19126400644044392,0.19047643825105728,0.20434450811606508,0.18748742420326506,0.17836282586463237,0.17887978557145692,0.20271099099810308,0.17371452748518865,0.18592810638430257,0.2025348394173664,0.19192853483458372,0.18719548878823444,0.1875960865968013,0.18244613303797885,0.18737039391785668,0.18563447533751384,0.17956324796095158,0.17377901342418797,0.18928742190343972,0.18463699600652794,0.19156081184993767,0.17038459871479,0.17698491321774182,0.1778169290308054,0.1854870389209367,0.19402284603506076,0.18323559448371232,0.18435541963052593,0.17538692473276915,0.1910663590525045,0.17731865607543806,0.17999497126580707,0.19893136022802096,0.19964403963170432,0.18595517201833098,0.18629839168435786,0.18248622215126778,0.17838477078716727,0.19619157708932472,0.17700815524419655,0.17649478011187844,0.1801200441510227,0.18424158643571245,0.17916637062201224,0.19354544513066074,0.1962900655840807,0.1935224843600699,0.1944429238774122,0.16879420519632876,0.18060864871563426,0.19104662028370448,0.18123174587885538,0.17766689683289535,0.18100162074517925,0.18711663618050586,0.18367407333390992,0.17964919608234975,0.20247064645507928,0.18960265457846354,0.18960380397240048,0.18750076987471145,0.19064198005619362,0.20057113997292175,0.18662100174471583,0.18570218460768,0.17741808188229746,0.17004159432425764,0.18067449387132278,0.19013250209320604,0.17578228431518578,0.17547635920239013,0.19538958474603263,0.19404474150981155,0.201357923235933,0.18882861938686363,0.18022893121747277,0.16019745250069187,0.1811928786156622,0.18503730974218227,0.19140235848787746,0.19530495070171655,0.17751960872147687,0.20256469424221946,0.1856933241545062,0.1773048918309132,0.19186007704559635,0.18004767740019217,0.18997296492963775,0.17584276070588722,0.1817269295034039,0.18615969118551873,0.19724578402187398,0.16897389621350775,0.19711968826245843,0.17610662298220017,0.19331077030437466,0.1688481086605996,0.1963519365226882,0.16163953468119271,0.20591094126203724,0.1730316032160997,0.18396177813004655,0.19162756626674357,0.18911790293395517,0.18835237131567642,0.19099070500575657,0.17146003056207834,0.18907294543114744,0.1800251103363541,0.21060559169997087,0.180148411302358,0.1513523948911631,0.18777755099829468,0.18625908242319697,0.1929401843470786,0.1952441387780328,0.17707207779495304,0.1917527674893119,0.18449454423244205,0.18405740608004706,0.20383955495352954,0.21984030705596855,0.194902158301075,0.18257530168486408,0.18404944660205447,0.1893555460709753,0.18474682615458293,0.1825146866662814,0.18355831081497093,0.17480769023978815,0.1929687139562558,0.16330860030783118,0.18889581783754197,0.18123689666332762,0.19080953735541933,0.1940171886501826,0.18982157194719285,0.20496567332219723,0.19298969731705745
14,0.16761633018359046,0.17865853737852386,0.14523500348698148,0.16758697409549292,0.1703537422143166,0.17485224033109514,0.175583416804502,0.20011798827992594,0.16940840244575836,0.17156181041727922,0.170745060781265,0.1807812519496537,0.16994937912335428,0.17490762281326971,0.1796715695221439,0.17236241205047687,0.16535682651334857,0.16252224143412275,0.17272967152813665,0.15489131720317023,0.18187504357000603,0.15016332295620882,0.15522738632398994,0.1606506106241566,0.1550349128646297,0.15121087597133698,0.1668213055865052,0.16641527449815308,0.1646401287245085,0.142338996980668,0.16829558859935106,0.15290772693938398,0.16960262993920108,0.1771320452864493,0.15789187706136967,0.17341730121262575,0.16890300619895068,0.16655087583119554,0.19290935786272684,0.17741430615460294,0.16938153923688617,0.1759607629705434,0.17017648613784234,0.15679234376827414,0.17591218502839373,0.17376682997495282,0.1608991136665653,0.1531983454168776,0.18311586126042098,0.17493388607715285,0.17292785142383185,0.15622003673049456,0.1745641497894561,0.16190049459497496,0.1815738298322688,0.15749740278600652,0.1781785514235884,0.1629214280810415,0.14371960868092057,0.16620986180966432,0.16633581860740354,0.16119913976767347,0.1784209783101899,0.1826708332349252,0.1638962563320959,0.16496659042808792,0.17113026601516584,0.16771920439187848,0.17300451485672377,0.18085103497440533,0.17169897086014133,0.17135611496953235,0.15488495026276486,0.16701301455838155,0.16644359260750616,0.16083456057471462,0.16803205206837696,0.17698037780207343,0.14324626049287564,0.14349611866503015,0.16086442682603888,0.16998019078893986,0.17402178459779255,0.1654863545502636,0.18418235821954698,0.16359066018201432,0.16283338020465876,0.15684424436624028,0.16671513275674768,0.14984302281421052,0.16746623646005518,0.1592237560996324,0.17004798682412348,0.17872918234593346,0.16723930183539715,0.16144789251530944,0.16357280957989162,0.1809106324867232,0.1742966818110905,0.1593092228430138,0.17056067531860014,0.17114224995478455,0.17286179234244317,0.16234345634553665,0.17145692400387766,0.15283681088680523,0.18471686012401128,0.1749576781958702,0.16763602926609933,0.15714003649880512,0.17744556505688905,0.16007861251980668,0.16429558271119146,0.1776115807880988,0.17567655494247503,0.15326233044720058,0.17646455512544929,0.16586512447748064,0.14225860987294878,0.15557337765701448,0.1749685215307859,0.16875415808456337,0.17099951878570996,0.15976759093058096,0.16641392563308188,0.17691542241267927,0.1703837919238556,0.16666933549394433,0.15735562161626537,0.1550394180851912,0.1709616326393521,0.16086188591869025,0.1746258903353619,0.15735803775774904,0.17534553917690757,0.15940094584366804,0.1764676029644871,0.18126235004332927,0.16876907279704922,0.18783863932517286,0.15193997630992193,0.16605193082480632,0.1756699178484057,0.17706240843473164,0.148401739854478,0.16969173709360358,0.15838438470434438,0.16823851014762106,0.17197118157275013,0.18333024027067787,0.16781767341980772,0.17401408063361148,0.15677819949760305,0.16306299126209908,0.18144695401716393,0.15703904456948237,0.1675023406166825,0.17525064512404553,0.18175266554738703,0.178747680867894,0.167816894464016,0.1661864323497907,0.1776149592859898,0.15383682511279617,0.16316965479544088,0.1683792372301894,0.16745179409108935,0.16751371631399764,0.17646309806937294,0.16561653524091477,0.17539349690094,0.14646290238879683,0.1785529002357212,0.16705506095036235,0.15554051827460888,0.1767466955719908,0.1616223343525634,0.17101269529725,0.17444220130232035,0.17993027770983758,0.17304141268285217,0.1714528881470604,0.16341431572877457,0.16545180763026632,0.15259463309186871,0.17761472114649376,0.1515327825709072,0.14985916319778045,0.16940249571370533,0.15327927886712384,0.17663583284851223,0.17368453429551367,0.17718795633170736,0.1715680983931996,0.1676647043630575,0.15301698335973443,0.17308577569747638,0.14704394766921566,0.1702167153308081,0.1572547791233298
15,0.15331467893582906,0.14652896801977272,0.16219201533636657,0.14545857663774941,0.1726816989071495,0.1591477981323809,0.14275795484002984,0.14213092430568458,0.14025091271744572,0.1438669611830355,0.17071282794044973,0.1429679154102156,0.15901432010709815,0.1645127625305299,0.15806645940479216,0.14659905914999188,0.15055938709723912,0.15059208472139105,0.15853381500267932,0.15471010292633883,0.16754982153749165,0.13346774730171668,0.14262319193865003,0.1491151372206595,0.15597414937418735,0.14168005408751028,0.1340309310175874,0.16029539024224237,0.14598541958472386,0.15554888290968294,0.1477078339560939,0.16380528901599295,0.17155362124051185,0.1479459284176399,0.14625347065016805,0.13279374013568837,0.1540488166605671,0.17291895429978385,0.15569658796452432,0.14852518538327844,0.14720871108833505,0.14662091578159106,0.1517144162412065,0.12925012484403958,0.15021114913844327,0.16656499227041943,0.17433172036898165,0.15361215957390287,0.1591868401839484,0.14644983023341196,0.13526106717095515,0.1584115113086819,0.1545107830703072,0.15236536446570265,0.1509047838791502,0.1709794514772657,0.17025282595817035,0.14752353539686638,0.15123455819263232,0.16173773511998663,0.1535662997357943,0.16413366882585295,0.1436107132365795,0.15596370188847522,0.14241269750526997,0.16785418170143132,0.1338721017262273,0.15058257288525154,0.15537640025450752,0.15711068954042842,0.1614292717577814,0.14670126277722345,0.16026602611592697,0.15336868893328748,0.14158550223144753,0.15093043794798697,0.16237215007724531,0.16199637021436603,0.14761814440272172,0.16015244771458031,0.1538462981775461,0.15363943141824646,0.1617510432013231,0.14618300841435886,0.14030401121018723,0.15402736103514877,0.16364424119301735,0.1530815559660192,0.15726854715998032,0.14872148693405637,0.14281497459541867,0.16381126445071761,0.16006108092127613,0.15048071491061746,0.15201765529434144,0.1608782791376889,0.15835940448207167,0.15077744856234965,0.15391469303003355,0.15054689697178464,0.16000413017931298,0.14718251827121082,0.15527375716782887,0.14440306050769022,0.14430594502305163,0.15167903338676403,0.17279099686960106,0.14474440309991016,0.161882535873069,0.16608008241712738,0.15082686671737133,0.16553019987201148,0.16827078254276537,0.14749110545697075,0.15330639473977814,0.15746842703254246,0.1577664067622787,0.1760657673049213,0.15108841100539325,0.13455715858730072,0.15006938037003034,0.14502207914165913,0.15293430363132007,0.15109858481499344,0.1641124299862514,0.13479491906956506,0.16221201340011757,0.18204423741466333,0.15966854047546944,0.15247011970421517,0.1504938447653367,0.1406069467413413,0.1645984412348178,0.15222851425061312,0.15801584656366535,0.15047007398693502,0.14248630920772765,0.14935956831979885,0.12657074707731236,0.1536753276918762,0.1626820248450997,0.12970167508346217,0.1479481694349693,0.15592675071038725,0.1765513376837346,0.15268494000932714,0.14227453014021435,0.14931570501153602,0.15309420871719082,0.14812643275242687,0.16683713390990976,0.15408765426671336,0.1671083445739895,0.17182160765913876,0.14921472896374682,0.14702999017519452,0.14263547438519047,0.1477788909504685,0.14302387761810895,0.13778691415626307,0.16402830416877795,0.14139598555849264,0.16233808180017253,0.1384573213860033,0.1464847318563718,0.13601456187047348,0.15060291547786928,0.15816458675799294,0.1785386548450078,0.14785935153942403,0.15993135351529128,0.1410736277825202,0.15513469009579098,0.16822831778252068,0.16488221423775465,0.16089406030407927,0.1526083084480094,0.15748049427382513,0.15488946620319693,0.15096033706497416,0.15697981135219446,0.16441673289568443,0.14749475258214265,0.17161623804210277,0.15939897199483208,0.15370223159194069,0.14641561050893842,0.13535913952063658,0.15760649943226074,0.1479668308784288,0.17728319523395358,0.14085535414435774,0.1767847191675868,0.16097777281394848,0.15638913273709754,0.14932908353128524,0.15340333216454857,0.15733786493989135,0.15439937879526358,0.17006436131430383
16,0.13688041247000393,0.1339831278276629,0.14630364955992195,0.1369268040877265,0.12067222686324619,0.14379484871760123,0.1310227392422366,0.1479226344100344,0.1389838961374289,0.1426260402875012,0.14134443994441595,0.13712153851366415,0.13414482031920813,0.15729381543488322,0.1349725318341854,0.12500345185272937,0.14655736212818923,0.13803724010538393,0.14099050867780674,0.1542375335429554,0.138741947162689,0.1407755558399938,0.16570474290791742,0.147798108166613,0.13696048732590085,0.12905922642256298,0.14088044520339255,0.14606343377152634,0.13289456014218992,0.1564751806814124,0.1475398261414938,0.13585580307020573,0.13013764012341028,0.13293117286381523,0.1509607787908135,0.1353629490939957,0.157331116696355,0.14864848882021053,0.13525269307971438,0.12470010870914015,0.1394467986846773,0.14934724572357827,0.14704694874616525,0.14290965103844214,0.13459885994621149,0.14749768852583053,0.16013148836585542,0.1256238795547121,0.14011942622739298,0.1441823393726623,0.13387034842721116,0.14326544207422715,0.14127389233728208,0.14476872002235,0.15035793807467615,0.13922607951324054,0.13881758268413896,0.1188637237467724,0.14210333701256134,0.11556018486982672,0.14474419062694613,0.1501933397243763,0.16239482167889674,0.1319806933630767,0.141663947773453,0.14368197595954232,0.13751924940458868,0.1292048431032405,0.1423244516622788,0.12652011974543204,0.1396622811372701,0.14908681738999072,0.1520839869787213,0.1435320806674892,0.14796485537103457,0.12943984177630047,0.1394955768631285,0.15393421440929095,0.13750108875366676,0.12324670859385796,0.1430326484705752,0.13246939086126672,0.15261070375909008,0.1331418887494435,0.15462481077291768,0.14600030104236777,0.12919106503514174,0.12842361662942053,0.14620015054986776,0.13527390361494077,0.14901030140082064,0.1587875790361384,0.12968412163123486,0.13776595133244193,0.13349780651597348,0.14221017503981448,0.1292016078697016,0.14802287868767186,0.15318820016877555,0.14097325155188453,0.15767032115498347,0.13919262309604874,0.15419774557724053,0.1397225878088796,0.14878325328840591,0.14134054428498388,0.13896718068330602,0.1418587738518116,0.1357236279084908,0.13501523651674519,0.14637416013216595,0.12441421730885416,0.13081920023114776,0.15495744156186916,0.1442448099094218,0.1290534271508761,0.11860510390100738,0.13386596007024468,0.12843271655405494,0.15127530281275586,0.13097187096086882,0.16367325249138642,0.1450932042316504,0.13162916167837999,0.13168380456537468,0.1263417823295831,0.12304719878560652,0.13540578338266118,0.13924806385418378,0.1456694235422855,0.14423543760041452,0.12952852150852442,0.13253699848166842,0.1292674589541069,0.12905692135765684,0.129307022373123,0.13185871003526356,0.14383474085330297,0.1406647950712109,0.1539660623155345,0.14120511870702,0.1361063976819312,0.1471181938531924,0.12817486151011243,0.1493231382252761,0.14302825215534595,0.13948323457438463,0.1369470265853104,0.14238187679759218,0.14434460785542402,0.12826829952701352,0.14325116159309936,0.14112371217486477,0.12107964661502672,0.14743061033388244,0.12598551436960706,0.14405493583392648,0.141211314621798,0.11947059325296512,0.1276316688659488,0.15786796971903772,0.13407159679980013,0.12896231425390178,0.13945159222081072,0.13871858337985657,0.16377448849336873,0.14653375730928386,0.12420850430422943,0.13466658064866,0.146538381840946,0.12915405926713722,0.13500206857953775,0.14630670233991527,0.15309138410029038,0.15069592628208206,0.14112318558854967,0.13867752506757144,0.12433877351391233,0.12272939081995765,0.14290138187974766,0.14710474757629258,0.12555099913996307,0.1465892498844148,0.1348699525629539,0.14576847715772648,0.1471071112753931,0.1385817941201432,0.1419434113042135,0.1429232114103632,0.13052375112591708,0.13177358845279424,0.1407872163982368,0.13758483499285082,0.14857197758049712,0.14487021945338135,0.12338569125829131,0.12733640174991165,0.13590811324163143,0.1244221317156097,0.13048785941089855
17,0.10356308255303479,0.12881265850659107,0.1297967506356906,0.12258061730980083,0.12315804723252814,0.13107655276247437,0.11436713395516265,0.13077378507074044,0.12826424247178253,0.1331723088522343,0.12067528136975324,0.12444692691392634,0.13060176412630975,0.13535295958539495,0.11512081744303446,0.12087224755234309,0.11925108169803064,0.1310565446721396,0.11865233462175573,0.13435833616342868,0.12354481410431098,0.11536119957930094,0.1321724433489881,0.12348129318352562,0.12465063751683854,0.11946866256252275,0.13707591610556424,0.14104016148129017,0.1276690676702777,0.12671318693364522,0.1282203196401267,0.14062902957322815,0.12933202438718935,0.13409677227850444,0.12972930147772058,0.116274649612699,0.1245711815999053,0.14338295925273925,0.14468004583635613,0.12150023441847209,0.13957110926508892,0.12041994211117331,0.1176740797183613,0.12306673200514218,0.13334850483854882,0.128400233277638,0.12235192795836819,0.11829165292840427,0.12887712288963488,0.1155578758540483,0.09881443244819238,0.11932054642236116,0.13421549975809327,0.0984549516493394,0.1274400177700912,0.13517785042635427,0.11229232848750988,0.10997194885027337,0.12798899480482714,0.13931494936876354,0.1440594563683893,0.13302635434577795,0.12974885428186367,0.13305444450194306,0.14358574019055276,0.12756435809903607,0.13836658546553013,0.12850181286365164,0.12308078878159887,0.10785630226401507,0.11882988170152943,0.13241872914749414,0.11037488935978366,0.12502285631830898,0.1295713159005563,0.12028380586385772,0.12059879711161967,0.1384513562380878,0.14115496235811978,0.11250281808632616,0.11959174453211724,0.12526241563142246,0.10446944438155292,0.11360833847328942,0.1246245487082126,0.12865070256250122,0.14898637531604375,0.1257678103811237,0.12789965356199154,0.13072221726934027,0.11847283921735721,0.14125303149596388,0.12319876057857526,0.1210830789523389,0.13688864981530943,0.13810623837937325,0.12361230945071963,0.11909537645393742,0.11613097638879956,0.14173417642544028,0.14501059294512772,0.1311949303000635,0.13626484432902825,0.12463713819340831,0.129427582699998,0.13497199306985752,0.11873827325345526,0.142078381580944,0.12785640275203616,0.12992769574389862,0.13677979790051714,0.1230088415022487,0.12850703080322268,0.12203401215135479,0.09926159121441562,0.1317311838104777,0.13588203677231914,0.1365282063920295,0.12711559848215306,0.1324533893052646,0.11574597621510146,0.12500940162516713,0.1251705999491103,0.1309391054301556,0.13080206641609057,0.12689487683513698,0.1356110982420389,0.13486983916513334,0.11858341201186041,0.12591090168108562,0.12066142288179119,0.12812218849749607,0.13146575268753138,0.12017896531106532,0.12206439479588425,0.13691997534960085,0.11807057280699756,0.12086347133449198,0.13633718914357387,0.1176622506832317,0.13256068968188153,0.12333781728605363,0.13798443181967543,0.11827565876051273,0.1400820363962002,0.12465437230110935,0.11469561753046201,0.12424341259168639,0.1395524219723757,0.12718493635897493,0.13687994961322633,0.14613142208955102,0.12787116347046856,0.13175218716388973,0.11954251923623677,0.13073382243940754,0.11796794501068195,0.1245701848904604,0.11959385385289137,0.12987448796850784,0.12604310592211013,0.14643139509429492,0.14130652720259915,0.12119495214416778,0.1197303097917102,0.12548185021730895,0.12023807860637924,0.1258993907453587,0.12175445598917273,0.14650278622815774,0.12190373263532348,0.12094241921429086,0.14529076131424218,0.13088493046045477,0.1336206559152088,0.127061303609521,0.13495657887972656,0.1333574663166891,0.12072470404806769,0.10708855910230047,0.10550337056955843,0.14772318989251512,0.13324737117316288,0.12879492253112448,0.1121999145346973,0.13704905649142843,0.12527565838766042,0.10421354193128674,0.12867625854930773,0.11172656670882739,0.14585992110900428,0.11863430542859872,0.1290232331947313,0.11167342154718465,0.1272170696187978,0.11406759641550096,0.136877628410319,0.12925767250693673,0.11216175803561185,0.12514547511968482
18,0.10156067574854549,0.10685538952805175,0.11625430005333627,0.11303691399722215,0.11357836213636202,0.12283566847233665,0.10085506565089128,0.12665287330430003,0.10908648655844103,0.10199198587107056,0.13014108975339553,0.10573447704320982,0.11631960173281056,0.11427889617704831,0.10994121705258465,0.12773664096559803,0.10706102280233963,0.10728318623013225,0.11629763601099037,0.12527957434291195,0.12696042433112595,0.10811734711716534,0.0891078713809155,0.11021389223390637,0.11490449098843966,0.11986542294800305,0.11688567526469322,0.12566922064835595,0.1035761960667395,0.12266024357628162,0.11824874448851021,0.1279695165409987,0.09866006741594642,0.13295158272730195,0.12021947684539397,0.11958549755737406,0.11413463610002005,0.11822851632810472,0.10412224071477896,0.1143001189637156,0.12226756699507516,0.11335154647604137,0.11815351602410341,0.09886139970879824,0.12502492904175042,0.11280732974621525,0.08925395866164214,0.10152413952489805,0.11660056674953871,0.12378207346429931,0.11465096195276553,0.1296396376448909,0.12344414848997287,0.11043304594809983,0.1156480836147674,0.11431369024855449,0.11868941258806977,0.10775256654574235,0.11594958552106562,0.11262969747805261,0.11904622563693008,0.10308823051344018,0.11778180057553402,0.10227748496120267,0.10492084869377982,0.11363211990834407,0.1255692216764866,0.1095247552288673,0.11052325185848141,0.10885950717562272,0.11087746286148932,0.11218979028554266,0.09919671588009504,0.11008746156044964,0.10455863978380285,0.11028097621414472,0.09092581138202635,0.12074241933523633,0.11408950761884738,0.10901420846229501,0.11892668006829217,0.10593396645882695,0.1263037541474514,0.11796145450093923,0.10864813999278863,0.11214088112043209,0.12932007203586754,0.10733100468363747,0.11000112020312267,0.10790638995112406,0.08526521357217472,0.10672124898883399,0.11801405356983606,0.09896507738468484,0.11870226871481557,0.0970588814052813,0.10698333562201967,0.10417987715414065,0.1007490046418186,0.12635364005303185,0.11377150606738425,0.11146528244539435,0.12965997308785437,0.1115782705586647,0.09450643022540713,0.11358622537364689,0.10759057571446193,0.1232394731354529,0.11932117388786365,0.11693547203441763,0.09846331459013467,0.1109155370098706,0.11330269265001953,0.10612986022893584,0.10782144689127991,0.13302799612336633,0.1145488557051812,0.10606946613308388,0.10930462010091847,0.10538353316104548,0.10956074324782038,0.10279598731090084,0.09672331095064068,0.11059254606862676,0.11285701529311282,0.11578222124623784,0.12834452433825408,0.11188868276921779,0.11457893744408046,0.1048777113913574,0.09620230218951012,0.11382704667653123,0.1262054974873512,0.10531891817883333,0.12229263846003799,0.10262776724759312,0.11494928505523448,0.10132128302147997,0.1196680538583155,0.1281107390594494,0.09423943641211002,0.0934168970957191,0.11563362762680998,0.13817963371389372,0.11995498582813607,0.11444782508178111,0.09505270985403635,0.10790852100799517,0.1262511862330366,0.10031629906710568,0.11823235973758935,0.10305101132928007,0.13561576455334626,0.11941833868059416,0.12242574052530834,0.09872629375951678,0.10876639789054901,0.11482623976077373,0.12811799922684095,0.10039190127647846,0.12098904866311783,0.11294153368151821,0.11996992620062401,0.1228977129888997,0.0977704106089266,0.10222160398271131,0.11257796087620076,0.10917439727406607,0.1155605991897833,0.12957993741163729,0.12224591551002056,0.12328832512234739,0.11663213270970775,0.10427745546486411,0.11079372273389887,0.10612064892740537,0.12038785302295764,0.1426460255684889,0.10591007592621396,0.11522945173149711,0.11226739403710659,0.11749167095803394,0.11735663447277878,0.11260972797795496,0.10921934202187342,0.11107543284984593,0.11368722496324546,0.1202554775048647,0.0964875450916369,0.09383125853875322,0.10632789150334171,0.12069502579767816,0.12167265152225304,0.12411868154884123,0.11624346139460975,0.11723498189256598,0.10220865062704873,0.13443370157914275,0.09786036204465957,0.12240129764168718
19,0.09155544268826774,0.11783730305752367,0.09141708837358423,0.1014631347157914,0.10506602695540303,0.1066791337969505,0.12127870711426536,0.11325078187063918,0.09790444472072515,0.10605472345899246,0.1071354447021956,0.0964557441143706,0.12303085278720804,0.09299924459730409,0.09917340482609574,0.11614812917767545,0.0926153318476899,0.09952598977313971,0.09679163736942496,0.10075158690947775,0.1087118266060256,0.11051345453644697,0.11282677221689341,0.11137521567360034,0.0838436524827718,0.11995976687298739,0.09332413243895608,0.10049775424784618,0.09264350187876386,0.12855665188484658,0.10237836210920868,0.11397196285554084,0.10251858296695891,0.10716731586589495,0.10786588036731971,0.10673583189833316,0.0787007446609636,0.10535655361777412,0.10700171042864602,0.09019203145932986,0.09351738891428123,0.09822518942605117,0.10625424916369142,0.08938656990828561,0.09776142333309798,0.08321696962453792,0.1123444740174213,0.10176125993102103,0.09040399865748229,0.10255634298266776,0.11342375962078975,0.09367520887981605,0.10273809063405827,0.10496656606198312,0.09939510767577889,0.10623056177529419,0.12005204727932779,0.08994981319678735,0.10524952710999569,0.07841235438014223,0.10918506322507328,0.10798979400095947,0.0987456262193403,0.10302204192203938,0.10735064134448748,0.09572926491151557,0.09038451208641039,0.10144382746825127,0.09509801597139798,0.1072626869388244,0.08695760663620913,0.09870674700148453,0.08960420328168618,0.10258185588460592,0.10928159888919484,0.08133374313817585,0.10130389891300608,0.10573845614614726,0.07366608817211956,0.0870246581208291,0.09186019115073639,0.10914340869407235,0.08785065287252926,0.09868207334713211,0.10446400684060811,0.11331981205095769,0.09161600144798672,0.09510051048276483,0.10877340512238277,0.088326604886726,0.0822370450967293,0.11403150891855929,0.11051462853546598,0.11465793791570314,0.10568482613538265,0.11904878064867044,0.10703951671700716,0.10638370988482264,0.09582343542129412,0.08881542622101794,0.1172895568710386,0.1174988994850372,0.12019249695904548,0.10697341432515978,0.0894231779582447,0.10625053323159789,0.09943121866752996,0.10508335999650482,0.1254109800301476,0.1025995117489425,0.11827987967923967,0.10902725978233545,0.12489324904989554,0.08304716617499373,0.1099310270618483,0.0967364551123817,0.08170705170137813,0.1001304386568833,0.10068098126930451,0.10260526790763237,0.1023151372259567,0.0965776653989203,0.11078176805742515,0.10309465901425886,0.10284956085439449,0.10751562029837325,0.10272648453403416,0.10023254573800075,0.08692577820487597,0.12161578250649596,0.10622123322958542,0.10236427913105776,0.09343196002376945,0.09997824726487668,0.08945556559773904,0.09975834114736463,0.11704523881303186,0.11121079115327484,0.10360940920187939,0.09414761541072793,0.08819982744958342,0.09274674854330461,0.093649017769212,0.09828603422000713,0.10255926172251856,0.08704568260566156,0.09329742796613272,0.0827630688065446,0.0867809126181974,0.09481055954057187,0.10220892706138009,0.10117942346035402,0.11712325877607599,0.08952276976253433,0.11058231995876568,0.0796361574365079,0.08624288845375937,0.10333283678390964,0.10919294615160394,0.09217097559948244,0.10222511854096326,0.09608605029392198,0.09634773034576158,0.10823569713372783,0.1110660727174555,0.1159709826045491,0.1075125624501822,0.09982362882268887,0.09734116249641545,0.10630002493893077,0.11162206908904032,0.10490994485822373,0.0964577318217252,0.09100265906332922,0.09111733722437951,0.08317913527353196,0.09618331796159857,0.08948014709719398,0.09573423787078021,0.09158224590971077,0.10518966099920099,0.08765206234528054,0.12356255701249337,0.09246865972525155,0.08389195331423278,0.10145609069887163,0.10950929852718666,0.1063167824231308,0.08979199611924378,0.12689530240992308,0.09332404811875389,0.1142868026188921,0.12171075261812417,0.10547361441930915,0.1096583555601873,0.08850622095733215,0.08390307694248196,0.12036622383762992,0.10447569857526175,0.0927663539953029
20,0.08652230585912228,0.07950384545306498,0.09646949328247659,0.0949294102278605,0.08837180379022234,0.08646310836653327,0.09362326968277304,0.07757278324401709,0.08899025292333426,0.09904259661145265,0.09814860060489784,0.09007836386483838,0.08024968469131939,0.08922105433415162,0.09592719955787335,0.0833745848924706,0.08998036594748174,0.07961114459539483,0.07324517989340967,0.08052131887244603,0.09272555451909101,0.10270668533959634,0.08945684409779492,0.11235203976220458,0.09129922893411886,0.09842722244425633,0.09580392355987871,0.09180727807025384,0.10653050128346245,0.07910198728037404,0.08372566775096525,0.10109065835762114,0.09318121455198815,0.10306470939835562,0.09086545095708692,0.09975191157814131,0.10199291265936251,0.08686948842730571,0.08940409464969049,0.11552047626812129,0.09082844792258554,0.08301352402311082,0.08841948769294362,0.07855350291398099,0.10256881268827664,0.09985896696461591,0.10765533083003943,0.08973455767187441,0.08552438798503732,0.07447833105261545,0.07553403935052325,0.09066384339771337,0.08142355864730623,0.10406131515742081,0.09743828860812856,0.09783496400665544,0.0949828095729666,0.09775256608518945,0.09372833189175796,0.07512125588757838,0.09244271419128183,0.09137913021930726,0.10129884208091373,0.07865698881071354,0.09121547840402972,0.10200367935613387,0.06884153337988279,0.11477406062811592,0.06841585777135273,0.09672580205252586,0.09877260875516783,0.08927285450278846,0.08830453458097559,0.08006227146697036,0.0782814134606144,0.08404252865955951,0.09956479853922169,0.10682504190577205,0.09836856409450981,0.09074285724545927,0.08655612996468955,0.0871087977403016,0.10247159206534927,0.09130593800745568,0.09042890284180845,0.09164845717718852,0.08682450393858253,0.0836414539480103,0.08531908946569079,0.10314322741316537,0.10380199351134861,0.09126272448757909,0.09326090307467028,0.09487956326249222,0.08632653299586372,0.08523539885454386,0.10500492912230291,0.07463083752058935,0.09485553639103282,0.09031897575694482,0.09582190178709747,0.10046836030182044,0.10329644858551942,0.08129271187389078,0.09125864720470356,0.09194700535105313,0.07831379905244648,0.08829690823001456,0.09990743037684811,0.09056821316417113,0.08638991360057305,0.08164561189944129,0.08800718516031843,0.08221664646805149,0.08065635758246749,0.07964935248988844,0.08284816386149169,0.1014107550748016,0.08961360207796092,0.10060546278102434,0.09640636391951027,0.08591762195354177,0.08669177628444794,0.09643963812758256,0.08646191574792277,0.08417770419731042,0.09094942402518012,0.09820300339362183,0.08815751425620397,0.08718784099102746,0.108056657675696,0.0820666004698031,0.07762445131205692,0.1118210080430745,0.086242417649476,0.08990042488810852,0.09728861772167743,0.10306682157130673,0.0840137402112012,0.08838090613622193,0.08263148958036798,0.08364893812667933,0.0853181346235628,0.08469365782062767,0.09976264777517525,0.10032403180867054,0.10173353408131491,0.08654993645532391,0.08673520555377402,0.09888671503469934,0.10055747609057587,0.10298885448985659,0.09150115251529063,0.08547773802882137,0.08836680122630536,0.08269642166483128,0.09383166498711112,0.09302099158633913,0.10137709119716064,0.09184333745659229,0.08276947525092052,0.09946314437489628,0.08870520684605242,0.09490732836862456,0.08464503282555659,0.08299924934447449,0.07868933943187997,0.08332840838846756,0.10291161397041486,0.09274678658012285,0.08246575335479868,0.07749940639215033,0.11220264449066186,0.08377145822921815,0.09356669571706912,0.0868135245243524,0.07850780930628322,0.08433130143822054,0.0828208499163392,0.10169719312442356,0.0930138590829529,0.10750554923430945,0.07632806456374783,0.08926157273916632,0.0766353815867917,0.09023256351751295,0.09104728666676438,0.09655003639893311,0.09100509812017221,0.06821810907181815,0.08745761708497629,0.0925475772466191,0.08618638785942899,0.08523664267023218,0.10624999806674301,0.09152525815083601,0.11122689800917786,0.08563830284875484,0.09237507166490858,0.08951252678251786
21,0.07987175873838741,0.07573480876618142,0.06273767784597029,0.07879351443901317,0.0703931232273691,0.08213244177039786,0.09473275093138593,0.07619495673129546,0.08442134033236104,0.06701081853652745,0.08451525195377795,0.06814381998956964,0.07997111754951203,0.07776186371584767,0.0774286940896586,0.07936649556503195,0.08395508807677346,0.08882985050823969,0.07507072250345255,0.0760669792316558,0.07368769134171207,0.07458107542871924,0.08065123933214115,0.08779881050528857,0.06296055308056642,0.07249986323782501,0.08758554092740761,0.08009916328208641,0.07848398626821897,0.07919043485965684,0.0854814883335689,0.07300595977083085,0.08829543145631777,0.08727187963705088,0.09476941252775559,0.06551878705896359,0.09770900661639911,0.08281541852089616,0.08992896458972433,0.08406296177304781,0.07823193550728459,0.0698946916783272,0.058876336168419974,0.09281980318411151,0.08273552870441254,0.06603100772604303,0.07856489959685352,0.08901554016481193,0.07978983054437551,0.0754889118610921,0.08829383735661692,0.07616170487718656,0.07348950953743368,0.07524009498532462,0.0904953630512059,0.0862012362074577,0.07899270422561275,0.09503040165541371,0.07494027248726005,0.08611647846313489,0.07836077769408066,0.05805168468703294,0.07826879045577212,0.08108073064594384,0.08196716969639459,0.08844784210418542,0.08692727858160922,0.06913796708266443,0.0912241917138829,0.07821029071821128,0.09249686524496903,0.07074015436889192,0.07616455344516415,0.09292142920535416,0.06858392430814904,0.0757926883505572,0.08107757590899972,0.08265217911188191,0.08051833500729492,0.07826275080819135,0.07823608842135443,0.08306074250867174,0.08442748178351568,0.07411488497515946,0.06634619612543952,0.07764619000160848,0.07800757736951164,0.07555476140945028,0.07812206988476797,0.08004096923061552,0.0694852621328386,0.07622022247858287,0.08515494767434982,0.06700160941209476,0.08389130859811551,0.08358538380588447,0.0853497168969604,0.08931919188212589,0.10270682461814395,0.08541142940316279,0.08133342060765189,0.08671653027816047,0.0702125844735366,0.06808621906498441,0.08891710557835854,0.0831712886853621,0.06745406061818528,0.08705105285726304,0.07650472872868501,0.06528182297671181,0.0814937329124282,0.08261886867935252,0.08258472895435501,0.08466642700651075,0.0814170162746637,0.06070555121920604,0.08471380044479182,0.08694652113742685,0.07700358867447706,0.0975480179916274,0.06921123346942577,0.06723801050199552,0.08798207452073242,0.0881606740188686,0.07774619423822866,0.0821096829652319,0.0876966774115012,0.10181078157385895,0.065647992233151,0.08207390954224836,0.08247536190914381,0.07510929367146159,0.08692317303171833,0.0799651910637973,0.06737982744650192,0.08237230888799349,0.0808293219513757,0.07148420342700047,0.07491954559083176,0.09497787897963407,0.08803710751416235,0.06981122417866034,0.0778033690609773,0.07343133312366044,0.07270524939504519,0.0679108632596355,0.07493666759613632,0.10105083138685121,0.07665801916146849,0.0623919664396208,0.08196827526452269,0.09278977203716762,0.06339391723324884,0.06530075387764554,0.05946290356543822,0.07354186536680951,0.08385530748845493,0.07932920066953418,0.07066258230830111,0.10283990020968119,0.08963465050480793,0.08784442697095711,0.09050550306357637,0.07569589211668873,0.0806766352613642,0.07187669898580458,0.07839655403443342,0.06708841914269714,0.0919658718232798,0.09469162756158464,0.07816816830851847,0.08353252798542526,0.08300547100599918,0.0728665031318193,0.09180866814012892,0.08033865515914856,0.07579335062886426,0.0892924000333108,0.07783342018738244,0.07783815569023245,0.07131863136363659,0.07704025981710023,0.08341353302259327,0.08319290894232265,0.08572744175935007,0.07694938111883122,0.08419457419300051,0.07136872195058597,0.07495107287493033,0.06363421913556505,0.08717829241569863,0.0800151498274869,0.07156160216702477,0.08864986131627209,0.08494401946760895,0.06371652543682876,0.08948673353034492,0.08039869187926184,0.08579327786516236,0.08601428899664294
22,0.0610608073586946,0.06163037458000635,0.06299400669383688,0.08024453739173959,0.07997467292378817,0.060396504330698216,0.07296990819791008,0.0731927499102874,0.06750864157874802,0.07140245301137443,0.051061198931744725,0.08010339732948889,0.07115021904808302,0.07530665724678726,0.06537484924794267,0.07208222176293919,0.07224050637570029,0.06915450506750719,0.07094029783820184,0.08035441972122238,0.06906553330405873,0.07849368524908337,0.06366715560008669,0.06252334709348606,0.05949957122698414,0.0807180944654677,0.06857874889710472,0.06836483073918005,0.07813665652099383,0.06078720696427596,0.07680838380690523,0.07831100900931819,0.06567904148561783,0.07341370934136016,0.06695792204047468,0.07447029854205406,0.05429613673304044,0.06619627979271164,0.05617055818108193,0.08096823129929345,0.08456356358514822,0.06559379440074876,0.07493041353160709,0.07100360593807431,0.06739341533474394,0.044835753232568,0.05701459959801615,0.07206257783774561,0.056900620264999285,0.07299570084511846,0.06826776748246584,0.08123825616537934,0.05390798206738628,0.09271351120335014,0.06627193611042108,0.06563101818155416,0.07674473303394395,0.07836990508728202,0.06373071852086556,0.07318388182266579,0.07246512560590261,0.0810169608675408,0.09241000903403487,0.0742088574443837,0.07389266829476125,0.06715159598136891,0.08851180308082472,0.06199539679773797,0.07746691053552925,0.0672882219816156,0.06005866169659267,0.06504343193166928,0.060879163122095764,0.06724968436353775,0.053933124458205264,0.06981133493225139,0.06420853293063958,0.05863710472150046,0.07972766771932867,0.0664575661498831,0.07584544180870677,0.07413411977399631,0.043727336128535174,0.07394396272715224,0.04546365097574018,0.09136784090373257,0.06459835477901255,0.08289161090129009,0.06944092503767284,0.06658011882454111,0.04881689882146377,0.08818945379978697,0.05436964224835822,0.05604486759748773,0.04121562976242246,0.08475192847807195,0.0835740166025234,0.07582673235028228,0.06560832250368093,0.05774049540174883,0.07860079620538293,0.07417525759102463,0.055743677287353126,0.06291741633379827,0.08030336561833795,0.06543997190085059,0.06733252360993895,0.0644535351992604,0.08905262329593724,0.05435608788775782,0.06661993286470799,0.07067211931234556,0.09501167251329842,0.08104422169901619,0.06174198945194223,0.07145759568578669,0.07320590325871286,0.058317613486739237,0.06666226374771123,0.074177515438686,0.0813841995779627,0.061043478754704256,0.07724563672275009,0.061777030041444664,0.0816020737639036,0.06399174889438707,0.07742357886594288,0.07137100555154548,0.07201780634046785,0.07382155226124314,0.05965480651895372,0.06951469243212785,0.06067160492358623,0.06566760180491563,0.07427849349963546,0.05446047760984029,0.08412939620991794,0.08076456055637508,0.06710051121247187,0.06814195698593556,0.07032289515246731,0.06149908389474054,0.06357805478153808,0.06524011795863517,0.07244218879689193,0.06910612306858323,0.07761473393504177,0.06177475283421652,0.06492598427111589,0.0646734534528422,0.0758558100212008,0.06311928157052785,0.06616584470905354,0.06457893481322423,0.06177317326095387,0.0669364213009414,0.07891707742379722,0.0702522214537507,0.07200788736740482,0.059568467379964685,0.06905889703252677,0.06930742382788149,0.06308746623323779,0.08205448539741375,0.06001133085734172,0.05966836082893412,0.047309057282349944,0.07618800357764266,0.06051950679778137,0.08858203772009932,0.07190100696695034,0.06034177014899803,0.056300658911226195,0.08681091951443484,0.07088633803958788,0.07898056508962903,0.0668863475948682,0.06168759008286995,0.06285300991973755,0.0814935083242495,0.07666365808353237,0.057800535348193065,0.07689791752326555,0.06867886418666584,0.07904833210507327,0.07492669937921687,0.07053834508378083,0.05600566726527592,0.06865784292369195,0.08285576374446642,0.07625257972588356,0.0883917174948455,0.06121014194081661,0.057816990794551985,0.05924882715163035,0.060240683791327646,0.06132535863227487,0.06115563586394529,0.06872327784240323,0.05788882660128103
23,0.06080713607332251,0.05201724390642223,0.06140060354238916,0.06936971486055998,0.06294653706494538,0.0503979527471937,0.04911801771543724,0.050468784605893255,0.06517780850672959,0.04750993702207856,0.04927578241277041,0.06736924795919079,0.0776181500743511,0.05509051684207761,0.05594231455935572,0.05579638377328913,0.05683842835037758,0.04848921689229714,0.04395498318168119,0.046398708973130885,0.07377207457244839,0.05308743121542455,0.060288350798566974,0.06139420653058113,0.06197801194299289,0.04176417728216415,0.05012096871499513,0.06395883489536702,0.0510670654135474,0.06931728598039835,0.055279383039751724,0.0672198873349555,0.07179481250752927,0.06280646703001769,0.04757000791411382,0.05549793525780017,0.0670584066749587,0.06436214867121881,0.07497752307487014,0.0430975515153714,0.0695290818402881,0.0752780267653099,0.06026646724728961,0.0549529842279687,0.0561333052169193,0.05992508436135394,0.051294303287882634,0.06257995690552992,0.0511904859862845,0.053408109947008724,0.05547676800355621,0.06517518369532191,0.061881106357358724,0.047740254033700684,0.05506141718365054,0.06796904050878264,0.04438513934014121,0.057134109695291556,0.0627388607658652,0.03630960667908417,0.059384327802602846,0.06457107695279994,0.05061236645775492,0.059147907994237,0.06820211424243126,0.06165536055947995,0.05172180935294525,0.07191202153260833,0.04906482906919244,0.07403728657758255,0.06151330307602361,0.060913938054406466,0.05752866369281864,0.06564395072286369,0.054977239710179523,0.06276626521612981,0.050193683972566835,0.06276065052298,0.07273866315278513,0.06282118433976965,0.06807773832269509,0.055508446718628646,0.04946221650980678,0.04523683477423026,0.061708866805424825,0.06364884471941328,0.06965895775229303,0.06489038337694297,0.07544629061977379,0.05762883968553843,0.0419511551356619,0.04668406571311306,0.058269877772360326,0.05225054645581717,0.034285149966883685,0.05900167828036934,0.06645309767353852,0.06505946115100325,0.05057916283441018,0.07949443827452023,0.049641133818314365,0.06483959194248938,0.06003129615640794,0.05941594094064148,0.05283508452660417,0.054532010622401296,0.07509730395376528,0.059404931325175964,0.05564234789374862,0.06115489094551052,0.06369552259425697,0.041559218442520654,0.062261198249141635,0.06746094731324281,0.06801877718803856,0.049423794920263116,0.05848998449101767,0.06750394236423775,0.052731911843879736,0.0703185998932623,0.06399637246192649,0.06272521500356078,0.058963211966999184,0.04756378043822562,0.06842919293756607,0.062405861270650384,0.05777902748028862,0.056074155319261014,0.04512481919754608,0.058392818053717925,0.056198086848983496,0.0650135200261294,0.04358572184510445,0.06166281737009702,0.05749286490881992,0.06118967373995951,0.059439442344694705,0.05805022449362464,0.04857233038458017,0.06436192514305752,0.04695645288459274,0.07728192791129054,0.07593395184104658,0.0663668459989538,0.05669850485447448,0.05196804473697816,0.066158528115697,0.04548501758032844,0.06349103991623323,0.05208047484496298,0.0485287638132405,0.06331224642349381,0.041897473986111856,0.06493309709266173,0.06435890848732356,0.06700493696546085,0.07575142799806862,0.05072666197180743,0.06170551879836652,0.06314175986587495,0.06988801612783029,0.04493996950600298,0.06185732791087705,0.06424287843177921,0.07611849991866668,0.05806011564551163,0.03998843050926919,0.049142215952348495,0.05541277867390111,0.06250182233139093,0.0675939681883786,0.051691051478100075,0.06927410802491019,0.06331957048856036,0.06671406748240032,0.0623529608696749,0.04293526870981636,0.06118617172626225,0.04213798170432092,0.06874024875140429,0.05449934662689295,0.051641456152187286,0.04217586646691136,0.07157298086854846,0.05335885833084805,0.05354907077179314,0.05068802332286107,0.07803290351666968,0.06053150932753992,0.06630908018935112,0.045930490904021765,0.05769183589114377,0.06586958051593177,0.06852933015137423,0.06187367223232419,0.06880226913197901,0.057175852773787644,0.07403354748516022,0.06756421721770732,0.04251567647166751
24,0.035647588178903705,0.05479465883294845,0.06487804192797335,0.06027404090428648,0.04801117217908223,0.06409476688461843,0.049864669732127866,0.05439413043121973,0.03665808505559832,0.052032566186706104,0.050366406345381795,0.03321203560994952,0.06710093602313265,0.050529169271633013,0.05861371236154266,0.031805194363265205,0.05973608051598921,0.031059592557919305,0.05839164366889108,0.04609188989997429,0.059427343103563394,0.05232801292657205,0.05568645103174192,0.0503974427636735,0.039471162146686195,0.06398616196424506,0.042002639701398,0.05487333895473889,0.04998569222357127,0.05053244521647305,0.030116805854307507,0.05587609922827176,0.052308666250063265,0.05479187242009841,0.05133835070320996,0.054635895360987057,0.06227569478187828,0.04293013224853033,0.0579084028065262,0.04283054979348571,0.03940847250007984,0.05321653624299636,0.0417530473540298,0.053181693860840394,0.04298227109673863,0.05779012511005686,0.050840826857521434,0.03789863508561222,0.049287714106178354,0.052468113871240146,0.050867305397228835,0.04020687709580961,0.0480861165074142,0.04255714204746826,0.05701418558829334,0.03867144510982084,0.03756548377941843,0.057173755854605594,0.04574924425415999,0.04931432866871886,0.04046061652584902,0.04733607196169168,0.06431970980372247,0.03728057533410946,0.034054091980957005,0.049983759030175906,0.05860941103130979,0.03587478615697671,0.043410170778316326,0.05808033876109658,0.05214847828793346,0.07307994453877814,0.03968126628237526,0.052180064966317066,0.049213998674141564,0.05528479636280038,0.057314487174783206,0.06505846979521913,0.05726590356397337,0.053775284859078974,0.0475330931425299,0.05465618346642003,0.041103704731885154,0.04044555434300503,0.05581369352326078,0.035070844709410895,0.04059365163240026,0.05668665777971467,0.05590164184766358,0.0597509205067789,0.038493771966069595,0.059143664162532486,0.04385060753432821,0.06184213160812131,0.06149041878071694,0.044683025539896795,0.029034092151406076,0.05158615172897079,0.06589504366078673,0.051671273099738985,0.04024454676625189,0.06723620730201434,0.045270843442919366,0.03554474246265936,0.04825508678594951,0.053405436380127236,0.050522484998640094,0.0594462704846619,0.05472956896650462,0.04335509507685873,0.049879152736809665,0.04042879494762873,0.0560654677695348,0.06462926884760145,0.04962740641370923,0.042800266031322164,0.053988993423755134,0.06939968655404533,0.06029997936013701,0.0583684509372219,0.05362669215605111,0.027831497101179752,0.051919865142672925,0.042018999619733675,0.04613472683379182,0.07221119636912544,0.054300679784617154,0.06744510271483377,0.03655326348842904,0.05649294871931612,0.04817458881356489,0.04508790189444724,0.05588527817771478,0.05911114983284593,0.05303700169798907,0.034972548498531944,0.04636948367703741,0.05449777443653847,0.052695517828007896,0.042134386575163454,0.07584947094097272,0.06289580066684845,0.06208487671991937,0.04014353647068414,0.04694332777869413,0.057332367321361453,0.05470524323609091,0.058488616988476495,0.048204852959304746,0.05313240740350793,0.0618435274122129,0.04903316480562926,0.06239108078823635,0.03692551995174299,0.03493280889597019,0.05710500469503717,0.059041484614114625,0.048186552098150766,0.064450068447436,0.0469909172661266,0.06475172829662859,0.04326336385820802,0.04167240564066868,0.061522657588673715,0.03894009247750141,0.06474180822212292,0.05233668528507096,0.04182150001726332,0.0490700812066835,0.045292544666334325,0.0528210065507742,0.0457944472530197,0.06055085639673245,0.07079752671577869,0.03968954657175589,0.06092686071291564,0.05743620798092666,0.044521351250377664,0.04933305075318133,0.0426255512664658,0.06269019869201128,0.04247943768829194,0.04623774710172342,0.062653348677925,0.04918213069043867,0.0342687660517777,0.06303844876720135,0.04369478525865683,0.05251216689088881,0.05566425248817333,0.051668912824691306,0.07130989413812953,0.05267725617073472,0.05704114806322591,0.059114671721651975,0.04138638126154165,0.023642416255762088,0.05647756711697173,0.04637886233768249,0.03705166387440881
25,0.03280241462187563,0.03301264888788287,0.03344966871884813,0.04672174729725457,0.032261500238346064,0.04742474088612413,0.048172053953962485,0.03228735307864996,0.055983386508918764,0.029886385288250966,0.055034552760277446,0.04803041586776225,0.05576022708667299,0.041698678075945406,0.031749678814113474,0.037175471150101544,0.043140914177505235,0.05108537285110344,0.042149879595112134,0.0448437647590221,0.045871488572147255,0.05943309312139557,0.04381228111639628,0.05104719663899096,0.055745067241053534,0.029308882982553287,0.044785581962416825,0.0357785413413661,0.04227273476565286,0.04030858251244606,0.04691996970539456,0.0365664383315192,0.05167992986911863,0.039253011502850155,0.05250659907751078,0.03060033692649282,0.04417837470328897,0.03825061133630234,0.03723455884926545,0.032710816652436164,0.04803392843861142,0.04515444102142248,0.035545634918854624,0.04672534881263454,0.07232469436594147,0.06534195980967557,0.04744022802773689,0.038842794155868866,0.04992315165502169,0.027955485635064767,0.050485977996434055,0.043164868553252675,0.048790741430984094,0.03928784363994693,0.04886172713346156,0.0447666956771315,0.04158607804243627,0.05630188963979013,0.04545727434107475,0.05101020819484195,0.05364455005166621,0.028523356221057564,0.040043538462080856,0.03988485806295516,0.06401882982855431,0.025784547171363224,0.045482530496256106,0.03301154821315898,0.05148325005891685,0.055423796363270356,0.03768633632504769,0.0470281582028227,0.04228901152498662,0.056335250234304274,0.05717420573112321,0.0511006668478442,0.03192674654724244,0.04084878381118089,0.036274301237863744,0.0463011616483498,0.02607136167090432,0.03811383997552458,0.03425722910497847,0.04194691126383513,0.039521531055121184,0.05228015328273508,0.045257488261472904,0.030077300400125847,0.04611939359677536,0.04221911099873158,0.06104359510566225,0.04849082392964713,0.04751943661350749,0.05121714230827887,0.04733291490780571,0.041586709936662206,0.05227074655740295,0.05685783415607263,0.025024160127069154,0.04987917879996638,0.05542626350414104,0.025744787161053072,0.0494248944056559,0.03332375299885025,0.042486336831214146,0.028169598433404833,0.046904020513014205,0.04182101616188604,0.05836039951385016,0.02812382513139784,0.043462081662047125,0.04820583644589675,0.055080913281745754,0.026985759262889313,0.04836775462048129,0.04054932290708982,0.041799149148027355,0.036931062224791394,0.05752089433213074,0.060444356805429804,0.0587692483939422,0.05287252056367856,0.036272266744893214,0.04843513238458447,0.05590355998648037,0.038111177794838004,0.021469908110611325,0.04948557580099974,0.041282902923494895,0.05032716932631392,0.07263423082105436,0.04750144278469516,0.055853608502105495,0.0477561789508168,0.04857787109267561,0.03790790423731841,0.03589830571179077,0.057786185640017,0.0428937040774918,0.038730069997927344,0.040288755341704056,0.0437290192840713,0.0453624953321963,0.04542894087817739,0.045266468260102125,0.03292400166151457,0.04626403599512455,0.03146979847199755,0.04176732474884541,0.043728793772697234,0.040713777162480834,0.05837627349626751,0.05682778681532609,0.04549895665453471,0.04069972970335281,0.04511818589339097,0.049578452113180155,0.03521781398331682,0.033758474908087685,0.04208828114926487,0.05189934029973135,0.05544034580650796,0.03648331012382223,0.04622751387314052,0.048700087654313357,0.028108775948625053,0.054962445745968674,0.022875113414501297,0.04526607741312349,0.05625743052378516,0.04348786907572907,0.04045037874482131,0.04140961751022891,0.034755005898113416,0.031238044350389554,0.038500748846527835,0.051264099328511906,0.03857381010158444,0.05191632680031144,0.0454158705023806,0.04713159976678768,0.05362465910556467,0.044393891324739844,0.04757036030190705,0.03551743994637213,0.04041649628841477,0.04671503635644554,0.035903413981963825,0.04518320571697944,0.04101039817052949,0.04473491130457069,0.03437247205718427,0.043961095760298725,0.04729739349397461,0.04482628522634618,0.04672795667224515,0.03962618724499695,0.05454440013326805,0.06018173420072692,0.056301433991468225
26,0.04526309921762885,0.027432936198018454,0.04126872733311508,0.04243977592080412,0.04659298353564053,0.041101378413619764,0.034410367595308904,0.01783131081543499,0.05283889622518802,0.04562549688987784,0.0427033787591551,0.04142592196463145,0.03193519558501575,0.04868863626103415,0.027455549305926093,0.03944516665599421,0.028981245428314095,0.030109869421716753,0.04330785239569028,0.019712618530215106,0.03924006826360329,0.034738701797647986,0.024703170577941212,0.04755591730332043,0.055102321370738075,0.04279616466680694,0.04006596957316959,0.015557267943140777,0.04579914757666387,0.023612443663996827,0.05451525719277585,0.030723122807770877,0.03836330847050841,0.04903164296149328,0.022588349949187233,0.02589867592688469,0.05649793201648373,0.049307723269399285,0.023402284373798207,0.034546926491305724,0.035938316935332726,0.044776065188398224,0.02489006682413479,0.036042002609777364,0.05340455551816889,0.04239369592556375,0.0387551363188365,0.01997353657055085,0.048110757385155536,0.03761401094156091,0.023694374683405982,0.03382862392620972,0.03681587104731088,0.03746811611525305,0.026031664598982866,0.030584038163432026,0.044665049600882,0.03038965496446279,0.06138631072413214,0.017006680025796556,0.034594372998514714,0.03196756730511382,0.030792309235972242,0.0338824108986971,0.049478904236596025,0.029078199065522628,0.025418025817236768,0.02770758924402599,0.02418384042907856,0.04473769928855127,0.05538796408544065,0.04192126400182102,0.03437512970695799,0.05020143834007334,0.04321199829356882,0.01201718690151583,0.03045125549789736,0.04032134290568963,0.030103253681552637,0.030551388009406214,0.028230263601096442,0.03751512519800878,0.03832249018129448,0.04170271795921401,0.03828220418554169,0.03258793767194818,0.03468721224731567,0.04792288308189238,0.023444729327540454,0.04346219724646549,0.032681750493271586,0.0354065002998327,0.02736656396706936,0.05181324556417405,0.03859567703267965,0.03188406469230384,0.040351051743094606,0.029091567776269457,0.033886279366518425,0.04306002715949453,0.04069774800961038,0.035041080460051714,0.037909762967715206,0.03691265739749279,0.03279207259266145,0.036479747856303535,0.030416721113770657,0.03134774257916735,0.038999695790004875,0.041016534377573494,0.04787115893907745,0.04186258068586205,0.055871662314444986,0.04203024571407283,0.01941824924983925,0.021351398793797088,0.023254826552536967,0.05079540201809643,0.029297352553182734,0.03414971853671557,0.03351804472644703,0.0288792500618685,0.036268758714213645,0.030726617858287883,0.02907091394254009,0.028044065202724712,0.02017475957468303,0.04695858077801029,0.04994533176600001,0.03701042156770788,0.04266176392072671,0.025611942634834697,0.046822931749365554,0.017686508763405405,0.015051393127632672,0.03903213032899093,0.01911992298405233,0.05098952445802071,0.049751030518760314,0.031128542351858916,0.0522214967936776,0.03842917870710548,0.03837798026048617,0.05098782228405996,0.039379698934398674,0.028097001333659635,0.034386893765527574,0.05190453250930378,0.0313606654877538,0.05345937553591263,0.040308602387733386,0.02655144823847453,0.032320720079853364,0.03087839695833809,0.03688617033655997,0.035949876726246166,0.027862577102866135,0.048695464898510954,0.02478272076558304,0.036480122046789486,0.04354258300645647,0.024086710762764044,0.025503726428641196,0.057753255218654126,0.0396164727192653,0.045319866327258394,0.03593492203371157,0.026020955974100535,0.037396501264884176,0.03954772342323883,0.03797420654651892,0.046915383608976874,0.03187524074714734,0.03380449285506714,0.037899306677095124,0.03410093063934756,0.03768151677522989,0.023328365594445278,0.041761549633316256,0.04353366585427357,0.044781444109915254,0.05195125301885456,0.04657372518994133,0.04000031023685439,0.047169595107139695,0.04130655376103633,0.028920015174321426,0.04145173489393731,0.028787109001829257,0.033888716243439504,0.04300749348099957,0.046984671738379856,0.053704403847373273,0.05249344343974558,0.04595697245528382,0.03937282594913743,0.03505380093509526,0.019495480310776962,0.02961759018778947,0.0508680818377582
27,0.03677657129397188,0.016612979915104815,0.01329257542381506,0.034654752591918345,0.04085687726085797,0.0348539606036718,0.036045050826437934,0.019877813465786077,0.01886781878202739,0.04572565707307426,0.03245807116258838,0.04198609440478021,0.023086291286130853,0.028743279466258487,0.048825287409207406,0.03901741024836381,0.035774195719660395,0.035769246840221744,0.04507360795805411,0.03521326688509434,0.03274552374392789,0.031142482517729338,0.027800189349375327,0.03248907107991545,0.01902641327303111,0.023243279310297425,0.03670155788530041,0.03496606871501976,0.036242098690520363,0.013493074247068939,0.025083957026814364,0.042744330108743914,0.03440296708431961,0.022493289692342336,0.04391382097110319,0.037116908183353205,0.03404564053035771,0.026661470563642646,0.04454240814615148,0.029137239878640583,0.0361917238441613,0.02975773991279765,0.032087730310911396,0.03619448600973959,0.00999932361156389,0.036745119547306665,0.022213854474624685,0.03496031952563496,0.04215888937535177,0.023432326056245935,0.01862649026888873,0.023573876983050635,0.025794036105127753,0.028680146750314058,0.030026462386473347,0.012733354322458916,0.031701669215380694,0.04060798876767982,0.032324131928173745,0.02673537278962685,0.02542579857271337,0.04025634268218862,0.03463208859576531,0.022476115880327153,0.03224751405499778,0.029009683674841462,0.0314615178361715,0.030688766094595057,0.03124065441908486,0.03403220494818367,0.036809274680878565,0.025451379505282794,0.04527279928172837,0.05561322652521727,0.023330289758777895,0.03377768546725713,0.030315183179958228,0.02742519557495636,0.0387347570865348,0.020832425340834692,0.02886906102222447,0.042647634087919654,0.03323123991255552,0.03963106253189773,0.027359280801643328,0.037660585307936895,0.02385780759088319,0.04673643560931566,0.03301079402370093,0.023598061260543042,0.03039283523638259,0.02050218505436837,0.027653371084746373,0.03843701005915678,0.03178462571418475,0.042679911618309835,0.013100297651391948,0.02252924043396884,0.042727203238700134,0.03207031068776384,0.033674746548589464,0.03289332364662327,0.04180864708810202,0.022649976256138425,0.044730000442881446,0.04587223309224885,0.02458820485367009,0.0373806016809436,0.040244094968128814,0.03588061566076841,0.03043547352322849,0.03430931580325031,0.042830004261491625,0.034093355301021096,0.03299697136215855,0.0422502805757773,0.03649941250382972,0.02761398344448314,0.03491029390312031,0.02152901061235908,0.03682398380533423,0.028389230610807448,0.014383612310652098,0.018152748809596154,0.04886296059036395,0.039369705235688904,0.03071275946595631,0.022559426219470068,0.024995917449094254,0.027927726884606822,0.033129521018425576,0.031581888114462275,0.017806779108346757,0.03516472691106981,0.034664463412269406,0.029816879445347756,0.03362339934136956,0.023172909070383725,0.028881639656257303,0.041036330576615626,0.03421889345304292,0.03417320019368802,0.0016893993992396078,0.042509697030596594,0.024712876819815207,0.017321388913266556,0.03506796279268809,0.02173278921057866,0.02999606884626259,0.02458869034123335,0.0241297370517051,0.01990815232460222,0.03662067308181601,0.04570207579485355,0.03327827886051598,0.03701551726448167,0.02934275866104647,0.04238063660184225,0.030424178603154006,0.027131478419201632,0.02724828647734948,0.040568284372991995,0.0302989317066208,0.02986305932484816,0.03523866669029101,0.03278684953927971,0.04429118180022772,0.032853838063251185,0.02730877351561941,0.03704326863268632,0.03528694374564039,0.031164290918473475,0.047340755875944225,0.022602302408638725,0.03101479712333532,0.050573079653358916,0.03037309296477173,0.028327946479989343,0.033492952727411124,0.015961146105516726,0.018802288397298944,0.030960313327154744,0.03195902659681822,0.04450279508595113,0.019989551061542744,0.03127117013784039,0.04805091928556562,0.02939399934524927,0.02600373334998433,0.0316509514652059,0.027926240285857905,0.028397575714662084,0.0393683726022283,0.05698467387494714,0.0425382120248998,0.011898847597532524,0.030816044398868446,0.037005593052746026,0.04835274038039181,0.0394438648988341
28,0.017536358801351886,0.0360282756642244,0.042145653705924616,0.040387944160521064,0.01936771342119326,0.01572585648057697,0.039352044086231906,0.04071528760455045,0.04079724624164281,0.03836811285478835,0.02509219150243623,0.03905830028267696,0.04444005329572399,0.02976080475738542,0.03303901878200369,0.024583914969588793,0.008955951160196273,0.03353954013386092,0.014900833050373173,0.029582148900512917,0.041364925335706425,0.022851204503540227,0.021129640932166446,0.03516465574779087,0.02121057551245816,0.01759503339230762,0.030921771938897637,0.012098896293209004,0.03770932307890961,0.027149024121285566,0.019709377341343946,0.029363884792744266,0.03190632845224833,0.03066278947613896,0.02662371068100671,0.04650450523895426,0.025423766009749636,0.030727589182617157,0.03940633131692166,0.030755331936154616,0.019972847667288247,0.0177930153790819,0.019991515060987702,0.024489023528304503,0.02161127520233947,0.02465724702393566,0.026599172435172232,0.023141749849493243,0.04114823035953357,0.03636047725817369,0.016310936232541297,0.018441956659371622,0.027402752582592154,0.029627262399577275,0.024704051965364054,0.017214343095863692,0.00913725331776763,0.021615858489636618,0.028121358022681057,0.02734891422955117,0.025345244036802994,0.03103552641398341,0.024127647811977543,0.029965959616684697,0.013546362946423314,0.03747062620907598,0.024818394282744273,0.026969447459543727,0.05484851213248893,0.03195747062138028,0.023330978633500525,0.022342425698145034,0.03519309984104611,0.017976207665549325,0.02981178796960283,0.034151345585192124,0.02014514294417985,0.03156920490837985,0.0356186045780531,0.013461147573565901,0.029095823749703546,0.03247578120417206,0.02948681765909727,0.03989740309339646,0.01867843948416064,0.02033002196519307,0.04127344457576212,0.037454326210998826,0.03348097582826476,0.027944116301244406,0.036638727447194416,0.015526267559268088,0.011899722576024615,0.020007277896365475,0.005908345042943772,0.0320406526544515,0.044785245980386135,0.030309089717156935,0.020236384465783422,0.03568473005111544,0.03794824468515236,0.025945631207475263,0.04217205757580935,0.016064880717275583,0.032502787371524386,0.033794113953600415,0.04283223296422017,0.027076613094568772,0.01276807430469412,0.027138300503315997,0.021768144484087162,0.03118225932693453,0.02681317508289677,0.02964359167560388,0.024391592865293795,0.015151294621544246,0.036757701588370086,0.029342778263750917,0.05035527195813798,0.023321526485238032,0.04344997879578995,0.030482322498479486,0.023329166257410584,0.020622963860646392,0.028645168851467995,0.03991447727340609,0.03249423248113284,0.02542483292878938,0.03179556559975338,0.012025131191849552,0.04072587177959211,0.03163049881852058,0.027479028744907524,0.01777353365407596,0.033991827344915945,0.013557486648157613,0.015722899335153792,0.027217325336260968,0.02683290070998102,0.01988795870577789,0.03456807769407063,0.02272260028904976,0.029327636489919307,0.01747196436678749,0.03133704923632038,0.027094153745209768,0.03446209619403849,0.02390460246725502,0.010571338648114062,0.038915598074902864,0.024558503500371413,0.03131803003372561,0.024597696536655334,0.027870988799082116,0.030713794931546225,0.013397843269268921,0.031021024876963094,0.015322427386196146,0.017041405682168297,0.03454038671749433,0.03523425068189908,0.020935938148427383,0.032474857864085174,0.018781704679875548,0.034428719903594106,0.030482411050011985,0.03854681546613005,0.006550141200971988,0.03582473029753499,0.023201555161561558,0.025914213737374604,0.016996819121181797,0.03294362266468501,0.021564439541178138,0.03328380636336474,0.019068766542245548,0.03628691857903757,0.03213668475540058,0.028173803098075205,0.035942649565983184,0.011109887973211014,0.03250226000275919,0.02771345760116109,0.024456711305240734,0.01329171031039458,0.03780995159078754,0.02888915754130885,0.03060386959376085,0.0331898882620225,0.04096765265886402,0.045104947752514814,0.022952468942139766,0.048749548445687296,0.0244333984023436,0.035431220622039364,0.03244175857790623,0.043836006621849,0.022136979582831146,0.023310690286842736,0.03905423747645781
29,0.03837399307357828,0.030897671465049282,0.012341217730406652,0.022659983145154602,0.02131803929144679,0.03833334531835614,0.019745446082609718,0.006682814721231205,0.03345059981518175,0.01691998726542845,0.04622719980612372,0.04817893192331166,0.02512072463872657,0.035474058809462056,0.029280960963135972,0.03363335735189848,0.0198861785609809,0.03089495345466273,0.006954712046776904,0.019456033329327056,0.016366212188028032,0.02950398799399139,0.0014918563094056883,0.05248737235041711,0.03930488772323619,0.02299628674615306,0.02733264606054547,0.013090798044734607,0.01979771107297112,0.0255293894961132,0.013509852801421357,0.013631573659715067,0.02449256256796312,0.011941211679958274,0.019102804799501626,0.022591852187819318,0.012299485836069666,0.032844338489955174,0.020273475343929762,0.026626865448048872,0.009958491724363146,0.00861946935379362,0.018352559835384946,0.022633024024402405,0.018826338666534104,0.022316848418572652,0.03816220463855328,0.028247029287020626,0.03923577342649363,0.03308013185006266,0.01955530264417775,0.011466261971341976,0.028921540893601144,0.022775547083298854,0.028369393095255806,0.019342621819281147,0.020644090981144024,0.033715542403190094,0.038395868779916825,0.027848011361898354,0.02805660818707385,0.016774960555584417,0.016127314945164582,0.03169095918873205,0.020824567636256255,0.016706405955953515,0.018773276220982592,0.04031255887685463,0.016346069654958037,0.010316088453944083,0.01944801138648947,0.02773897813824845,0.02578506977507503,0.04113643837685056,0.01959353178482698,0.022476438412384257,0.005552489814978464,0.029314498010260093,0.015714473585273767,0.03205521772060091,0.026979406279349902,0.02300354178857605,0.022900174659165533,0.014389412127279485,0.015131413676909641,0.024520150132138506,0.011249428008614193,0.02456519205375727,0.029143292269587763,0.055291722916311126,0.02789123373197507,0.04500311995076416,0.02521467320420145,0.01993282192030967,0.018310670574024468,0.019526941364664718,0.022675202787985717,0.014849462383848754,0.021288382385955172,0.01802196422011487,0.03993954898270462,0.023509769969373644,0.03338430269923759,0.0326223221138008,0.0236254857960459,0.033195907535642714,0.051935865288014964,0.02133451743475192,0.014552534207258576,0.020067229536503712,0.020656686581216166,0.017832713174253147,0.028807927313477363,0.01694891004156169,0.031163371383928454,0.009298995391778501,0.019124234885325476,0.009580987648280916,0.01674859963083475,0.02219876727987306,-0.0031797581036614384,0.00955134368473354,0.018155616217245714,0.006602401930729248,0.016930234528445935,0.017491265633338065,0.03270399485305631,0.012407364973997193,0.024196761004405487,0.019974064442665466,0.030479080840919354,0.021207852007211852,0.028529334006559375,0.0256352602224608,0.029214724158493813,0.010509582623257805,0.02012412587560977,0.017708745148383435,0.03377933709167644,0.029777946972320328,0.027848461997332978,0.031395368412820694,0.02256200774728498,0.011108514549782967,0.018054343686018465,0.03271911722958439,0.01842654042070579,0.03503432081501112,0.013531726036426606,0.026967765651992756,0.010236847286810366,0.01530291426505276,0.018995435817099216,0.021104444722597065,0.025423086528936756,0.024193552336387685,0.019893427705653183,0.019227301644929504,0.04156723460706804,0.027205537453375454,0.01699404547215888,0.019549078386597845,0.0010558892507454183,0.016565519145604043,0.018408288639923408,0.03094505575778648,0.016572756768467218,0.027298197193242894,0.021041360162197445,0.02180878002999767,0.04472601660238916,0.024207506185296244,0.019046351219519343,0.022356656846255353,0.03160679817523572,0.03305303104271753,0.013589196425705389,0.019088414901943344,0.01788690625896386,0.014755615710033594,0.017087566153443732,0.04359428792388037,0.014114157640940605,0.023047735990423122,0.02189002446197735,0.013410381554077698,0.011413199176185261,0.015172190573658864,0.015193478406725622,0.018080324818049984,0.024725716717803325,0.03612715616043312,0.03596161080629222,0.023112701175633753,0.016096193450901648,0.010918592503599231,0.04733665279618525,0.026586011217040358,0.018612060945057823,0.02118803307626778
30,0.01909599281963021,0.04308301682986221,0.03273023668198181,0.020782098598476184,0.028435246354811393,-0.0015298894809044165,0.022229108048648506,0.0014657415478012623,-0.004175295605323353,0.017643385418420237,0.015315724273587808,0.009538593532193279,0.019164540080231357,0.013544131165032097,0.006975379466890662,0.0279586896353978,0.03296812706082701,0.01576346518089578,4.086992510018636e-05,0.031185423903633026,0.012566156063528766,0.024294940454076316,0.0046993660557829095,0.026205019999016192,0.027647544251930264,0.029835996398380638,0.02354314256294811,0.024179857620400147,0.020779382940300448,0.023155190726474706,0.026044749655582393,0.01719651078814561,0.011678600490357884,0.04265841984373159,0.019735283110749423,0.03913898807912734,0.02149177883137901,0.017799442667470553,0.01279622156300652,0.018703341795759387,0.04084684669864812,0.020182668582401298,0.02487906965641481,0.027217192587379473,0.047630984583195125,0.022733718789246724,0.02995249447959053,0.01167259514525251,0.024216221604660203,0.019567657946361068,0.0289890938876178,0.028811946825108417,0.028630178142426146,0.018591747589521136,0.016677597516944406,0.030536512377359763,0.02642580001261018,0.0118088916809985,0.009928337600002208,0.04355515136004041,0.023999944716007433,0.007405372170190156,0.03482757095220917,0.013382965439782,0.013204793258451256,0.02728714016131846,0.015343907752729188,0.026580543511236236,0.015321577666653884,0.012795388099982668,0.002291174114362419,0.01895668680116763,-0.0021882051603157003,0.03448104696211771,0.03010428249903265,0.0142457816530441,0.01476506238308941,0.0013037456844945984,0.033734321165909444,0.024585779364275154,0.02110557762684332,0.004420908832356473,0.004948025207390964,0.024002443096864338,0.015631101928199526,0.020812978539943103,0.02781190038500488,0.03066564237043222,0.029949893704770844,0.04048892005620589,0.017494043151406798,0.0026188913894534746,-0.011013104552678326,0.01887223769124172,0.012070096307874619,0.03192338513197754,0.014499623042535152,0.026805236296267874,0.027053467473585932,0.041770581344975105,0.018178445717626092,0.03353894189935466,0.019288925189543213,0.0296527365511422,0.03961753417736533,0.025019298026818234,0.022781526774564936,0.020694701800026517,0.013446043385498662,0.030531178871393935,0.02629407183585168,0.004444914487612868,0.012403978055770202,0.023450028423542133,0.033382448958280665,0.0016928615061144424,0.013921937846755881,0.021490985777901265,0.011732335047987987,0.014283703363466975,0.01815698522978248,0.022653042800543897,0.014950137148047882,0.026829576108590263,0.03055723345718773,0.02853483102722523,0.03544787307326709,0.019090168941948853,0.024892393909071265,0.03187764914797219,0.035945726657296055,0.023431074566425403,0.011188316251174418,0.022191331386339372,0.01472918061572715,0.01654265715301142,0.03053118812083381,0.03337918738180776,0.007043883235578549,0.028144689926445362,0.03640743478883909,0.021662741054692704,0.013952097755169741,0.019256789512629286,0.009473834758809417,0.022123146116532984,0.02442565908180409,0.013098355802686786,0.03071409867907059,0.017890723462516984,0.008102322810278185,0.011178013978194389,-0.004480794436871483,0.0024753894005542995,0.035170618491245254,0.017910303933512242,0.027557732836635103,0.026538322384875586,0.014959198962957793,0.008890701467166778,0.023435270983282616,0.02484210328292992,0.02010194675650075,0.02182775887277157,0.007472826158929639,0.008038688470762844,0.02203056894283456,0.03329969197497123,0.03328336846663907,0.0008586491888913049,0.025050711485067396,0.022256754642373415,0.01964135989763909,0.024221664520202996,0.022503837853592744,0.018007698856239263,0.03578622437246928,0.03227712801339257,0.03039382692759178,0.01975271656118265,0.01288917627402177,0.02086692352494929,0.030363981010617547,0.017076193425587895,0.01537959433551352,0.03322986907968335,0.04639416145982286,0.02926123447700727,0.04775136060509799,0.04297378934406683,0.02448519520131971,0.021190054014644875,0.031007339389767817,0.022373879748954332,0.01389821785472366,0.031807388372637094,0.021249251594898697,0.013309999445913072,0.015156673406073212,0.03236555024094192
31,0.020838472955577798,0.011089185777486944,0.01922509098647206,0.012966132286471204,0.004030594183057262,0.0017247404050577918,0.010906397842365946,0.035601140994457735,0.019556844411677442,0.010025970719082244,0.022425862717832458,0.004453116194508378,0.016688504149654334,0.008531249978346086,0.007638440976666206,0.021007203845662133,0.025221241765288477,0.027537584360948855,0.008120503625700284,0.02161101832967586,0.018466878964578045,0.022153247886126146,0.015246932355836003,0.005102534509927819,0.028817644304542568,0.012867761838036656,0.009213933122837588,0.012614161450432062,0.007963149420353316,0.02824212395995598,0.012588372928663466,0.04023140174312455,0.011060914345454208,0.015812070793681226,0.024265315321920146,0.020737421007382247,-0.0014193499996290014,0.01270865873335952,0.008101897248157146,0.02222221047945357,0.027967697787238222,0.014275457774301064,0.024381768623040177,0.033263781211009064,0.008718231981234828,0.011312658666956967,0.017342547391864287,0.012433423167877837,0.017640495057756958,0.030590865474635187,0.027949290482006527,0.0013061859914379817,0.01763161089145548,0.009733505548719034,0.01808517020157136,0.006772534757617651,0.008402939927616407,0.021272699097834004,0.0392890733137482,0.010650782070329292,0.01895843985647465,0.013722268437108245,0.019979219063138647,0.006963745139437837,0.022309969615940405,0.020721106193693817,0.02857616259572015,0.0048994137081684735,-0.0018956055860615863,-0.003249301717620199,0.04656829404826346,0.021799655632679996,0.02384178006803151,0.031198343480772616,0.019666349752688737,0.03163394423293761,0.01275779423205789,0.00874500661864226,0.00024406482900161258,0.036635744829104394,0.022313643004264538,0.017209041244432028,0.015931832268724612,0.010597188208837455,0.01753501886295633,0.023216974257509453,0.014379859907763384,0.03332251326091191,0.014330635671645808,0.013677978671041011,0.009019956949509236,0.01746813097300737,0.023189076961841873,0.017899397206864273,0.014267359889157644,0.026988809450357462,0.008951168896783521,0.020597497279932545,0.03264105938544411,0.014295773207209924,0.03296760339915559,0.011546500275900661,0.0001522593530036906,0.02841853712530528,0.016185053237098176,0.023921333710376094,0.02729376386644345,0.0005305175750328142,0.04266507430306751,0.014482510252332914,0.035748494097828834,0.01609702929571904,0.010927157662441863,0.01531743083714067,-0.009860475007048782,0.01805120454637731,0.01517282115483697,0.020485877915362258,0.020279304181213705,0.01539830867930175,0.020272309200897846,0.017068580191837993,0.024235101920913805,0.02576612032742027,0.015638631396833927,0.019187467098649904,0.023309638916762188,0.02510900125296234,0.03820501428688307,0.025996071599061532,0.0029399030406837313,0.013661186988912336,0.015915342168758385,0.03440521978092391,0.00328038079812646,0.032979404584600885,0.010923732826940858,0.02163779046808226,0.005972613064078041,0.02225084586037059,0.03211580100126319,0.002323162894552519,0.026482777931756435,0.017870957339797412,0.012258158152571851,0.0065289546751537125,0.017028254016718234,0.023708928814104965,0.016512319916939126,0.005198994160733359,0.02606947822794952,0.026230973186767245,0.02699122844024305,0.011037993021182194,0.012227672711280991,0.03362113226615911,0.014622599702895723,0.028317968349381273,0.016664103432923436,0.018669246415302692,0.04107257766952871,0.023394318184184963,0.011143334536719372,0.015209063876331958,0.017437500761461742,0.020298245035600373,0.018292619857576794,0.013987441433136114,0.026956504348420177,0.004312054102997481,0.012228664654545201,0.0018433013423718204,0.01770887836698671,0.032327189037187266,0.006151160809746439,0.017957432124386365,0.04515960885266556,0.02752561876255696,0.021511496548053326,0.023579580023228207,0.036639801962911576,0.01595952822395441,0.029238490183287037,0.02566642595230364,0.020019211999384855,0.011909706550991647,0.01688037151763766,-0.0017903777949187273,0.010231267231210033,0.017661200209170343,0.01956635020525064,0.02569698650906119,0.028171522506483755,0.0031445107161864605,0.02694336831345423,0.024655119649438537,0.031010397624832372,0.011161271752110192,0.02774852457888584,0.0060441223587131224
32,0.014479248108025679,0.024798802569871714,0.027980100128477584,0.027036708413391758,0.014270383200050033,0.002778601721827716,0.024847513583294022,-0.0008558561573536599,0.014644476920851739,0.03010603197627343,0.02621822101318835,0.014387584504210436,0.016027420702009788,-0.0024738241134271734,-0.0004028360774798456,0.01840626509396453,9.055229458506536e-05,0.0024138821107664576,-0.01080237424111638,0.03666264004217474,0.025815822591216824,0.021102871478573367,0.0014942415550693623,0.017140303535885516,0.015288335515625237,0.022043295386269816,0.00020660146724397685,0.039499962336737374,0.011868024799664941,0.010553986803047605,0.023226359844477962,0.009578141422612242,0.00729212849974757,0.05158575815160345,0.024981560350599973,0.019134750520044312,0.013437851435389161,-0.003424223883692932,0.022687637274508565,0.003799577984360092,-0.004650026729050006,0.003122757611090739,0.014796607847408754,0.019896415135125873,6.545123558194393e-05,0.023311476165957086,0.016008671358016223,0.0321261509222263,0.029232613271359523,0.008206457024502126,0.02301764586251174,0.0024475246343901476,0.029703729682086816,0.01543317900842954,0.00899501915709381,0.02643242344585095,0.018831716018752626,0.031538141753371246,0.02207619371478887,0.005945200187033714,0.021844769451063575,-0.0003727179911789079,0.007300688643053494,0.03459258872220694,0.026274197890387322,0.00983569709224565,0.004127357601416208,0.017306269252132262,0.008812533772845273,0.010771133394600958,0.009904531963815378,0.007852141382046022,0.0017249920499409332,0.018856879527453123,0.016977392828678103,0.030409079850871795,0.030387050430848973,0.03126173985478535,0.03348671932768421,0.014395393364085088,0.028547338017859743,-0.001680218760482844,-0.0030968740636308605,0.01591544505733267,0.014845650229804302,0.018531895026551577,0.0327664168779644,0.004549987726306454,0.0068941990279774955,0.014923678648490014,0.0035694316382931593,0.022523875837271196,0.019422469161972003,0.013444896335856152,0.014538613479631191,0.008793792176912531,0.021374332467436592,0.029676266757812157,0.026805838336475832,0.018370638273491,0.017524790281114856,0.0037013110684379538,0.010483956733784003,0.028762619653624838,0.004585888406945932,0.016090645090553017,0.02706464172880951,0.010319008221512865,0.023700516740097707,0.017531018338131987,0.02231535735394638,0.013057323725593092,0.014123595282958548,0.013883962847192972,0.008702874395713845,0.020575965793621545,0.029060979396726527,0.019086104525569407,0.008354497066629035,0.011255654976929493,0.023507199043447762,0.02677270009581275,0.008488861196272708,0.005156838940432954,0.010907516238196007,0.013190905347657975,0.029987658370469607,0.01744957652318482,0.014927611593551878,0.006180911736525692,0.023461500727569293,0.02633444629888748,0.02021582528873892,0.023029031354606648,0.006873801123269614,0.013670159549039697,-0.003500200475777468,0.028316916035592672,0.03016871584120788,0.014317721922859175,0.01875071190365806,0.013867195650484897,0.009017069686953602,0.035913095437034644,0.006149229672538177,0.017521179349773833,0.012957811606954577,0.015091300029727483,0.02548561626264676,0.018495724008738723,0.01631925789737342,0.0010407126840428181,0.01971776934413129,0.019072073100085466,0.009627959464361416,0.0236148912918056,0.016814839211699212,0.013151872407559922,0.016371273951162307,0.004097358742934614,0.04042992564771506,0.01060175879408086,0.02510799645278569,0.029848801328335492,0.004366928524067238,0.018329609529579245,0.019618843189476216,-0.0036108255307363973,0.001871299704066326,0.015026282848557088,0.019106611900564303,0.02176091768507379,0.015443932914053687,0.007413967782457929,0.01434646160435879,0.00966637295003063,0.01431436842914509,0.017300062667771753,0.026503920258372005,0.02583096122027195,0.030045773383017317,0.010319145394701818,0.0015539548157276258,0.03240312203963484,0.019847110403632552,0.02212157106862353,0.02497589580757125,0.017858704522641843,0.023198874835449614,0.0063266604022951395,0.006622433028165724,-0.0045738838626109765,0.03306889954101758,0.01577528122575349,0.005951551456145855,0.010389923756463079,0.013407644330900593,0.013462696143583607,0.012826749021924136,0.016208004889327155
33,0.02739019804453259,0.007087105392354862,0.0038817920744614043,0.013600785848277994,0.014431983935250001,0.04516003999637783,0.02411475429484094,0.014944712674651008,0.017142151789113973,-0.007752699137915748,0.011651147404857207,0.018808085868597453,0.012917659986681644,0.022910881408299853,0.006593645544198437,0.03140440676513622,0.01995029458027322,0.02290141520694904,0.019884431050220017,0.029390861696311412,0.0038929574724997414,0.014596497318354674,0.01769664149123265,0.005753700758731439,0.015744294818594493,0.013137004172677567,0.025802328694092137,0.020975449074675127,0.006851679012063133,0.0077575002837336,0.017202790101364766,0.02113785661341508,0.022099182996545282,0.0085952039683043,0.023461282093503705,0.007079647291649381,0.009068759018924129,0.020930002666071333,0.013458072599123566,0.020422849186523394,0.027662560589644246,0.002230586912351772,-0.008372147829452276,0.016551938790508564,0.013737138863702158,0.01429125216885362,0.014334368246632243,0.008145420783943189,0.010591711915037872,0.015698307993164608,0.011677178342984968,0.008094898981761054,0.03038787216849622,0.02059888304254838,0.03684247236090418,0.02125314832474532,0.023236171462463838,0.02926593256159915,0.008612691279369304,0.012987664680805394,0.014617722949206779,0.02829631631472669,0.017146663111306807,0.025989067999307496,0.02472099141892463,0.022141979131123878,0.016133536207282265,0.0026861528061225826,0.014422439650941733,0.011056089676915673,0.015205644485182383,0.02342089871155372,0.019693616785041473,0.045757365026929266,0.016001101594465567,0.01780672438491961,0.0052191595527077694,0.007823075831966925,0.010220696582021207,0.010348455991256614,0.0006118474537100613,0.010316861555665788,0.0001959880504335109,0.021046716850350245,-0.0030965646661094085,0.02096368391747654,0.0008309379229525758,0.010255685153299665,0.008849589339874939,0.013521988004093802,-0.000618891951026301,0.024979498053046237,0.03461174440782136,0.01152613055155825,0.0278734622728109,0.03582010279419073,0.008006038304764079,0.015495362408287895,0.019588083466294173,0.0055470990506106856,0.019303516740298378,0.004369435932709649,-0.004903881956930539,0.019330473889774085,0.015896044573495246,0.004310855762067026,0.009915381858844202,0.01069984866443935,0.028905935821302815,0.012999411269093335,0.005036928931008046,0.008597546767675759,0.0027979524501428703,0.012420966791388694,-0.006475977105080471,0.024469521760974458,0.018559139397853596,0.008773301787587683,0.02076998170158246,0.03050045164412722,0.02566439088613129,0.03356658836246501,0.011995936141508883,0.00836427380990198,0.011863687458104134,-0.0012431431989665866,0.022419081043295506,0.03492392840880851,0.01859672547249117,0.005313098744858042,0.01646383609216312,0.03551778664426344,0.009338698107116846,0.03026389026454801,0.023378209189535204,0.017179889900036105,0.022981933525082106,0.006037206920164174,0.005361296590434611,0.0027889046877102707,0.010910047585977304,0.0027252472724350555,0.03158699822410251,0.016750184316032653,0.029277398353329133,0.017353461560478605,0.017390895340900256,0.014657909464948894,0.007267386137764419,0.01777482944045089,0.010770578306822778,0.02188550226107606,0.009600323778752279,0.019801255231238924,0.034425424110112804,0.010822609134423934,0.012350555274783273,0.020873281014738843,0.007090538926229966,0.014903321414261435,0.008534517550864953,0.003245391201243628,0.03042131549620642,0.02970071984862671,0.013152118411610972,-0.0020763008824366148,0.016367624997424595,-0.005322396793911216,0.009944647825312177,0.012778717359628083,0.014103665558986296,-0.0016681045481493784,-0.0006999338878270565,0.01406688563240799,0.02190929388293218,0.014763235507462323,0.018944505913753577,-0.01677184720699073,0.02182637671789007,-0.0063543158033838535,0.02338343450637198,0.03383756011563678,0.01224550411450655,0.007001462469670183,0.013998304642713833,0.027820740635092975,0.015330427808948738,0.03109081290613546,0.01883324041461759,0.016182190870170362,0.009460279958571767,0.00829495209400826,0.001983551863055731,0.024629643658560726,0.021647801509040863,0.007605704380717179,0.00703381002757824,0.012057955263072833,0.0051141780924151645,0.034841972799196125
34,0.008707494869208337,-0.0017435280650987851,0.013593743999535201,0.013218244927181667,0.02110171711227669,0.01192576621044986,0.01656262150774381,0.02153197930323702,0.017001139805508162,0.014677118298831233,0.007318248821869668,-0.0009885841389882018,0.011682776009159589,0.033270584971939486,0.007645471601057514,0.009581820641557118,0.011905026525472692,-0.002035445155384067,0.014017420826834381,0.013578790193531308,0.021440900075996937,0.025731622254970464,0.03690357368432026,0.020006071071340267,0.007790050503831559,0.026382561675558365,0.022156923625431108,0.02107420802432231,0.02810286751602479,0.013443222741266076,0.017538187157740498,0.014972627795551014,0.012455148989306743,0.014313624143122485,0.006922717046439201,0.0043147544500716315,0.01687512245007705,0.02256545563076818,0.02301554679038601,0.011157918390556772,0.02614554016691484,0.014311654547653145,0.027901199709875826,0.005899270861727899,0.014966597570429726,0.0048449662885175215,0.02248537415514621,0.018854246504587894,0.009180073794147304,0.008960497713735895,0.03797312710254923,0.032075566902474165,0.011193008714401325,0.03430024306637396,0.020547617665411508,-0.0012661322136232403,0.012344682911136497,0.01354454256820213,-0.0017563011471688431,0.020112159961023605,0.001676009963817322,-0.010197916137645962,0.01399740574253906,0.0169277659086435,0.014191969789058208,0.007731853046293449,0.022364471490072188,0.010128152446771715,0.04270407706960295,0.00010750701048559824,0.013871223194407185,0.027295723675855404,0.03510113007646128,0.03020607330920158,0.0017037236941373456,0.020936815699531618,0.011938205436642646,0.008660033739526757,-0.004908213476538664,-0.0022978006218181204,0.002181362517613668,0.03139461545071144,0.0046545671444160296,0.011189286033877702,0.01668109640458055,0.015937269931235894,0.02831442254343943,0.01356209450402191,0.017013347231943417,0.010694582615019089,0.009790634468517849,0.022281795982936878,0.012652969790693122,0.028754009723293672,0.017386496349093467,0.0010135809081328606,0.02960741351580905,0.018215704679206583,0.026847578787924306,0.013387586069511284,0.03144844769120654,0.0009623975729849497,-0.00840151214290705,0.017507904277377542,-9.301172545480262e-05,0.024899090872429558,-0.0007620246629286617,0.02870048257006671,-0.01096670342323829,0.028066542224715905,0.009428077845998362,0.015783493644704095,0.023472771846689562,0.008085801179149994,0.019733762477230368,-0.009538921244405106,0.023882385223282416,0.015268609759570919,0.012514543373461898,0.012190057007227629,0.02949058222303656,0.013432539474489405,0.01933209176223681,0.023581689896535626,0.0012108673200493004,0.013338406470216209,0.02381102607379639,-0.005578397883322192,0.01855283002428734,0.0065926579014570635,0.004273641619102221,0.005030402650864891,0.002801405763959375,0.016278313525257698,-0.005677700431205673,0.03849848381841517,0.0258525095621868,0.019265745627803397,-0.0036465968483256166,0.002537407929793737,0.002025656930866702,0.018160311756940092,0.040074130290162144,0.02332144909966951,0.00660307268539597,0.008095219505410811,0.03103533499413897,0.025324543285562245,0.020662536700485762,0.006141254414509236,0.010095748275271028,-0.001232814641568122,0.0028588402269429606,0.015585019226878332,0.01080750079424678,0.003708597563633084,0.016574279514543745,0.022033845418255486,0.015593343790682702,0.032345292887394725,0.018715832941828724,0.01062898710095743,0.038629688063045495,0.028738749839957434,0.0003967815800026784,0.004180299235333779,0.009884563533149641,0.007171709735771492,0.00482035428118891,0.007160688075428333,0.00813260831997457,0.016478549073381414,0.004865287195910197,0.009558109250747855,0.024198404644065717,0.008164739037957464,-0.008270174769372023,0.020746158960703753,0.025404616611166567,0.007749932989026827,0.011647454080104393,-0.008276171306866247,0.016638540611921,0.005334075524454982,0.012515160140234523,0.01668478594476436,0.01380591048253641,0.014294064954677345,0.01371009841310434,0.025769292554379822,0.019624241065307933,0.03223223561159321,0.015793109849683205,0.01871070622739736,0.008579352533829864,0.02917949942535881,0.014529099233357571,0.018262165194553488,0.016774358004507297,0.00039026102955237556
35,0.016042766399128102,0.027713356967626453,-0.005018395140568132,0.013778842640838392,0.0037698731650533217,-0.006543024754798021,0.004943861796551726,0.010077039007194906,0.004228292623217972,0.021781902723925627,0.019385641157380833,-0.0018647629276881596,0.008121130244347059,0.010083720334563506,0.022718052830883,0.01877118534661345,0.016657948861196384,0.0008173651514243509,0.02682817058171537,0.0002642122181254116,0.008786167947274413,0.015792814376368224,0.015336567853775712,-0.0031795358937452833,0.012706469101789979,0.026985340443568553,0.03476308428772831,-0.001934667664233232,0.00899827736497169,0.014508371691231887,0.018764071193615946,0.014529346568205134,0.008270989005109915,0.014437959182475504,0.010330829388746247,0.006953724795998738,0.005606709978361468,0.017705335609769633,0.0004296889708086931,0.014157126973814788,0.016471531375102794,0.021994779735020793,0.01193532600266154,0.029330780322477462,0.007064038600560457,0.018743766530692416,0.007212505278771264,0.0239956536119825,-0.001258421543857689,0.015257890446263044,0.026893193681246957,0.013948758730841303,0.01874061377993548,0.010788174692955161,-0.0010901320643882922,0.008307990220190251,0.0003908735463692206,0.0036555291845961173,0.006767556963431241,0.02566684244228648,0.010380608979503665,0.017375709276701054,-0.0052718149603713585,0.020912648628965504,-0.00043232933595806905,0.02087925137331869,0.0022080750998073554,0.02447978380874843,0.02225752597491555,0.01802906532221016,0.004154057066810124,0.022778108216156712,-0.003997688568653283,0.009642442835058902,0.005079205361221801,0.00932891948587546,-0.004198898513290045,0.012942038906417474,0.014353563914012227,0.024523875836129902,0.013671178633609135,-0.0006962047882067574,0.023618609261760244,0.005960624337530568,0.00526205955615766,-0.002723407769519506,-0.0016630106921101586,0.021738747410693156,-0.014550671174186135,0.016237669611518322,0.024400273307715527,0.012332949815439339,0.004750466306614538,0.006268612222458994,0.029915561375276414,0.0065843104196747215,0.0193550538204669,-0.004738379873384099,0.019390077661954924,0.008346846767080238,0.007744637750524873,0.00753433645528806,0.019731177035614278,0.031312218153801356,-0.00804566519855648,0.008994593370981796,0.00888024364133943,0.0064194311527565485,0.021147445213479978,0.0018104770643370058,0.008884284066634395,0.015232255954427915,0.007209812678764032,0.002805276616714805,-0.0020931430949577435,0.01059631073971411,0.020437096575462402,0.025539095840865538,0.012451799154353549,0.021247117951415317,0.02314466023762468,0.01346216868093429,0.008611375000761883,0.012128928812234792,0.03927553925398805,0.013672289216919618,0.014646180298653442,0.014796693247022034,-0.0037397833271083543,0.015783167290114,0.020946314899089914,0.017419165550039205,0.0027201324665378345,0.010339897453677926,0.007712234974331191,0.01915598269274673,0.0056664655826043,0.029262570179094283,0.018716862822452274,0.001966297764741172,0.015535968523090457,0.012515768891068755,0.016175799578267563,0.010445138418665836,0.024738218404970536,0.014799085414098686,0.009861844017365836,0.003190563467895445,0.0058872240886584295,0.010499090777926101,0.024693644574912445,0.006978169036605258,0.01594551753135017,0.019257220373414437,0.017290420902229403,0.006562117664235589,-0.0007391922505033312,0.005537640144767874,0.006799984347585721,0.016833416728200868,0.002354389053181291,0.019417118363254,0.000699801846078223,-0.005326657220738523,0.015999548983434468,-0.007960518608086182,0.013741834800706555,0.009884119499612914,0.01883193621433974,0.01619584717819524,0.022473973135904546,0.010832810143205224,0.024567565427884526,0.005063452957066033,-0.006098906232133047,0.03900092994691144,0.021981937048043465,0.018992867059481895,0.007037370113833235,-0.009432894894168178,0.026845736204212153,0.022795003535063266,0.007774941767461116,-0.004245689090467877,0.00786660909934459,0.019868365855847295,0.018888268301890113,0.005129942908684932,0.015065695039347382,0.008457228634369077,0.022120383155485302,0.00994377044404634,-0.0045565701278849485,0.009061291485635314,0.009314507156944762,0.005530693729395999,0.016790221210121394,0.015965473349431186,0.011067620953589583,0.0291291646243801
36,0.00461401107862233,-0.007867745863085432,0.00701555126766308,-0.003979584465288108,0.03499039966673789,-0.012019462903870615,-0.001565862345669168,0.01737544864484559,0.01377156993870081,0.009396456459822627,0.00852238973199388,0.004161441962110115,-0.0014628063154311453,0.00212880666459557,0.019694023425206614,0.01063153999266428,0.012350418305476438,0.014023235966621181,0.006190503319827922,0.0044017057305098806,0.021812632633798866,0.004173619473102415,0.015483797189619137,0.03108414068234984,0.018007218083737987,0.017411746878577813,0.007956921834333733,0.01941187956245759,0.011066216983642766,0.007631957470711326,-0.00033319152984023943,-0.004653581791791369,-0.002307211577552596,0.01701213943485871,0.013002644094477028,0.0001921781230484719,0.024645634849882435,0.0024384546943005004,0.004549748643149627,0.009363587292266622,0.02019292036527276,0.025595860788921627,0.021581753636746397,0.011344740472909785,0.0014151815739172641,0.02085620812673732,0.017380910493788357,0.01395212014609858,0.006468333223847489,0.012072823750574006,0.01070639666829704,0.015010351421639579,0.013502593972728828,0.006589869981445176,0.004471703799643394,0.020218141956712874,0.0008561372157297447,0.021269717421863687,0.020948936577628904,0.01139165448010882,0.014401826742689982,0.02202197017236137,0.00018767702844094125,0.01946556900041739,0.016273135920233602,0.006507819030192378,0.017209545614142136,0.005294586967038979,0.01281082126261023,0.01655857572495603,0.008309298753520544,0.04221222814563215,0.015715858634591934,0.0021839403613802405,0.0008927695746091986,0.014425543816365814,0.01442141331296673,0.010812406958779898,0.020239357878556512,0.024860286550340383,8.818862949918835e-05,0.007723096546688321,0.01796896160699747,0.02052020878690558,0.02931476443982878,0.017181637675381983,0.0028037477412295314,-4.009202258981395e-05,0.018857545861732994,0.02269102603669529,0.00021997829886496144,0.017430978915901445,0.010620533491271249,0.011417613501764925,0.0038418438006214486,0.009773575527840278,0.01770721229016077,0.012310256424850312,0.0137960982247016,0.004438076883079189,0.02337646734900485,0.010642366182382648,0.007947975096679409,0.011935764155787456,0.007453069319525118,0.024936209763456913,0.0092874773566453,0.01947227523989349,0.0190000867060837,0.010185457312153218,0.0074576019515958745,0.00660472198665657,0.012576799401473524,0.026753813673614187,0.013763038408453568,0.010057748588178471,-0.003393686046994828,0.006797105093160732,0.01645338840490531,0.005178411569270309,0.009016238311201972,0.009380827395002043,0.0247773427657682,0.004531750125217905,0.022485883334137594,0.03390189986161353,0.003979147875563442,0.006932052026769655,0.015480376759294775,0.01350199190104588,0.010109796664667822,0.007317926922138543,0.013884604571497837,0.012928348184003909,-0.002688023261154908,0.01655817117818844,0.03182388772280838,0.012500574961964448,0.008411663218198785,-0.0006298457487580837,0.006026105785485871,0.014447495458881847,0.027015944258484116,0.018777473533040843,0.029443210115795322,0.01905753812599467,0.004420270927772817,0.01749362441767208,0.01264939748381657,0.003252056319173984,0.023647985019160468,-0.005575101253918819,0.016484394589360858,0.006918400328890484,0.004709445672351769,0.011104027986556436,0.02682980630851397,-0.0001866957444720159,0.014661953649139735,0.0015686071991332373,0.013994607641572298,0.01220308034836058,0.02125633997352174,0.009041188760720754,0.013137091397719783,0.015457947824906282,0.010727638288220728,0.04326436008047621,-0.010354501865737453,-0.001448856095824548,0.008564713662772862,-0.00916903088343321,0.008616095315636878,0.021466513676826067,0.004077519744405319,0.007962790981719755,0.02624987484986909,-0.0005942159191646389,0.016880168463623096,0.006385704022358833,-0.00025346707723571636,0.008255841839189908,0.014466402092577959,0.024979763157807634,0.017030942057790273,0.018893342425486626,0.02902303734882947,0.01557578278968861,-0.0036538314387196125,0.017460559359164476,0.005814996556507656,0.012483055655868883,0.0035858337666510743,0.0261112164452297,0.011308832096017893,0.009803709410186679,0.029524898915882784,0.010080326086364978,0.04056297909960091,-0.004124871278319122
37,0.01571702524788939,0.0012537477567103675,0.011907560589340688,0.014662757230319044,0.017714804005761635,-0.0019408653973106097,0.04065639819468078,0.010793115611907822,0.006283160583875478,0.026419592254160802,0.009656182949469268,0.018492268051662226,0.0067918091195966115,0.005456109605403444,0.025451269956824424,0.019177274447341214,0.02237619699424731,0.0028752098298405306,0.022829802078468565,0.008441612881765495,0.02186078253608169,0.006529138137276395,0.0047503702583787085,0.026314084823502337,0.019886552872078397,-0.007740461849349834,0.01138428444223619,0.015286607857963725,0.011835404608578534,0.011061115734090217,-0.008010757148301632,0.003416504795231405,0.002186886984482937,0.0035547660584596356,0.014771495619030215,0.009998312425345948,0.014483605206242065,0.011348125720634905,0.008315435290582861,0.011153923456437828,0.008595295819875259,-0.018775156705063262,0.021333023279133737,0.019652803871515235,0.008261507173552703,0.014364654509537283,0.008415278048026133,-0.016232625535382694,0.004647516712247658,0.021169821909376184,0.023260142579772027,0.011162493263581007,-0.009774304501006657,0.00977640709291693,-0.00045231448038914913,-0.001655773572161753,0.008862758032543178,-0.007275846159267584,0.007548986294334479,0.006076378677561915,0.014354171396818216,0.024062476079373372,0.01369218840295593,0.01929902019869089,-0.0029396314641206307,0.02810584116585148,0.02668582834671836,0.0071692711138867556,0.003356002343935594,0.017272760530760257,0.0015615681826241339,0.026377863940725676,0.007463694748312472,0.008460880281894798,-0.000985829570916778,0.006297670269135575,0.015879730313107465,0.0012824369546527818,0.022939027395684028,-0.008114743109379038,0.021349220769175267,0.01875197531090845,0.018122633744145238,-0.007379890803701428,-0.004898082247662451,0.007956678251242036,0.010945481569261506,0.0059019642007849295,0.015414178301153384,-0.0026370227918984974,0.007012228842586735,0.017116010222591564,0.0039883099380171065,-0.007616576409734413,-0.014908280991438413,0.005097192520598658,0.008094792435790947,0.013009211893256541,0.020687017043875162,0.005422508597811622,0.020677083370291945,0.019436394708485762,0.007585634752177982,0.015941110010399513,0.00597341283243977,0.02024455057239776,0.009542495813344308,0.006557990466943391,0.013814173390544915,0.02899213936853231,0.010539411512123488,0.04113063039524799,0.021133360931515494,0.012250697595881276,0.00927827080701056,0.0030861766166103265,0.02077056500224864,0.013510017826677408,0.009070281959662814,0.02295250539677631,-0.00215952359010837,0.005248734192587591,0.00938971836612347,0.00692025458245,0.01715755002182664,0.013006444934247423,0.0003088715775360004,0.0057430849067207435,0.018426128036196476,0.01498600940979743,0.023914971498000932,0.00989022047600465,0.02144538931031771,-0.0038577712609856353,0.010156205304592644,0.011682634848578061,0.009829378466251856,0.006048753975220487,0.021157485545036846,0.007948611814230972,0.008447239644513767,0.007433693290876679,0.006053383322524205,0.018818023130864437,0.00568601902972869,4.64259585569865e-05,0.007035438408885701,0.017617511618469434,0.012494641331165167,0.024956436781369842,0.013596062500427494,-0.011116260132887367,0.0019113687402109864,0.037291746579235105,0.004317851141879891,0.0033411779999394254,0.0002555707201355867,0.007598674211127089,0.015472250594998077,0.02214278357726203,-0.004024501293129437,0.008383138622572183,0.01463550656546277,0.001364738079367881,0.0036606541178931277,0.0024555633570704956,0.010154356896540484,0.015182112672142816,0.00802741496975177,-0.006089648964499938,0.009051257857405818,0.0014133493891858723,0.004997858056188118,0.015350916179232283,0.012586930222225998,0.026468130515071218,0.009540342978270612,0.007754440503401989,0.017253921294354255,0.010145459828458677,0.009407413602920835,0.0027804728986698937,0.014268384218524836,0.03507711533164115,0.017344825519883644,0.026675055488208654,0.001358027394854579,2.6257912650014606e-05,0.009017927136765597,0.012557191803297127,-0.00242871817726714,0.005493666005431818,-0.0023985653617807547,0.013941526079276073,0.005515012350483868,0.008316362731165986,0.005007091111733671,0.003439710852892297,0.0038778196337154935,0.0031688548589389577
38,-0.007365545091567331,0.01665536826232378,-0.002479559700938024,0.018674399104621153,-5.919280399038947e-05,0.0008494363592002514,-0.007352689640188929,0.012790639859028384,0.012383639206493702,0.002771623261285522,0.01098521447214942,0.006985515699551078,-0.002589564214862927,0.013683157439239759,0.0026886879486262404,0.004944213449460494,0.014395991163496782,0.013121961849035465,0.00023630449536231855,0.023438322125172,0.0025338237768813233,0.0037702265953381865,0.0038913199001266285,0.007899395393132004,0.007835584163890212,-0.004784357681962151,0.02734772322873483,-0.010419791855825308,0.011280058773466876,0.005455446085211207,0.009402907530936566,0.005073387846330127,0.021781594326858243,-0.012385885429057261,-0.003797823082306003,0.027612174669944926,0.009679971515388602,0.0035630833015580076,-5.397019948300691e-06,0.015714757243751973,0.009048507166852172,-0.004744268325579622,0.011704324322577023,0.015139948467145913,0.008224987838944528,0.007198161834981952,0.010891536406685002,0.0043343679846252715,0.012817326251104422,-0.0014706339527427396,0.0017682732553907267,0.009422412878888387,0.016224784952942606,0.02474242137462134,-0.008940049418312526,0.005111161874569131,0.0024074385953108393,0.00714428433074429,0.001821399046402967,0.02328344876927109,0.016448144620125116,0.018770134311320158,0.018611233782710672,0.003561885555978207,0.006415044398208989,0.02007988091645046,0.006291103188741147,0.013724163732718873,0.014828141218247715,0.023455531151167434,0.008350964922664832,0.021852880435282808,0.026048007321426835,-0.01615541571951517,0.021664019954642948,-0.010501157215706953,0.005778003629128113,0.01868988146053515,0.008902893462926456,0.02579540998273979,0.010677552991347063,0.001045301493270128,0.015573128802239142,0.02556350744719663,0.009496963604725047,0.01141065100170463,0.00545208951909246,0.001589363255553821,0.008484576398274386,0.020178008650627646,-0.0023379641658080406,0.008769365845638205,0.006670185277364769,0.008364891068393478,0.007980433353890032,0.00013305759352576392,0.011087242584571399,0.012537239509162185,0.0036945182560496753,-0.016079501841086054,0.02134311362269815,0.021913611505068816,0.0066082822157881955,-0.00317642071165764,0.016159507546135304,0.0054520006301345975,0.008491527125353953,0.014642433425728966,0.013412539225651617,-0.00480126087162191,0.013766799890645404,0.017371359464197135,-0.002210961842895676,0.013870236892442833,0.004462034661298315,0.0018370412977545833,0.00994740088665145,0.012992787943169189,0.0074196238292732145,0.0203060064627667,0.014777624219400723,0.013844214902529458,0.004852251287682152,0.0015873471379213569,-0.002131021335509622,0.015671493296677677,0.010210073698698965,-0.023295885620575024,0.002525614002668209,0.018690058848771455,0.014296863339619558,-0.012919651876263986,0.011464710516764358,0.009966606519447512,0.010544975769497273,0.00900513989777589,0.006606552776189045,0.016247255247715274,0.00484736680485501,0.005638076102111251,0.012633103929556345,0.006695718369066798,0.01746853454211926,0.0102932473935909,-0.007526109560640721,-0.010701788324118996,0.014371561081874273,-0.004064213423562647,0.012534374211347094,0.026078739265301222,0.011997050660711012,0.018251514363169862,0.026348753930112677,0.0025523418709409275,0.007245142171262771,0.022314950859821027,-0.0036224477349519266,0.0002916329191524989,0.005013425859323353,0.02955591699199168,0.01261676563167004,0.01274708634686628,0.009121451194783236,0.01960484872094675,-0.016314006064802933,0.013452509201978363,0.018942803707859134,0.0065339198258994174,0.004226208975446169,0.018555621778530783,0.009027098939001955,-0.003033669377772429,0.010832241131211336,0.003148579507041456,0.017715519274950166,0.020232304553847905,0.01487997894461273,-0.000426740433394867,0.012006024835062187,0.009585150087832556,-0.0014380472427833989,0.012729324566505218,0.016240670930730252,0.007340903109298229,0.0023402840604373164,0.024942732859231785,0.005502220340463059,-0.006536996296671382,0.004047777429334335,0.0007207687188408966,0.014196922528404503,0.0030011584118181346,0.010931948934026265,0.00476579771282617,-0.003532301370280823,0.0012993623587277386,-0.001771289578641139,0.018551386488868143,0.009385235406409035,0.02849120921249013
39,0.015492759830759022,-0.022107547761523925,0.002280292627138799,0.016090843292703955,0.021149952765149718,0.014723588827638173,0.007622249744151514,0.008930476472985777,0.013883540618223843,0.00995374153669992,0.017491611945597715,0.011962519148648619,0.02651893650190916,0.023272792257983038,0.01801053159344968,-0.00044546626437382865,-0.002587396206269948,0.009855595163255274,0.015245346273450318,0.02571435962721209,0.009028247422172325,-0.0062162633095980725,0.021876668379992657,0.013156102722532826,-0.005529419089317301,0.019802486878075665,0.0075445388965356425,0.018204678957094978,0.007978860243089615,0.008304183156847582,-0.002966541529274721,0.0006753410822088355,0.007050784152778939,-0.012870083324967408,0.028845542875739604,-0.00030779929937053974,0.011906128643515892,0.003971382873659859,0.004406363925098356,0.018755329222075814,0.005422476570430178,0.0011330130943532548,0.008749838712471474,-0.0002998300743246099,0.0022186314324955155,0.008659562160682126,-0.006299412316040502,0.011476402979975611,0.001277299547460471,0.001426974604849164,0.017150418554268305,-0.005320057179692703,0.011965689323140667,-0.012279659076363747,0.00888785899598699,0.009927427080525691,0.013134639909934635,-0.0068407809640872105,0.020180970101100475,-0.00046500922542750886,0.006530557660332679,0.0014272010116569474,0.029049963923046637,0.003227925835054198,0.01256014813164738,0.01217734184601969,-7.453873930440141e-05,0.0136097026485436,0.005566327444164534,0.013738684854423422,0.01834510160018238,-0.0038723586639437726,0.015732530135227775,0.016360082384567487,0.01036968903021466,0.01630212774636356,-0.013387316790506424,-0.0003594501340846521,0.005687214987570605,0.01150533894499179,0.010010175670038897,0.009209739591348597,0.020264190967109477,0.013375255482428005,0.0022884521378169816,0.0053293362015762675,0.006378867433876146,0.014538231814694779,0.015489391320318333,-0.006603322368120333,-0.0054900476906751625,0.0005523805713399379,0.014983831987331964,0.02893595544395213,0.00028060486634558235,0.015605820953792423,0.013601689680151158,0.011176550394175429,0.01299394927876611,-0.0028145527084321702,0.009445504706700953,-0.004143546189356882,0.02060758171074143,0.023817644499724743,0.008880218188028737,0.006919022518586626,0.015657224173882024,0.016144084640258242,0.02243717669088849,0.027033080065577142,0.024984378282237856,-0.017388523448758072,0.0014058518385206943,0.02180972560967428,0.003028006436945155,0.0041897407397557184,-0.011184058089967829,0.009580540225194917,0.027124075278485402,0.0031247904789202564,0.018134030496954542,0.019831025587089726,0.008374467774673357,-0.013766853765975251,0.005764420000278939,0.0038577991224015944,-0.013770829476160647,0.006595083687398461,0.005788806813982796,0.01856721243162747,0.003138215389172694,0.014291500300559952,0.007293756760840904,0.010538045969259877,-0.005232409519069638,-0.00795858311571564,0.004609236528655806,0.014570287265496746,0.008485575610132941,0.01572531082084105,0.013566116333294725,0.022885926477270623,0.01790747944340148,0.013747525711268312,-0.0024094935893557382,0.00972282246802004,0.014275584930544823,0.02563690280849886,0.02296169634774979,0.0039049145575945996,0.0005270127305060431,0.017706086801993245,0.013726138381562197,0.008485894388542466,0.025307299987185335,0.018083187793233677,-0.004881944176514025,0.015555485006573104,-0.001856736469197701,0.0036631298307706036,-0.0006143634031878301,-0.0063642059700506105,-0.004701416794261143,0.013887164599779664,-0.001895201752952564,0.015344663354348694,-0.0010839822799676574,0.007309948670958776,0.020195052563955394,0.007179859632312113,0.014612962277926092,0.012704961756194368,0.004337651725720577,0.002577018553744209,-0.005367756301054932,-0.01382132707182573,-0.001567278749170918,0.0131375382210215,0.003764773913631416,0.015026721243409046,0.022920640880386277,0.02859155840413642,0.018025456133859693,0.0043612454514269225,0.024218749325776848,0.014256042377400725,0.021916943139802282,0.009858779836286096,0.023027697022478224,0.001501476615443341,0.0035010681385580413,-0.0019453430718874426,0.0018909392757826757,0.001604799752883578,-0.010147388316164286,0.004310802292118906,0.01012409785888399,0.014024438779130415,0.016006534730747007,0.019352628962186855
40,0.015745926258914765,0.008937906604374993,0.00048350521631687886,0.010265257144669967,0.023828729486711844,-0.002189786403684709,0.007062333905602232,0.004130094444994875,-0.002398412493692611,-0.004244919908401006,0.010035159133353694,-0.0013479372224345565,0.006372610656922467,0.00782666200835579,-0.004266586215636958,0.006859344198768507,0.010567159744685115,0.017598648494678928,0.00402460477017532,0.012479299952897347,0.0011217270469241689,0.010123367470443054,-0.0011578440984123346,0.015194294164604764,0.0037913593543685065,0.015292186202103052,0.009140754228073571,0.013163473043985605,0.004315967675185564,1.5566387211454584e-05,0.01737742495581381,-0.006990692302330255,-0.009976136252016553,0.017758851073499192,0.01746539085800527,0.021636135773423482,0.024516922552348795,-0.0004177656874657385,0.015588231637956484,0.018737422190646613,0.0024892378315692857,0.01452804561074355,-0.0023259085582609104,0.010991262101294445,0.014804629411085492,0.01290641122498863,0.0091278310692725,0.007719482785041347,0.002859260256202002,0.015938909263383382,0.01372012028803819,0.022233419465881296,-0.004134101521175112,0.0002991321537243923,0.0028901247650810393,0.020487071354141614,0.0014602982159244082,-0.0011503926156515307,-0.026726548925512544,0.007989169888388992,-0.006480658864884988,0.0010382075636152207,0.01192792777345622,0.030452851414940096,0.003114067162929981,0.0007944988237502991,2.5245733677777514e-05,-0.000879200533374219,-0.0059406697537748845,0.013202889548245238,0.0193133505430339,0.021537902301861117,0.010237500898396323,0.012307963906246954,0.015165268012412005,0.02044772273193463,-0.00814944728266953,-0.004718533034348322,-0.004043010900205385,-0.0014440537193748217,0.008721432559689888,-0.0070503325312008735,-0.0026457955041658135,0.004752311789794484,-0.0024501167135766782,0.01770357350572707,-0.01067608941450908,0.002913598888200979,-0.0008303490772607136,0.0078102551159679465,-0.0050039655729631595,0.015718576723390575,0.004729896384519209,-0.0007022336750581058,0.01711968898923547,0.017825840130144335,0.019664510085029667,0.019167195471098714,0.02381410216779074,0.01454402007973009,0.0074331647461168765,0.016409604616833592,0.013616209768274351,0.010826891502960104,0.0025225186560481174,-0.0032516386099234714,0.0061380004452487,0.021454616665781866,0.008408524773121425,0.011067495392516403,-6.584047236750899e-05,0.02128511202214569,-0.0031023031666101214,-0.0006357959550360543,0.0026328443306113235,0.008440278631101566,0.03411723490847796,0.005848525904403973,0.020810875955990977,0.012986134269088099,0.011488875766098756,0.016839359465615895,0.015457102578814805,0.006049107128600764,0.025072605281091755,-0.0010683975925232297,0.01183326645349158,0.007374652749595021,0.00807835800342141,0.006725961443225302,-0.0049482724004238565,0.008343448750127212,0.01660356383514741,0.0003879324037219505,0.016870617980959873,0.014615748646080343,0.01095694553922669,-0.0016555693382372507,0.006247488108832979,0.015421284665906417,-0.007584347997338038,0.015609181773821413,0.0037498909294062,-0.00022228143654804116,0.020117093444780524,0.009020605374857098,-0.01356884232996039,0.008790253532849962,0.02159785488609705,-0.0007046712651386745,0.025014321623447848,0.011820749060454338,0.00713924490819248,0.012708236589540607,0.0016359700419888582,0.024453706176684534,-0.005494631340489354,0.0029243456917974267,-0.0014451222775251878,0.007379648974656181,-0.0047404644726578285,-0.0074332499974282375,0.005702302601711544,0.014203368966972794,-0.012673594962630607,0.014860828002173962,0.011726170868819372,0.01283172545997363,-0.001166389962405691,0.012417108465137976,0.0177025657904375,0.015292767348032636,0.014967480876977085,-0.012163970874701578,0.02173163377123713,0.0012514458608053622,0.011826299039768576,0.003046738128538888,0.00794388179000212,0.007981946708135212,0.022940735869014843,0.003968889540402226,0.005248897174340589,-0.011933053738740578,0.005118504582412035,0.02844132738800982,0.00716279951912765,0.0044954653373057455,0.020788493533367876,0.018454121399928265,0.008048636895726956,-0.0003031478799835202,-0.006805089080059108,-0.009554117919627233,-0.0035501423577245306,0.0018946687660176646,-0.0019324789774987873,-0.001117467814636842,0.003505001589146864,0.007976904472538578
41,0.007982024444740981,0.01279647696564738,0.004958744416418927,-0.00664711564146142,-0.008597961203546379,0.0016467685155054273,0.015515165664307426,0.000880343960776183,0.013064036700721197,-0.00047177969304103024,0.017952153801100393,-0.0006986761983380271,0.0068238800168899695,-0.0021090753952897204,0.014764022000733165,0.016374352733065027,0.0024875633233332048,0.02814195917017873,0.006871141421023082,-0.0006426519666329882,0.0007025293864285527,-0.012387446025170199,0.01659489733941732,0.013587093435836334,0.006132667149680442,-0.0008121727461706581,0.021384201790768276,0.008287543103298742,0.019885459239460796,0.01048639055416538,-0.00185516671966996,0.002763476052435178,-0.006528219397176409,-0.003555971130330459,0.009657974466026717,-0.005059655061087311,0.02436461983396266,0.002958797271914446,0.020022036397377894,0.01734881990622695,-0.005014222954410181,0.0018077414962832947,0.0015956746920707306,0.013792397609684714,0.0187707082469463,-0.005875646335754996,0.006000543574657444,0.01623940139755072,0.005945085270427387,0.007652127216434939,0.01275357003785927,0.01575948197551957,-0.012695938272845635,0.014675725662468605,0.01924651996425521,0.0068921136845260505,0.005768895644527877,-0.004591593318858546,0.010138131541119002,0.0030687245632332006,0.004738780230095842,0.0008838765194973267,0.027744056725295257,0.0066888594053095135,0.010683315911751357,0.024077955148775382,-0.0014342263951206248,0.00699543716708936,0.0023186404663519964,0.005814536660434775,-0.0031769261022915668,-0.004184854815628722,0.02185017908702682,0.0038446035675537104,-0.009771797498686171,0.03259600272473047,0.008965825012632694,-0.0056458218790577325,0.008089612335170266,0.013913463916251798,-0.0030301532767906094,0.003495504675171022,0.028568027224403394,0.018446607601948044,0.018216387546604183,0.006093108122593083,0.006966857069318906,0.0030617622957239167,-0.003376223503979551,0.024294166052416005,-0.005085720736537931,-0.010127786242650396,0.005456247466585149,0.00787188696452164,-0.00963621623913635,-0.007697307652010662,0.007797875393593579,0.013811400916471095,0.007830429423075942,0.01730690052932362,0.0004147109576282662,-0.0024707619199016073,0.014396896563704725,0.019698875763235674,0.014709650606374563,-0.010040916417686025,0.023506955572402982,0.004721489316059111,0.00251158535073425,0.0047008718796577,0.008541320464528334,0.005788835219073841,-0.008940011814174666,0.013772979312449203,0.0026599626776270518,0.0007649025241833578,-0.0006685811414547946,0.0011325677468283744,0.013441798940699275,0.01654752785865654,0.01766157120744306,0.008691688128212104,0.00015413465144729563,-0.0046237624628863916,0.009507381380741302,0.02565793464277755,-0.0073313361996735415,0.012476929967037368,0.004225103704113603,0.0054692406685091215,0.000802824512309697,0.0008080894243096895,-0.010691087478580164,0.013398847183645679,0.0232045688782496,0.012716980586886488,-0.0030579074533444986,0.006497444637630988,0.005789349552983283,-0.023996324996346123,0.005065475298127728,-0.0037766593936305543,0.0226942060934021,0.01348782388974987,-0.006426221663378354,0.013608025991449432,0.016032957658702135,0.011285460508305785,-0.008976661233694765,0.0024706243504687316,0.014525210741402835,0.017263336675235365,0.009533936546097195,0.010550128853395211,0.013989138804103626,0.010979059079358245,0.0036150803317691405,0.003974147251903582,0.015482862708278339,0.010855271264797139,-0.004025610433837785,0.004567747007678251,0.01813311304201464,0.0037031810505215573,0.0005624289153199008,-0.013347211874613352,0.010520224603968224,0.013113803575279985,0.020937154646028477,0.009058742950768764,0.008583825727987873,-0.007743488320672874,-0.008555880905176304,0.011708524773716837,0.009242361302325851,0.01127507050335562,0.007854541185814743,0.019496376194381364,0.01568487721849511,-0.002846037939878231,0.015192030406241876,0.009278442836128257,0.0205378056469639,0.015991566671646588,-0.01848148572342031,0.004495852262100504,0.00831096635022506,-0.0024718607457392275,0.0024120306885349442,0.0029199099638253664,0.006526149693107114,0.004052401181314157,0.019208313759655135,0.009869497579531672,0.013657189827177143,0.0009285276408602019,0.009424217137181515,0.0010970795793782424,0.018615957789092936,-0.0020641853768334105
42,0.00769655383493633,0.012580754777180876,-0.003560648909236043,0.006212201767440724,0.016594432515115796,-0.0002929502871160195,0.008099512376319978,0.014088796725228767,0.009249771262257846,0.011887980113658535,-0.001091179824302773,0.005401905562389617,0.0070921395691699645,0.018059920660459503,0.024100807851242367,0.012566475458172417,0.0176657907360705,0.019419182413194753,0.015865816524840922,0.0007643785424763629,0.015853002361095724,-0.01578208697227144,0.013417237186739376,-0.013200997851690943,0.012531813592605976,0.012881927422976006,0.00895951116744928,-0.015505749267821934,0.005104570312352416,-0.008221853861332944,0.017184948505359936,-0.010148305391163966,0.00019668944801648144,0.012003157016951073,0.009480838674600197,-0.006546234113574446,0.004821225342455177,-0.003347641772886955,0.019766782238358663,0.012005881745687733,0.006752111976637825,-0.010103893781657491,0.013018017923763035,0.02203017044164219,0.011412182999937551,0.023797936642619057,0.0042056828523132405,-0.014571402782417059,-0.004595452105455329,0.0007977415570050612,0.014100946267558492,0.009029749350377272,0.00887391769691261,0.013543977748826784,-0.004439696924093306,0.013618501197710967,0.012898183076726015,0.026192499061303175,0.01754897377850246,0.0061486700380185945,-0.01621038447136789,0.002181954852664412,-0.015232295600748128,0.0106104676316442,0.010100258144344858,0.007188631513480684,0.0012050374657516663,0.009341033303277325,0.021468258248378565,0.01310363139140519,0.00831671178965572,0.01644818562348198,-0.0010435998334533377,-0.003867011259153099,0.01561560295139432,-0.006723502308596699,-0.0031233893157775654,-0.0013042106815380344,3.517079071057444e-05,-0.0025289868784697843,0.005769500966811396,-0.010897508630107931,0.011740387630196018,-0.0016160314048451491,0.0029978215822628403,0.02111152446273308,0.0073750510180390265,0.012353612733816235,0.02256370781309755,-0.012490505228908998,0.02016394629581882,0.005630048375022211,0.005202898397743513,-0.00840916758445506,0.010351027310079851,0.010402181965827144,-0.001727834857906346,-0.0073247724369516565,0.02129267504097503,-0.020002619560928647,-0.004832285609775471,0.0074105779591080445,-0.0046819173859387045,0.002781257073818741,0.016671245689460143,0.002884303834930987,-0.004984338599779013,-0.005425933482368999,0.00012966275051067705,-0.009083450493553462,-0.011481423322501644,-0.00193255199464034,0.002028489128233017,0.009084636550036052,0.02505306676389393,-0.0010638342994061835,0.007921038205145395,0.0044722766299825365,0.011098483444782344,0.01637449758688909,0.019387761883097314,0.009318651210979901,0.008850773426229752,0.009946278349918968,0.01277393703810687,0.006215668720226349,0.012473599149677127,0.011095056777671045,0.008547741335627211,-0.0070135990477973925,0.005414873559021188,0.014241564570146675,-9.982690542123009e-06,0.01068286056219648,0.004178268760189001,0.01276562278782893,0.00961914231503224,-0.009561856956528905,0.009812432016757397,0.0004557778346668826,-0.0015842172794000601,0.0028723133404782598,0.012957286569756195,0.003933472207521607,-0.0024543495071259773,0.010434834253823438,0.009397728634925932,0.01793646706262506,0.0040397197695947,0.0016677966658468109,-0.0027954440228104725,-0.018128917949278612,-0.0009170669914529313,0.012869156943467613,0.02016532740299438,-0.006815749889457858,-0.011895076234245149,-0.007429042623901062,0.001227841437399512,-0.007883712528134846,0.01002591275394225,0.008823315781258119,0.0014931708629000182,-0.0017111799280874525,0.012374277187840895,0.01480346511104966,-0.01139107306111907,-0.004058830331261177,-0.006283052963721344,0.011836868269997728,0.020582063743905782,0.007881847993713591,0.006909541260940831,-0.0165540934477389,-0.0002443904871455953,0.015637933175489734,0.0003428290645317864,0.013786548952012877,-0.02600189177426005,0.00858638933042493,0.0023023069936297766,0.015179611361344374,0.004559667650511779,0.010145174158049086,0.017080264661258428,-0.0037943583139512906,0.014145906912422217,0.010065808990588024,-0.007376386023658772,-0.009973777060414857,0.013391354170097434,0.003852848611209202,0.013979215147505192,0.010107764066689989,-0.0022557101608952175,-0.010914784319496447,-0.0019087732771325269,0.0039793605983955375,0.015334634035707045,-0.01149523289043931
43,0.005327974119942745,-0.008187464688071227,-0.008299690997523519,0.009777783974271748,0.014623510453810704,0.014159239115151894,0.0016146125207240976,0.01847190625922077,-0.00782919806862224,-0.0016413094223498804,0.004226545043667593,-0.0026178561892827718,0.0015186747889355205,-0.006082417148311854,0.0027888361229941954,0.01904243103316222,0.005331450761252517,-0.0018715204375909277,0.01005283497305771,0.0048361514959590285,-0.014986870953441356,-0.008271250269679249,0.003867550255481949,0.0037997595831569366,-0.00012785186877349065,0.027693165975527588,0.005399331073346619,-0.023516918951872023,0.005938314485601162,0.01894841416937411,-0.0040953691864926735,-0.002263466553803677,0.013620764508547104,0.009230237239773694,-0.015555448835363243,-0.007323062396549031,0.0004988631124124262,-0.008780880740574004,0.001054699012372318,0.009408506700943599,0.008515578727237093,0.02189266103799339,0.023634495527986847,-0.005036877712458818,0.009931157580045065,0.016429748293184488,0.010150535860477532,-0.014362139028043005,0.014796281285703107,-0.011742391975616526,0.003748492347650011,0.01731570066173395,0.013935204803851254,0.012696609569331916,-0.013163464078255024,-0.004878892167656166,0.020704828725320312,-0.01322781174716614,0.0031153978260440376,0.0036218603768648546,0.009392438878049933,-0.0043556583038231005,0.006377798527270032,-0.0038106849326596023,-0.001622960113853763,-0.0006431010390298402,0.006434950291779828,0.00026435700071929854,-0.010540026733342433,0.009076747976828689,0.023006747197740398,-0.0176004000903973,0.018741634206556633,0.007549528014573202,0.0017966249111867113,0.01211341029333186,0.012909529506521479,0.02816510367247553,0.0180922890899108,0.008719000491806154,0.0022360813617003446,0.006416296228007386,0.005486342538021452,0.006770307275228356,0.004308259983026295,-0.009191295307186787,0.004825877895407124,0.011861380033142596,-0.0016344173486619847,-0.005479954634791874,0.02614371047587525,-0.013630916276218943,0.002407227329493829,0.02332307534717109,0.012296373755941059,0.016930904807558135,0.004556765712732174,0.023973918201309154,-0.0012386108646595768,0.017930288062749836,0.015620136221350483,-0.0019029938003189677,0.014000537633079272,0.016610716835611092,0.0123562883385159,0.017017724212994006,0.00338038845709958,-0.002183973959018217,0.022556922521146654,0.009344546088013439,0.009613139995062105,-0.0038178590611980534,-0.008179811273660095,0.008951049436846353,0.014310626397420983,0.003940528038077437,0.021535909948864992,0.007516910127813246,0.007436462696140334,-0.004557267670066005,0.0074074623225053255,0.0018780641704973042,0.007588792891493162,0.03388587898248546,0.005784983201162408,0.0009411692698041135,0.008333530212553938,0.006012413388704941,0.015529251840926813,0.009742973638649077,0.002834839804533522,0.01235843559695472,0.02620015371117046,0.012655732956113405,-0.008461273427962148,0.0027442298412265224,0.015614265299112915,0.001647717025870196,0.015216956375397158,-0.006026296703536275,0.0059125991770589605,0.002331317662835474,-0.012675385566377415,0.005323328827414093,0.011100141849842123,0.009989636663393423,0.002433720134872836,0.008446675513105805,0.0032467288419219687,0.011252739167120072,0.022000135919874042,-0.01139015693006798,0.005734580578331742,0.001628461953885719,0.012563070038352494,-0.010016830688970246,-0.013567766257115997,0.0038943893950761726,-0.008429168387540813,0.01439061405487468,0.00662642361814982,0.0008341750395746868,0.004836075190065531,-0.005326073108291952,0.008158822164703802,0.012805718645509185,0.007327916369959449,0.008057022042779369,0.009390545805114827,0.023642040690072592,0.012501663526231572,0.008702386840137332,0.016241519270503293,0.014177885332034769,0.005885565504346814,0.017092612655635477,-0.010487499297135027,0.03271841846662125,0.012305964729505129,0.003454004610515122,-0.006854125940386221,-0.0056769016342120854,-0.0005750154862809295,0.01342289836623888,0.011240254444933458,0.015935775790112947,0.0016179506694567456,0.013186843711865306,0.011480531731197684,-0.0016902334174051566,0.01116646443395072,0.015798386205670693,0.020639043917728778,0.005054581562143959,0.015418806437440946,0.001060119428630604,-0.012091702299639608,0.00826953616751101,0.008949505914476113,0.009206379950416099
44,0.00638348531548273,-0.014093911436711015,-0.0022258939308222635,0.009220427053688359,0.009009916844500879,0.004684689162563347,0.013615624932787763,0.011267591196964293,0.0042048815685300145,-0.003561862960826297,0.015432844648777026,0.023734817288677258,0.00020221803223984675,0.011125155179779144,0.017811773389091175,0.005320434522457903,0.012506135501734338,0.010072847109707706,-0.000188668634796209,0.013465779422587037,0.004811329716340237,0.020908472888522434,0.009614808979778977,0.005022300732606181,-0.0066801373895162,0.00656633398474388,0.003328231977392934,-0.007625133261620861,0.007704575759458652,-0.0010685209153844227,0.006070414668427524,0.009391942231557218,0.0011888720782414455,0.00768712770187086,0.02076105123923358,-0.0005516993080282662,0.010164624739883062,0.004735582748279188,0.002251193820148019,-0.0008784936053635095,-0.001453006767222465,0.00885706284462236,0.001582925661688429,-0.004641450086332223,-0.004589025415137796,0.011728234686925134,0.00017194318875975688,-0.0010238825478301435,0.001967951729630772,0.008219913546332908,0.0012819491127103308,-0.0025007360380712527,0.002835405676125339,-0.00038737647517810003,0.0027035162296628152,0.010490697888420993,0.009939986838910026,0.010671124510638907,0.00968487861910219,0.0004813161065767911,-0.00010341067382718238,-0.004565677327203503,-0.009123361396390542,0.0027392753765162823,0.01631539952267401,-0.0011549045281819513,0.01329087348504171,0.008550266527035874,-0.002644170873708186,-0.005009482570357144,-0.002717993288264535,0.02751525011934,0.00626170884016196,0.016341162118396695,-0.002150300939187416,0.016758771551214257,-0.001179393586081181,0.002807227402092176,-0.0017528701940344076,0.0050263079706732595,-0.003952943343241991,0.006334251318565706,-0.0011869591174592242,0.01162133698169359,0.016227811853076705,0.007438820613694625,0.004330392636861599,0.010543131674505381,0.01008724418804011,0.004009307321619646,0.0005362841993612165,0.01262537743222856,-0.012809430563809763,0.016656800297164806,-0.002576200775746775,-0.010157593986227148,0.0003393056666397402,0.014578194699716595,0.031091097016565563,0.0232870736063651,-0.00947520168275503,0.0074030950072692565,-0.005211417900898005,0.011094071019656893,0.007687947284762055,0.028138168281830574,0.016304462840080754,0.011280254001423021,0.013989772029306118,0.008994911907768443,-0.008663059925765599,-0.004588521892782001,0.0246784114475864,0.004587130468217455,0.007666153688406481,-0.0018239540823441515,0.00605178993672313,0.023412411466957127,0.0007206683035428812,0.02306012307991735,-0.0010245231270344995,-0.007928669723875712,0.023208281517570997,0.011856004128399062,-0.005193447654712432,0.0027056296597160277,-0.010126039561038759,0.012795137426799533,-0.007672519755197341,0.006349428411867157,-0.009604053977813115,-0.004400292075018342,0.015465812314647626,0.004488276262745414,0.019533938847931125,-0.013785547784415486,0.002992191315627962,-0.013324930515302924,0.00935776703920219,0.010946886522613813,0.02555687532643655,-0.008574160729994536,0.0043317962526885105,0.007338095039344381,0.009967861232776463,-0.005354517354303801,0.0014472927955120228,-0.006048489385652282,-0.027120009368203326,0.001769428873110997,0.005055283557186373,0.004837429408572178,-0.00657618220760052,0.01685169984529745,-0.004471932420214946,-0.0029699799120541034,-0.006800407368328541,0.016291526172949072,-9.088043608611925e-05,-0.012236541800426517,0.013701125922433745,-0.007651555250015433,0.008125838831569207,-0.003577548503399538,0.008080496409751788,0.01298714001210145,0.009350909079208693,0.026903002901189115,-0.0025950416039188197,0.011173674249042493,-0.009337502412203767,0.0022791311142706383,0.01027418527935918,0.005298015709027373,-0.004887184211322884,0.0014282798783173864,-0.00415965906300546,0.00010914855594958486,0.009596856049635755,-0.006857921404121585,-0.006681556905184745,0.010973403732035389,-0.0019366000663795478,0.014240765198307396,0.008089912151361758,0.00036964988313161916,0.002981693622321228,0.008728196392747398,-0.0031480964199915064,0.0017455725123960227,0.009892278928539621,0.007927378052771106,-0.015625660615115708,0.009518848222232687,-0.0033213251032695942,0.014409362702347512,-0.023270289392878694,-0.0003205626609357314,0.008821730153223607,0.02751170616717235
45,-0.0013974457840882407,0.00026951568577865707,0.0031581180091921615,-0.004106457384052653,0.01693065046864071,0.01494170701851614,0.005478618988751279,0.013148707333426574,0.0018306604101337037,-0.013376063796638608,0.003935080602273282,0.0130346544726286,-0.006658047289922735,-0.006017251841786048,0.016841012343055968,0.0035831568402923527,-0.0006057462904171672,0.016111040317169173,0.026551745526139314,0.022201734750420317,0.018918511447488476,0.007284289915155201,0.007371703757057188,0.0009567728988960486,-0.009441983033760403,0.00466095733234219,-0.011095193713646164,-0.0052987011694538635,0.00918462807053412,0.011984529861971452,0.00221748397609626,-0.002112170790660711,0.00924982748752184,0.018841757552731143,0.007278655977442939,0.0010234584402369585,0.008514911449435435,0.003284646300114398,0.008984829676994962,0.011918371004982263,-0.0019062431537756283,0.001531512434946845,0.004995267466381251,0.0050663894821837505,0.003734241362573894,0.00790488285811273,-0.005982268052941919,-0.005905702458857614,0.008277300289910755,0.014394134217482603,0.013869317156996465,-0.009943354480227094,0.004574585332618238,0.020741598470246387,0.0012233428590200587,0.0028498978660068805,0.0029758760701513276,-0.016165224024083085,0.013361493059883739,-0.00042927786571953343,0.004487855238473786,-0.01497049256311271,0.00029564706393399873,0.023064564211856032,0.001279057986385169,0.012766208848729687,0.0039041302200577403,0.016461831835435505,0.01295871806367598,-0.0053338090353280115,-0.006796856955319978,-0.008437550159993973,0.0048601318717760855,0.0051904696802498596,-0.0023497921935414887,0.014201991401102084,-0.003573629398053927,-0.007283639343375548,0.006997864335365023,0.0005650102618178551,0.001411227956441538,-0.006347869504477195,-0.002306636237879935,0.013146922999713952,0.003557298768244442,0.0037330349818337064,0.014963058476595485,-0.010013577146672089,0.009954988291207162,-0.0007014762919448675,0.014220511846241303,-0.009049825174970896,0.00341835348671424,0.018801369130084206,0.024170774574815024,0.020401495408520147,-0.008742606971514579,0.010683168542560476,-0.0027268504061073334,0.005094062701855206,-0.004951592552849835,-0.011396430456660634,0.00635184026286531,-0.00850612231447646,0.014585895380316861,0.0005953225120635675,-0.016018550134882625,0.011737487175999848,0.0015007101932722473,-0.003922429840680473,0.024227823663026504,-6.609118864883603e-05,0.008666450821205544,0.00892341589842749,-0.00714542814542422,0.00044463403520189236,0.0035017127805229867,-0.005030989949811328,-0.0032642074673607077,-0.006183757471033537,0.003144070272872993,-0.0006774078879478568,-0.0026182476277133927,0.006432687015127236,0.011393093515648647,-0.007761145605324383,0.0012142807844904868,0.008447439156959778,0.01572980295790961,0.013874845565342712,0.018644428662612594,-0.0030994006383425646,0.0029769398536493774,0.0003378578681478496,0.0051567106976384,0.0024904226789825828,-0.013785914214233018,-0.012102095272218642,-0.0019751266447934003,0.0046421277122186315,0.024882041932526487,0.0049436884738068175,0.004215576731818695,0.0188165889101994,0.002904006055915377,-0.013641362316922106,-0.009683482053377813,0.008365251675060135,0.01978706369649663,0.010826227738196598,0.011047867037341166,0.007387257409233246,0.014298899508715676,0.009011037519224557,0.013615660719418464,0.002545928347850563,0.005794579580528951,0.0070668239188392285,0.02022091805107876,0.006381255425212409,0.006075091083850842,0.01330390805433314,0.0022250823302656037,0.0013334809540820987,0.013268379442820409,0.006533022897217902,-0.0032112979784815906,0.003970807640351098,0.004288635061864575,-0.0029886905579810624,0.0001589370791396055,-0.015530019390629415,-0.001317600145237355,-0.010378310323693112,0.02254296696078376,0.02245276880517577,0.012597738583843653,0.010748407607747715,0.013170532179751435,-0.014915301315290333,0.006847512160445175,-0.0034310571376194826,0.03732669962145355,-0.013526714517201414,-0.005257283926708146,0.0074912551014390885,0.0005872258645118456,-4.482372238861186e-05,0.0008784648101632314,-0.014375955794586245,0.005801832111581392,5.986640268182105e-05,-4.393915078072233e-05,0.016600514306548735,0.004432530692764181,-0.0064967855422994845,-0.012610546064798429,0.005778341210406546,-0.007560293241371849,0.005190933981382123
46,0.0018816750701170792,0.0038719089352256715,-0.0007059229845861404,0.00879954413370885,-0.0050350122824727485,-0.009967649013784554,0.02567065740515616,0.023779371045633123,0.0008034628887322649,0.001254345827179241,0.03740694558649924,0.005172882238136638,-0.0081196936968351,0.0054319757695316835,0.024754469990890655,0.001007621453522279,0.0053263941757557024,-0.00437182652682375,0.0015921234675159038,-0.00635163899227488,0.004939209318640541,-0.008360256868665457,-0.007937986084577905,-0.00013644154421717453,-0.008862040739500903,-0.009225412865071926,0.0007009752679493059,-0.004216560309054174,0.005099195041175524,0.004354996691332437,0.012060458236510656,0.0017234276650422088,0.006730971162616202,0.000403489533019974,0.007778079523746054,-0.0024137745954356748,0.011805043869619242,-0.02137211345969267,-0.00033633949569440453,-0.009908773697109696,0.008487928213038691,0.012353497760174926,0.01111629316904488,-8.539228844030473e-05,0.011682901687334981,0.0005799770556402704,0.002665888776919207,0.0040625636881668065,-0.004970189898272933,0.014826650278630218,-0.01471792458855254,0.01582459169070998,0.002608938093583035,0.000258070187524489,-0.006784483896500918,-0.009270487082584891,-0.004137236205291507,0.02693843459519529,0.003915913988942745,0.009540594361718233,-0.01334725356372074,0.011917352326488419,0.01224881965011047,-0.007580376806900498,0.0017203523675178016,0.00680535282591373,0.008184901711469796,0.006391145129373277,-0.011103392053506994,0.006461581168966465,0.0016699999342890386,0.01100935498148626,0.0009544717072535441,0.002496366071300495,0.00909410238481032,-0.007414965672870796,0.006781377660567964,-0.0009115140279224256,-0.0025443735621549367,0.013522833376849374,0.0016398978887148027,0.0044835115768917765,0.011450498125736393,0.011950855979402271,-0.0010594561230402142,0.008703116443756768,4.258835567853619e-05,0.003250862036641282,0.00869809076966611,0.00793864455423394,0.019097942013506,0.002813415890342849,-0.0050875637650390475,-0.024841804287685343,0.01334110434156093,0.009748714841680595,0.009653207721916019,-0.015590142242369678,0.009570752239800072,0.017607454574019563,-0.00034430525719839414,0.006503554239628663,-0.005560277988849558,-0.00783872055896033,-0.00023676592059807032,0.00872027425952153,0.0012659389019421625,0.014196434229801472,0.0057903429762761,0.006750004661180161,0.014854013030087848,0.0070258936785466235,0.012318797316775645,-0.005441885371009101,-0.005303773447653868,-0.011525341534981848,-0.0005848134537141292,0.0031199323589610095,0.006325254032832349,0.005452378176480941,-0.001400410541394451,0.018090500606612853,0.01432605933021424,0.019878711077489963,0.003982304863407315,0.0005132172048755101,0.006443472525886547,0.010470160154239605,-0.0023495859349296415,0.00835335934086381,-0.011534851961987561,0.019765667867587693,0.002596915024937138,0.009804067819273354,0.0029864175497946,-0.0015867429143119273,0.0009515196684739846,0.008336470557940418,0.0008989585467853939,0.0015327674692738285,0.010380599689789476,0.008950846672288338,0.007452876881701534,0.013943433532352662,0.011615333394769042,-0.012080181827560444,-0.016196349290960605,0.01401855771882773,0.009410337508529628,0.01145699872753603,0.0009702845257920471,0.005690313928632595,-0.002114490420112809,-0.0017617848426730435,0.005456405749803522,0.0010116081754786704,0.0010504256910755152,0.007912321143494369,-0.005543209441825354,0.006018294867118226,0.007229538899718712,0.019844582939686682,0.01095111731617981,-0.0009382624699112384,0.0064612636149925205,-0.0023038553022722784,0.01369238025642518,0.010048310281591822,-0.004069946733113837,-0.005965173460502338,0.0028168844573601185,-0.01944370123444024,0.026451782246014324,-0.014303141879357502,0.003346156832567793,0.014853114123003408,0.0033593632402360626,0.009695418088053187,-0.0024233280296255565,0.0008197737118092658,0.00418112747586101,0.008218564417716541,-0.001922532861849823,-0.009314393149980157,0.0008615287766666913,0.006128450374923382,-0.015163294410848967,-0.0007637687082584885,0.008150965153350209,0.017299255669318083,0.004061737192690058,-0.005006422404635627,-0.003220111045045634,-0.007055634963058038,-0.008563243325641871,0.007455636245714983,0.009208356202805173,-0.0049217700428977745,-0.030669230507178322,-0.0022690302067691656
47,-0.0015796075929565196,0.009953724953432717,0.000847096705363033,0.003901118174709259,0.006528067037718736,0.008375796935927394,0.01286329755300265,0.004266153005321164,0.008987232820593927,-0.0014891059326263534,0.0035819626034578893,0.0012932658660151455,-0.009526146623222117,0.008829082900992926,-0.0011223690685812828,-0.010265048746891393,0.012036147664760403,-0.010106105150240751,-0.01453838895874526,0.004438235909636738,-0.0012468998433298626,0.0026148440511609404,0.008261361057342875,-0.01241429902601352,-2.449313858267875e-05,0.0007997358909996605,0.0063952931241649386,0.0022388070911319577,-0.004801770163069617,-0.011765441931586991,0.007826112968602012,0.0152833447315536,0.0016380415706679597,-0.003984117403618313,0.01153387302715624,0.01371790806758245,0.003022949830600509,-0.008106817956138143,-0.00571981264669867,0.011679604716795012,0.006321638556086834,-0.01083425051641978,0.01211136467340159,-0.022660139526738173,-0.008604652616147658,-0.013592998074507767,0.014789008534708534,0.004478711145761637,0.0031622906907393103,-0.009789511162115305,0.008716029771404947,-0.007058756648823012,-0.006489068307140246,0.011083892618322395,0.004749174997689785,0.011491788921019774,-0.020172016299906302,0.00016753158645944292,0.02378151521980611,-0.008340311074360262,0.017519611966220802,0.0017612470627259478,-0.013203718192052332,0.010525478169683728,0.01160061892281875,0.0026550444533546443,-0.005620579019163515,0.015053646692488902,0.012080346925602413,0.019274115983337708,-0.014087274331027133,-0.010839542890242101,-0.012524756766376422,-0.00521237118888789,0.001177237830240669,-0.01031433165237891,-0.0037436192186720914,-0.011524628211333795,0.008778500187500558,-0.00457072614789697,0.00806592538036008,-0.005271596231108018,-0.015461918567850553,0.008678982886987497,-0.020829921077324055,0.00306720791499649,-0.00038427416673409006,0.012924111491061605,-0.011989946547103418,-0.00612800333292572,0.00884122552718953,-0.012001339175819546,0.010973400353856976,0.007358841076184957,-0.010210823596978735,0.0010207721579352136,-0.006305036766356622,0.012660841770473769,0.0026427721205695308,0.009843086493048674,-0.010360775236760367,0.0013116709209765871,-0.013456346651374757,0.01647710278350959,0.024873237297943183,-0.0025706185014969123,-0.005125379149821533,0.008675073497474555,-0.006621095335497554,-0.0035043957547670067,0.0034650187186713254,-0.007441930292307539,-0.008788647921428671,0.019920376725421594,0.008244085029965324,0.002734152949925162,0.011288862905355244,0.011113634220769157,0.0012753877705730108,-0.013376949060929524,-0.013874968995019363,-0.011410717693742127,-0.005112440648164782,-0.005225135174605891,0.0029327248955416238,-0.017928702145136737,-0.0068827580098413076,-0.02577739509079213,0.013953732817232275,0.009706693342195042,0.0018707830068559555,0.009681828125676991,0.00191563937347627,0.006204551188632932,-0.004570682370115242,0.00481341930221256,0.01476160935680303,0.0009446798584751863,0.005745387865684895,-0.011976724605092954,0.011966234914612319,0.00020516657483453252,0.00010176812773508457,-0.002922659655399521,0.007504849605742818,0.0024041972206939413,-0.0008037415023279251,0.009066593336238472,-0.001598964505345852,0.00537057169504734,-0.006233802909607353,0.01727915230023114,-0.008200322315843783,-0.013453401967355054,0.01051542960020024,-0.0033262357296738074,0.014495135023687714,0.004662541341705668,0.016874330533556664,-0.013053004098615269,-0.007266874451053128,-0.006128808417418084,0.001528537609948739,0.0040865538373183255,-0.012060366274000391,0.011108148796607778,-0.011010903369700861,0.01612376600081171,-0.003733383125919147,0.015756168484728685,0.0011504024263211852,-0.00193178551673022,-0.004088092052699149,-0.0028040788026534977,0.003462769881685361,0.0016200076160705224,0.0037066464583304847,0.005017307549583129,-0.009900503685792438,-0.027823319621558273,-0.0015475186498953917,0.005592541234817663,0.014731524712211432,3.1039003359978595e-05,0.008016559302504871,0.004038386273773171,0.003396474399285027,-0.005249945154892851,-0.003946219181486169,-0.0016189406441643093,-0.0009162431329096544,0.018029179941610442,0.0036974342061127244,0.019613541238490035,0.006324850645162543,-0.011048526518976406,0.0002305592826045413,-0.005586356169870037,0.0033157199605093855,0.022571622544713853
48,-0.013984388348699717,6.796898457212203e-05,0.006282269845129655,0.01976014528934586,0.013238858500308185,0.007504947439506121,-0.012065708287230345,-0.0057190961080954665,0.0015075114971201979,0.004553360470204832,-0.01190852028840124,0.02321448481399451,0.007885848457672196,0.0054633848221269515,0.004822293236073987,-0.0009339317197103094,-0.004518474559219088,0.005894114067276286,-0.0009924595499683862,0.013662770419267617,-0.014529266417646439,-0.0038910299656160696,-0.0001756609391202848,0.014569150996166281,-0.003759444473002002,0.009600786049380233,0.0007401863571896731,-0.001485305936887539,0.014714134266146648,-0.006380502425960109,0.0006170938128165844,-0.011778410092954368,-0.002762417017166536,-0.013775376762652133,0.0033664596089269198,0.010249151751664992,0.009522418156160978,-0.005010538933057959,0.008912998925475707,-0.012153300789006281,-0.0013741091196970024,0.00873556359873488,0.005335202896586124,0.01170917730103265,0.002626495161504785,-0.010398464439057486,-0.007935645517879668,0.0045567725382658995,-0.01932662623914689,0.010560763126429291,0.00021346253814925106,0.008773345140926281,0.01402531373206517,0.00875292051649553,-0.0013457459959405628,-0.006093353561278625,-0.00751008858394984,0.0010072317036858669,-0.011829105206880961,-0.0208914168917504,-0.006496153645234601,0.006114247370999084,0.007893096131120374,0.010463255966224801,-0.007397077304240062,0.007457319713935736,0.004664428513763708,-0.006359988544703973,-0.004870306865253701,0.011434022912766096,0.01157841724044785,0.0018131515504909242,-0.005931007677765875,-0.014733753726593852,0.01133886495368883,-0.0008043731759047024,0.017003056806712123,-0.0049616273901568015,0.012937094192075883,-0.016417631457309845,0.007143066849635009,0.005910632449277852,-0.009482790556505956,-0.02035439882668206,0.00931222386252817,0.01092485886125628,-0.0017892602072936007,0.021072996709678896,0.0007280732997161253,-0.0074164089415814215,0.00804047023310162,0.012399914005639815,-0.005439315220972009,0.014060680047519947,-0.003568130677646255,-0.01652194553217564,-0.0003644753875327359,0.014934655570777592,-0.008708149630218955,-0.0028418775564330156,-0.006607134370389064,0.0005720482642363729,-0.004229498121842,-0.004198275475902297,0.011066992710406969,0.006445517456795457,0.01330817747787208,-0.011544150397587119,-0.007882636117327332,-0.0009870597673975307,0.015680388416803286,-0.00019243288057736946,-0.00562584925267063,0.015453240553832499,0.006726534740495173,0.014153568069744604,-0.012652474926435993,-0.007774118574801108,-0.0012546453807416027,0.002404745957190395,0.010079708305867754,-0.013896879678320083,0.014157717472049948,0.00876644070988434,0.010205769726426278,0.0003960733798945219,0.010522366721927539,-0.0016631421556192608,0.009217269970361132,0.0026721659639891157,0.0068089226931708335,0.013603475326247757,0.0006834802136534979,0.0004405331947177611,-0.004723419824119292,-0.004495139310112124,-0.006725980617186798,-0.007791665820676887,-0.0016006733045829916,0.004701879265733861,0.013567436536298596,-0.003900647448993498,0.00960196624519281,0.010590573322723045,-0.002714695557053199,0.004151853163143055,-0.005133166272667745,-0.01917774585742467,-0.0066857401962963515,-0.003534553050861146,0.003448089841033772,0.003882475851671453,-0.003290320809221251,-0.010464506550905198,-0.024533707441864942,0.011387915312259075,0.01525155939052994,-0.006705167944853733,0.007202006937603118,0.00030685364470596195,0.001871425085158162,0.004225190723284222,-0.002077174116018695,-0.01259041551645369,0.0020589741868297304,-0.0023511046782006655,0.00947971521244762,0.013227429545544329,0.018850156005842826,-0.0065034020640254535,0.01930393672752348,0.005329416447092216,-0.011731483681389876,0.0066268305521586255,-0.0039042327680054783,-5.5971282560680295e-05,-0.003960738846923014,0.00315471834984692,-0.0038549522830508736,0.018884975935644414,-0.0016685711088426213,0.019728604903577217,-0.009471395628201129,0.015440618726556317,0.015821711864387758,0.01387351124995785,0.006148908168611811,-0.002731522398360011,0.00022829795690324731,0.0013225026028811857,-0.014770320610615494,-0.0010942234204203189,0.011379258381015517,-0.0010545979251514953,-0.009870217755737395,-1.072846844656257e-05,0.002133775972981728,0.004138738225330153,-0.0021813395676326735,-0.006601322498774728
49,0.002684029791257673,-0.003701278535682315,0.008449509169554368,-0.0031688786494102955,-0.019954061378589176,0.0014601850929670992,0.012577736799220259,0.021368218529595057,0.009541243138347503,-0.019157033137383955,-0.005319658128058821,0.012356472095593889,-0.005928272336015495,0.008785874986431425,0.0026333480613276645,0.012145634769682907,0.0004527256896060658,-0.016762364981931288,0.005680834408528061,-0.013115226499064075,0.0059652147900472845,0.00504255779194532,-0.006283471170711565,-0.004163422718211505,0.00968327160813841,-0.02023797207578691,-0.003148631780028128,0.0017495770629354598,0.011948136314023885,0.008557776997529812,-0.0013235448103401503,-0.0015573808945334804,0.01387262205519899,0.019375589206703438,0.016334251961995894,-0.0020916433003942397,-0.006404290011350917,-0.017702517237425663,0.0002175379233369456,-0.00785045330730077,-0.013060364816742526,-0.004261454808290419,0.016335130277307007,0.0015196698585989677,-0.00595816741451711,0.00013110258160105564,0.0014755279212443188,0.0027783546155248215,0.015536902413718693,0.011216417689761381,-0.010809863083308016,0.005562656741236681,-0.0007622812407618897,0.013165572451231504,-0.002079220735790782,-0.016232655374615823,0.013795596635403409,-0.010784781931018365,-0.0022657441117871976,-0.006400369105580351,-0.0019711029112246207,0.023178613722983653,0.007699535509415737,0.009956065982340207,-0.018485745238077278,0.008063590662224984,-0.011191383562906446,0.0084574309357238,0.0019352120790404991,-0.0014718078906396435,0.004783502950951763,-0.00690167821378917,0.008233181570793176,0.0075537510065472845,-0.0047042554733015135,0.0015477937633097784,0.0002483908064514614,-0.00023726684373800077,-0.0004545218978913926,0.0014485908365044595,-0.004893841259477628,-0.00023876464554563976,-0.0028372601741949045,0.008837188334533713,0.008050898848201881,0.006944650036186047,-0.0022946735391081484,0.004601043797952502,-0.009440181968026021,0.009495831832571537,0.020559585528757383,0.009215186024939915,0.004455260977927525,0.0010901007775354784,-0.01789717050536227,0.0025318829803952334,-0.0008352501152980763,0.002569058866650097,0.0037559461812539906,-0.012425714427260835,0.026957857179518728,-0.016136073293753446,-0.006139771247567417,0.003736045914131844,0.010818633506825737,0.001292293068799823,-0.007062946399166875,-0.003390704423957223,0.009567751346158341,-0.005946158924438311,-0.00237188934494479,0.012101440326555052,0.009644394415832112,0.013727083983326737,0.010393693627048714,-0.0023629392396068,-0.002436057144470127,-0.00881343215581532,-0.0018392988863512798,-0.00891579529422647,-8.40517376874089e-05,0.013902514486684217,0.008769196579351112,-0.008308492036987908,0.006521869872266217,0.0002613880835796675,-0.003021542940045409,-0.012682422334896262,-0.006233174015733889,-0.005255977075476545,0.005437149147810766,0.0027192465240709015,-0.0031080164328362286,0.0005814588451251649,-0.01760761823000652,-0.009158894998936684,0.004304842028888907,0.0015696900415171247,0.00035171427278968964,-0.002208878526939054,0.011761120797908775,-0.0019645791711654387,-0.00632376552007757,0.009103824457303792,-0.006656276285566929,0.008642703297886464,0.01609492783935343,9.303154542170686e-05,0.013675807501784295,0.002091328019387312,-0.0023060795020616864,0.01933551853598727,-0.001065098251833025,0.008485952546226503,0.008359675915152152,-0.0007984313031249258,-0.003957446837672118,0.0020406366939282918,0.00970746767411894,0.010602261646534846,-0.002175179392742834,-0.010447990171305504,0.0027472540543558967,-0.006042749409857672,0.006356739609593991,0.006386749161726395,-0.0014822458322105575,0.0061202501134422285,-0.013381200141394404,-0.003006544704541956,0.011462961642475995,0.005464112473188145,0.01369240860257946,0.002957015854308514,0.005287388167623036,0.011706131719659122,0.006841159373305034,-0.0018223299441804245,0.01320527334396508,-0.009212429266875167,0.010739632710535522,0.011783100238479522,-0.011682879258948392,0.0117197625397009,0.0015785268320576986,0.003999265290887021,0.0058240090866085855,0.009730079534776432,-0.012179942105480256,-0.003847987831876681,-0.002219182830440955,0.02474323433418856,-0.0036254840829027793,0.004810565533029833,-0.0027412887146107392,0.00857622436125981,0.0215076686961449,0.01861361630040071,0.013873652125872063,-0.011534957247970037
50,0.014341302076276166,-0.006717039758183321,-0.007675870469004803,0.006989720776721496,-0.013864604599220058,0.013910501720964908,-1.867050533988228e-05,0.0015653214638131738,0.013235601271161402,-0.00975654992959416,0.0015896932736094902,0.003254756792255207,-0.01416478150642612,0.01344790624025029,0.00776778857323627,0.01322437726625214,-0.0012154794608955515,-0.0012261505262002028,0.004941879300714698,-0.010841065176028113,-0.01065716697534648,0.02864963492506976,0.017983871924432807,0.011336437022853406,0.022222143236974367,0.006874865027338788,-0.01170156511523144,-0.02386563988599589,-0.0005182493123062049,-0.00727668785805532,0.002240368786076427,0.006015839115449822,0.022987053622331898,0.012256415012661608,0.00910310782395186,0.012112613961997495,0.012863861440585867,-0.007560844946489181,-0.004384344078860996,0.021924023634560197,0.006174183345423216,-0.014662990827955696,0.001010326939812246,0.014200371389922074,-0.0053249118083204105,-0.01627302409324654,0.011592426269802121,0.018355246646703554,-0.012967603038382387,0.01196104598389743,0.001697427465776248,0.004695243145312654,-0.005910391414676109,0.011238556406744328,-0.0013346560012588867,0.02246208043817501,-0.005967849874070069,-0.02013140226607779,0.00024163321593826596,0.0017080197986081892,-0.005789621989730341,-0.00036448390965539666,-0.01036541009883631,0.0131525581256528,0.004751474506655497,-0.03517255001495145,-0.007830160286772301,0.02111008442540147,-0.00885131913888492,0.004442413417625324,0.016541501056339284,-0.006368560347194541,0.0026121366357396,-0.009295340688626039,-0.01321427678651645,-0.008563597486236842,0.015645320717648042,-0.001058921218099691,0.0029177384809450976,0.0036530971471140025,0.007345061656836427,0.010299034389787203,0.009389542056778126,0.01366005975992031,0.0030982111331064087,-0.009766987508999769,0.005775455985679967,0.006587914555158579,0.008906873124079905,0.006908697969670689,-0.00537909412991246,-0.014719278299912682,0.0017379494902492773,-0.0005846597892363273,-0.002491923560053347,-0.006776751457914841,0.01431745164353849,0.00825497690538049,0.011977291526640801,-0.008803028373359308,-0.012088864730694841,0.0074169083553356704,-0.012192855475642353,0.006607061587667487,-0.005516398981340103,-0.007927108024744878,0.0066264647888435255,0.012275408043187695,0.0034989646036384394,-9.212531496498072e-05,0.004065284697205598,-0.007583204222342186,-0.013472906977499012,0.010291295132535268,-0.008958370023278128,0.016499418708201402,0.009228704409726793,0.000544939978573392,-0.00716385552297372,-0.006103615632187491,-0.0026853673726852574,0.006553224220016548,0.015717516636723022,-0.017133110352436736,-0.0006236880652236983,0.007473392959005273,0.006179280024439286,0.005003945427327305,0.011876838080195492,-0.010230798546290545,0.0036182883059411282,-0.0027927734304937584,0.0024304445167068972,-0.0010648055071728452,0.0007110602466437156,0.013652942590458586,-0.001852851296925563,0.004466585457480836,0.007599905093261328,-0.0007657357397231712,-0.00668051619153346,0.011302834349522613,-0.006263074362556525,-0.0009946015519486109,-0.0022374159793131566,0.0019221439477003837,-0.011500425741956335,-0.008094601237745394,-0.005841298787636421,-0.0052344850211360604,-0.01025124842375047,-0.00803017848623371,0.005091968778397674,-0.01038179634935269,0.017177835571211855,0.009157057508725341,0.025360321102980525,-0.009249914359177097,0.00325109238568515,0.004645294582919232,0.007318966285197674,-0.004973579539214148,-0.0041851440783844274,-0.00702948793473732,0.005717176863749679,-0.0036011162649797015,-0.0030129638927849623,0.01063990569213751,-0.00260666222972897,0.005904968244392581,0.029709919525562487,0.010897971792592581,0.0008040653719150487,-0.009275717239697865,-0.009312445213273431,-0.007461069792421157,-0.0017544542001059153,0.012661549509081814,-0.0007449535285462151,-0.0039212876622355605,-0.016263985259565725,-0.013223174094606431,0.005461506578719643,-0.008596695645610275,-0.005757632896427117,0.006035590405085573,0.004046749590154008,-0.005394975031092045,0.01262726934066278,-0.01132186179581006,0.0055259045665525365,0.003522998445098944,0.011686004590446422,-0.0058443604188860975,0.006538365575836955,-0.003818338145559252,0.0042531073530681085,-0.001690058718517669,-0.0038340488424868312,-0.009384181948584305
51,0.008351403520962326,0.005612986859183226,0.0031881802452661387,0.0007332279838471747,0.0009831702294282579,0.016343301433756317,-0.002778983773288571,-0.006576193902722159,-0.009500578970839984,-0.00021128569681568162,-0.0027900178489390316,0.014984031970559766,0.00484566927413744,0.005805384228156987,-0.0002252507597003007,-0.004371230386886758,0.021705219135152935,0.003744056841727136,0.003788771740946141,0.01263448753325699,-0.003216005140240394,-0.012419960630355345,0.0072964010886517805,0.008317987569607624,-0.0006440660443171949,0.020175791061766528,0.004517581515290573,-0.0012315126782302534,0.019521499555267715,-0.010433162827686013,-0.015645798673309945,0.014252706060022824,0.008949544507116765,-0.008958978885950597,0.003238941064939163,-0.004609829776737943,0.005344967700772044,0.007460987105071544,0.01167346749870788,0.003240936944120037,0.00964484699827602,-0.005613719000829729,-0.01787182806820059,0.010027564536977177,0.0026705646353674343,-0.008689787767427837,0.003329207352356372,0.003872495520527516,0.011368101126074084,0.028735497574551894,0.0076577687717763665,0.007014723605030959,-0.005588031095668329,0.0030303566795674957,0.00023732231944031197,0.0015603841616977396,0.004032450500236956,-0.006472203464016138,-0.0014501336637104323,-0.01163306361300508,0.007584035352136042,-0.014572033334883175,0.0009637282410249605,0.004818928215471319,-0.004619007434755098,0.012660566703842926,0.02136232497447105,-0.016310784978770462,0.013000781692315794,0.0006843527732453656,-0.008511135297422829,0.011939408472650528,0.02149843894362252,-0.006409754793736643,-0.012978511763853538,0.00407300571824336,0.007919641485918592,-0.00262346377195332,-0.012102525374336395,0.0013917326061594344,0.025836571176577793,-0.002602581388511327,-0.013089853402563162,0.00996782476193038,-0.008141089199584027,0.02600097522674809,0.0034709466231179964,-0.0003496712280120708,-0.00643784354352434,0.0056499264347882674,0.015006252579594082,-0.015209503152465883,-0.0032459475048138807,-0.007164072959432778,-0.0012871502795516456,-0.005001031875286436,-0.003826011783602031,0.004932608540400183,0.01244545861629829,-0.003607141695655307,0.01596022228402148,0.010487152281405735,-0.0007157313906293972,-0.006732235534609616,-0.0060041208767454375,-0.0164772856426282,-0.0003233913302814885,0.003528067784486312,-0.00831212317116833,0.014138641504363138,0.008541952138358521,-0.0013426443661078225,0.008756467424453681,-0.018133821074270903,-0.004950765517184495,0.021287728070814596,-0.009196341612890055,-0.011235405116474698,0.008348117127869228,0.0003652585082243847,-0.007096052242153096,0.005963015676090825,-0.006896974990410147,-0.0005993177900465866,0.001927096580734038,0.010136217753712373,-0.011263350846506953,0.01307791576775388,0.00019227765246119296,0.0005674076823714857,0.018127114619335166,0.0031878911090645525,0.0032801594221344805,-0.017260234005902157,0.006569498105030677,0.012081146557285611,-0.0025859669713848583,0.004686400528831951,0.0008462687546025358,0.008218992527450744,0.001434171706415323,-0.0035553581684770567,0.008212033734349346,-0.010852832594684985,0.001574750532850522,-0.015332256591577526,0.0019269564735453553,0.009909575022912981,0.011776716804238134,-0.00410565122624802,-0.007857799438555035,0.01247843217708932,0.004853279694176695,0.01788907374301107,-0.005937181904611712,0.011058817154150778,0.0004799138191090089,0.004993402753635461,-0.00044333837068589923,0.007636282525037487,-0.024917067741639484,0.00775741187158307,0.011820089200703869,-0.0040640415266930165,0.005305267970110974,-0.005402984137201278,-0.011812011872320803,-0.008894242650230904,0.012506634802996928,-0.0007359787714873956,0.0007381693988569243,0.005719886346841681,0.00174613029425788,0.018685183889954153,0.0031206218806229813,0.009781633802822615,0.003858025494138803,0.0006660476662941782,-0.015047048977017984,0.002272890394886914,0.003287805216468386,0.002494140909133895,-0.0045881156009978784,0.007017796854420416,-0.006875720871912902,-0.01142678896731111,0.004325668981036382,-0.010800954341737785,-0.00794170746982521,-0.000701500412286738,0.033365936049824844,-0.02168619515654518,0.009573272466385629,0.006953624560022916,0.00048289189771401017,-0.002806570344085154,-0.01421916842473787,-0.010109865737656175,0.004661104871847935,0.0007903930770472986
52,-0.012807022014136405,-0.010520509917666227,-0.0030874852271541636,0.003466758916195746,0.005561602294057722,-0.0007828705343596318,0.004803946183612871,-0.008553624502230872,-0.006103879510386418,-0.013584046409208031,0.02079609521862564,0.011420603678869974,-0.004138824464333681,-0.013068367127146614,0.01591670776176783,0.012315903023596956,0.00345652741739281,0.0034076456076369667,-0.015616246175292822,-0.01786042166930968,-0.004798684203805279,0.00892283608025804,-0.012699065481404743,0.02001142951862814,-0.0022396166165657913,0.0026013118643073057,0.02494393716168883,0.012011040256165496,0.0031865332410123707,-0.000503004286655838,0.007532600476352547,0.005481510027387069,0.004238660927234238,-0.00457348069441873,0.005252877619191002,-0.008202134021784753,0.0011301907222448027,-0.02278552151181375,-0.006387695328896219,-0.01638555376754722,0.0036780979048844854,-0.00031205752346442624,-0.006245699625799535,0.014167595584229848,0.0014416622810069183,0.003715403047728304,0.015501705684175415,0.011703315968037536,0.0139743633935076,0.006985069497201072,0.012623086521006627,-0.0060656248384233025,-0.0009701371472955289,-0.010914057720500676,0.005133972752759855,0.009325223431279893,-0.008695121659400248,0.00366203130636209,-0.002649453466501814,0.007711690994319461,0.012966295196576792,0.00401800102828183,-0.001548882480922829,-0.0024306054158596815,0.0034864089852743464,0.01172220839471592,-0.0004774005954688806,0.012882084147223348,-0.0023051631187623782,-0.0028398175577187216,0.00299417629384951,-0.016705591176495994,0.014910071603900444,-0.008336169018364498,-0.0011241764378046525,0.009121640175042007,-0.004217210152875538,-0.006759596213176787,-0.006866052280683528,-0.007875310106593477,-0.0008888536882953354,0.005424758745480497,-0.000645551135265216,0.013672069142347941,0.011593976284611611,0.005441257827620889,0.0024946903005722562,-0.005316528180248926,0.009329164405017196,0.010477845689910685,0.020992684302408297,-0.013445757014081575,0.0038107984439348513,0.006654655906846148,0.003311034869337957,0.006648519753056053,-0.0022118104147857173,0.006022913045533157,0.008410965766349083,-0.014569969566626997,0.009011365048060445,0.00032257709026200045,-0.013739957671066713,0.018685665423138716,0.01210369878096067,0.012929209789731326,0.015113910220439543,-0.011985031693258753,-0.005298511214303306,-0.007122022101389168,0.0045309802080352474,0.011035241487139908,-0.01599373727108713,-0.00712753509000911,0.007152113367135348,-0.000885845862637436,0.00159931304501675,0.0098935292175582,-0.0016585522065890959,-0.012147446325862284,-0.006507651381727143,0.01783819795216735,-0.010004867562111795,-0.0013560711526769222,-0.00891832157452342,0.009528830725441629,-0.001302917987111265,0.007202805437958117,0.005542191527946955,0.015432550441736642,-0.012007033579668659,0.009770283311795002,-0.00409638605765329,-0.005292417223321687,-0.006033736791446276,-0.01401042167052828,0.005317255572959584,-0.00848904732023485,0.007862656313200461,-0.013683083954219367,0.016497666976339708,0.004710501064390766,0.0005590208332138515,0.01535807385400334,0.0019740366861905247,-0.010585064252579782,-0.0015146723998548618,-0.001247947555152804,0.006239509943795598,-0.0035649496081783683,0.018514266542294704,0.01452603297664836,0.022513521240235396,0.003618697996614347,0.0072172488936897315,0.023360901043440165,0.001457454701109715,-0.008398266498078833,-0.0013054606669236479,0.013899411128701382,0.003716014619156145,-0.00999496499031409,0.013246722043672676,-0.0034314375621492983,0.010553072985236635,0.00952255900255715,0.010550957034456562,-0.0020452534594975714,0.011529751214184635,0.010107764322300374,0.00022097554533057084,-0.0036257287800014575,-0.0045934083145798554,-0.0010823395148517106,-0.0005534232193349284,0.0014793443045432453,0.002922626598405474,-0.01231089714821854,0.016856343287873415,-0.008068243615812955,0.006291476823467691,0.0049351687560823185,-0.022002999171494706,0.0016023478110663045,-0.0010022299160033525,-0.02299592731918411,-0.0029519821347973067,-5.136044999579374e-05,-0.006112965474059944,-0.0073088733218130975,-0.002255920562989197,0.02462266688411455,-0.007724059063726366,0.011621693198603268,0.004440941307762751,0.011289756918717515,0.012315587411655605,0.001995397929232425,0.01746476611939264,0.00868767666416317
53,-0.005209263454111396,0.0088783271349229,0.000803440489072371,0.00432897791238535,0.02027976821014904,-0.004059801987742777,-0.003704595542596182,0.0022041377058486843,0.014958884305771723,-0.0018506441062724566,0.006494461511638263,-0.013081010635585958,-0.001720023477143667,-0.007842009141515381,-0.003668613161839247,0.0014641524230207827,-0.007799804740517758,-0.0007530154957890824,0.02082018380400987,0.0133611932335251,0.0014411789805577476,0.0033154686185238287,-0.00613503854864705,-0.009373259249894829,0.0050431011772630804,0.001203275914534319,-0.014458998956407376,-0.002463003085813649,0.018511298339655022,0.0010095248138296071,0.009641130889517367,-0.010206506025566582,-0.018305095406375475,0.00815359115243995,0.01091761394658907,0.012547883270670551,-0.010366480787988831,0.009321959267997719,0.004692271642214404,-0.0022068271928058682,0.019709638525022864,-0.00040753967732359386,0.0002532363577802763,0.0011592635671100495,-0.00981341948778066,0.013747806398890719,0.0019687970601832056,0.012695223725327422,-0.0009252311878077733,0.00631609314128457,-0.001214825583457776,0.005101003254091052,0.020427280074601546,0.005796775623877081,0.005339431877485771,0.010846483333209827,-0.010761399234928037,0.01695137019318725,-0.008505827587569502,0.006391917857205625,0.004056986243109409,0.009422672608884741,0.006845688467938964,-0.01223080961320806,-0.014133286586860421,0.0016023134128572306,0.009703872835176942,-0.00018506591813099364,-0.00802911838803837,0.014641024987030828,0.012322420486284359,-0.010081043617358128,0.018823997627154917,0.015075203866032541,-0.0065884412787290845,0.024812802843896,-0.0020626328666170646,0.009651120679001871,0.001145132164338474,0.013278163227214647,-0.011339041126472124,-6.750662011890279e-05,-0.01243618057851016,-0.012962731787105724,-0.010106143609379847,0.0005572693464634087,-0.0038324722710868777,0.0032563326433198737,-0.018096476776910897,-0.018312963286732896,-0.022876544290270282,-0.010046224989228057,-0.0013293064616871628,0.010750537494913108,0.00036485690000354423,-0.008423557108889403,0.012902590275106155,0.009813364294989664,0.014450262569460274,0.0038291345510854677,0.003898610567164993,0.01824293842170813,-0.01191122444913248,0.01436342599852966,-0.01995010364236883,-0.01061091365441294,0.008778020757691001,-0.009813189397610812,0.015279189590847573,-0.005738717365752862,0.004419609893658108,-0.02035233416784533,-0.003021065398349519,-0.015088118872571535,-0.012430470568867284,0.002732312795136407,0.009676694258933876,-0.0003095677078980767,0.014555189378761633,0.013563192490044366,-0.007409274260417671,0.005586003189518866,-0.017175175234884835,-0.0025416252672377463,-0.005937721525034502,0.033022955682070816,0.0017750604786319398,-0.014254520080911876,0.00014177649087608016,0.009520305499999722,0.00226268488123603,-0.0006826995827964139,0.014980430192622558,0.004664314983611109,-0.004836516867310521,-0.008521815082583564,-0.002307891137987219,0.006248476303381494,0.005783998209137581,0.008636603495929415,0.009076494681506668,-0.002989609452619597,0.007597576018609271,-0.006440289131696387,-0.001167516059466546,0.0033900033141556537,-0.015232109886496635,0.007666456821045175,-0.00028827844101894304,0.024212993530580804,0.0017323026228183525,0.017883403928184508,-0.002487688378242897,-0.02130429569341073,-0.0024470096299848976,-0.007476438691288439,0.002872329245626435,0.003098528582640935,-0.0015156944741933807,0.01440756932924319,0.011545882925457693,-0.009747660294419492,0.005499999281867327,-0.013043580362848082,0.0036982180331168483,0.003490983083530486,0.013131786223065165,0.006172357773901108,0.003124198829290881,0.004428156319083151,-0.0018430609764817521,0.010170355881985144,0.0010921419994776855,0.0018366083991395393,0.01088929269410689,0.003510973199998958,0.0006298567645618669,0.014070781850328977,0.008128098559056088,0.016482345804233252,-0.01091368173481876,0.012720790995888916,-0.0006968547894299949,0.006311556454881625,0.006563930376672308,0.0056563759782406135,-0.0023744131461031015,0.01522424437947537,0.0035890596210080613,0.007728300667008069,0.002077579084048078,-0.0031772930298049054,-0.004597009329624775,0.005091556996184538,0.019858221176791147,0.019983231497492537,-0.003145201658346244,-0.00941067472366043,0.0006584731326755598,0.009707158355786477
54,0.0073773539407250635,-0.009017515309114366,0.015261310562965973,-0.003895461813683212,0.003921493366504447,0.010686903073750783,-0.0034130185684368283,0.010208301833880702,-0.002840056607522618,-0.0022056205675767947,0.004348635580313979,-0.014735775111113576,0.0023721756905305306,0.008103313852223445,0.008595446267907429,0.01690030702494276,0.012720583970185346,0.012549524156796447,-0.014876789968161126,0.0030692849319828444,-0.004107503166010393,0.0022802376367341863,-0.02067606676952002,0.006078811441985878,-0.016474645933857383,0.02013410060782736,0.005382868577487345,0.003165624088095985,-0.0011130648691938378,-0.0051476184252695675,0.006209224566832392,-0.011260869849800795,0.0010848424769954537,0.012934134850730302,-0.023277644593776646,0.0008496179290713906,0.014033884093185206,-0.009767996986570169,-0.0015605344668570109,0.005596315701480301,-0.015970613286335106,-0.003229910097035271,0.0029936649596304073,-0.00510085498099818,0.0010414278623416548,0.003997646408697879,-0.0005479086292056099,0.0037050980866636446,0.01140494868342644,0.01500369233593543,0.0007782437721539445,-0.013310171771527445,0.005238230990718553,0.0009095023589220507,0.008651207232087595,-0.005233720939796013,-0.00874077546744205,-0.014677489635470956,0.006533689982935947,-0.0016350166677536993,0.006194147665262983,0.009003772793092809,-0.003383787786638711,-0.0014541857108700763,-0.006675819212984176,-0.0018433824913542255,0.007988145006918261,0.029681824912150337,-0.018287010078079303,0.0020038732256276223,-0.0034555230822585405,-0.009008407662108718,-0.00437767209652133,0.007864207437404817,0.012058249946896195,-0.008827476289556452,0.0009507694780472723,-0.0032619048669047064,0.007024090009212778,-0.00208568557138352,0.014685341390562934,0.003942044263031728,-0.006239657089242422,0.009142080146853178,-0.006675937764680304,-0.005905462338135705,0.014413429279710392,0.006670255916601935,0.013006925924261519,0.0106440003110586,-0.007878902035126827,0.022088506375715123,0.00565770300403235,0.0028140095043506525,-0.004068835052863904,0.014675197085234622,0.012719879431315377,0.002019588070814657,-0.010950727866028633,-0.0007458198874911118,0.014996050065859027,0.003794724329454718,0.0003293902769122076,0.019774716694755445,0.005624836979548787,-0.004532986286554765,0.0017006186678990532,0.016822503874209634,-0.004467502413577964,-0.003133585028349907,-0.01438666014851509,-0.015785849757066806,0.005038679796000027,-0.020114852609469155,-0.003619434895239965,0.009450107721914158,-0.010143088127738288,0.0020319240586360882,0.009966219730397375,-0.0003867849550516576,-0.0003005117400324013,0.005344927913254501,0.007010558661550045,-0.01414812211888781,-0.005435382635477374,-0.011579646858581089,0.013890160686434573,-0.02109878417873059,0.013896452313724534,0.009540700824643193,0.03229746987608872,-0.008654672716955688,0.017643289820441544,-0.007551479871490624,0.010477951452220866,-0.0037853451574143635,-0.009420740439707132,0.002537666987223436,0.017619301284706596,0.005444572546432518,-0.0018612132076017602,0.005490105540043119,-0.007870376198666295,-0.0004490961125861823,-0.0007571947878680272,-0.008056666273440417,0.008722339808727445,-0.007806836687822637,-0.0017504541773658573,-0.016779764650593637,-0.0019193403019988205,0.021089201859396355,-0.007313589711750777,-0.001461967153910296,0.006448920202171648,-0.010122628200847228,0.00302887600562283,0.014858301799868578,0.007666497065382912,-0.01212369557479438,0.021531352840200878,0.0033083339869167654,-0.00011332692578045768,0.010707558755713276,0.003078893402461292,-0.0002949330330330423,-0.010525757879792106,0.006817758209085021,0.028794162441226928,0.024015882653142494,0.009714476117300856,-0.0006332292777687174,0.006451158397834711,0.012844054886418012,-0.016079733043382147,0.021493323381163013,0.004748094689032239,-0.006063267380698557,-0.012366839485940499,0.013747318943302866,0.019715531117573837,-0.009912573920185842,0.01937089476687098,0.006865618761377228,0.00651467370452775,-0.01159942388484757,-0.007931335801570641,-0.0010241595005737833,-0.008543187418337223,-0.0032866760859426537,0.02594465985345948,-0.00044987582412518603,-0.010400850820574297,0.002303983401408316,-0.005209061929824677,0.01122224370756687,-0.0004891429166278547,0.0034701567793695605,0.0005942940363091387,0.014233967951143935
55,0.014155107514956446,0.007525411637879509,0.014537355084373227,0.001488173697057016,0.004565257955254727,-0.0091117934762162,-0.0009565721155076496,-0.002845455821751571,-0.003085437047135115,-0.016505933703312305,0.016293363018942568,0.002342650521531565,0.001434290561868487,-0.0014668552053927197,-0.006354950068583963,0.007957657672734451,0.011307487017152638,0.0005113812302913033,0.005809344533723412,0.012588241173189576,-0.008639134712668436,0.0046928017297055875,0.014943787948812255,0.0041371898615223425,0.006102556603859795,-0.016557094413410717,-0.016278783774273303,0.006246096249530758,-0.0006760085156220764,-0.0017991268367251248,0.002940572523416802,0.0016695215297269793,0.007547215003027804,-0.0077460656688355025,0.005335484815777148,-0.0003883875678566593,-0.0017974377378154457,-0.004186961106572164,0.005155478424556133,-0.0013682213449928834,-0.00615475406677108,-0.003816769517613593,-0.0029443104025413287,0.009263521551403836,-0.008540261487338822,0.0035144902891787347,0.0037528696592316856,0.018120419795777484,-0.01136232385136677,-0.009591006820707987,-0.014637194526525553,0.011199207421917493,0.0033018468144614195,0.0025659207019113634,-0.003566709148298571,-0.002355020304660612,0.005026019581510947,-0.01521217115720609,-0.00045987168900366395,0.015778211184436862,-0.0012078722446606871,0.014449930403904153,0.00011816083899750826,-0.005863705763113232,-0.006358330899139027,0.020739647725066757,0.015893568761424722,-0.0031185493885009475,0.0052215425385451235,0.009155464167922272,-0.02150993064202062,0.01862019328645581,0.0030004466053919192,-0.007929376713697278,-0.00014535581522378107,0.0018911239578697303,0.0007336170269071117,-0.011151567389846621,0.005124414278654282,0.005869777632696343,0.005204930090249558,0.00162651593007331,0.005957604831401504,-0.0034989832602964396,0.007256829993068165,0.018833666921553735,-0.022136949882304503,-0.009189949399519544,-0.004225637423585672,-0.0042135455025152126,0.012513414974426705,-0.00322165151370172,-0.008828461461965904,0.00029158785744598775,-0.012803201602739789,-0.012970653264582256,0.004079210575267323,-0.002582835971909743,-0.007772970642445608,-0.005374350139544871,-0.010488172738174525,0.014375765270573411,-0.002158780578459904,0.008743798501621804,0.0090211717492642,0.008977919749368476,0.016961688318671966,-0.002831985968184838,-0.006096512264570156,-0.014968911522901739,-0.0002477980678261126,-0.0017963828626605732,0.003845044608182448,-0.0043797559139896695,0.016509710607591613,0.016832936679847768,-0.0016796710001711823,0.004359144057202461,-0.017457258892610156,0.0032797019445931185,-0.001228970306009546,0.00245952553995598,-0.003241791695735554,0.005715744533840655,0.009069422645985061,-0.005034022931652372,0.009139507809487996,0.0027439267512923615,-0.013983360643327013,0.007881192740805256,-0.0075632301011403745,0.0047229833334159034,0.0050080831228289085,-0.003780907550043044,-0.004706909037244965,0.004801225470593102,-0.01126389572515589,-0.009212330418171077,-0.010408557450568243,-0.006599063450499592,0.0028666844679580703,0.004634700287654737,-0.01110865797407271,-0.0030256329765897686,-0.004671592353327475,0.01803636753614126,0.005720956745018923,-0.004056748321229739,0.007657854276298263,0.007188113018478258,0.0010073921766110458,-0.007361308101421585,-0.008979972762349037,-0.010594515914655723,0.0005682070253466439,-0.011054798711099626,-0.002310962290376985,0.0021869794828086623,-0.005347890574718498,-0.005176290228158511,-0.008925137300965452,-0.00663780256956461,0.0014322937832872535,0.018499257141143984,0.0002722617765533677,-0.0013329871143584302,0.011401491068617244,-0.0002756033483275347,0.016302198080216865,0.002288936258525379,0.005540591871101732,-0.00844350334965318,-0.0005741736219098902,0.0071965210263722325,0.0016079187528399823,-0.0022511683953702504,0.00578022340518221,-0.0010011688176443457,-0.011616264017346797,0.0017523229797748322,-0.00487483608392618,0.002451013501669732,0.009940065764311515,-0.010607928680156038,0.023764757789728405,-0.016769321726492384,0.00636116798135112,-0.0021304454354021916,0.007120472103585052,-0.0034359479793838873,0.008206796354167017,-0.00012372774959971272,0.016507797068271823,0.005770675113647662,-0.002809502443586487,-0.03015012122244952,-0.015480584446551633,0.0024515569739994433,-0.0026072556876024656,0.007090412708195857
56,-9.309910294276772e-05,0.006184747184624333,0.007312437166202188,-0.0074781037413288514,0.005832837687781575,-0.005203743458573259,0.007603246132635186,-0.017976685080562074,-0.0028600565440568253,0.010350261932258782,0.01978859547110213,-0.007005303044910881,0.012799387784522968,-0.009978195205137607,0.0009202092676563944,-0.017358763724336937,-0.008249590723930682,-0.000773699035113231,0.013326482750206916,-0.010466606053422221,-0.006234990135373406,-0.0014524479491256745,0.006724489976665933,0.012748140151853868,0.009911130700600596,-0.003683861376646564,-0.0013043547195147802,-0.0048961896570248655,0.010090612414741375,0.009043303692077481,0.009314328978165289,0.028436383500091547,0.005791614359817639,-0.014997886119515389,-0.000934076160718227,-0.001149196681906815,0.00881316653004815,-0.00029222382958910887,0.009497341767951504,-0.00772897329478203,-0.007348278651122736,0.011930761795712716,0.003332796792066087,-0.0013971313176715059,0.026083298223048165,-0.003990113452067755,0.0063131069455049545,0.0004302980984821948,0.00015096609252559427,0.0007940674603391461,-0.00414708133849591,-0.008419977670846287,-0.006279463984068091,-0.006715351862473318,-0.02550262391567917,0.00793194001200519,0.015096970791416633,0.0180232736572226,-0.001692078725585049,0.020067588270028528,0.007262313713729308,-0.0006941744410424828,-0.013946327163171898,-0.0005127192851567606,-0.0015801635176222342,-0.009725680533606883,-0.0010302526226210723,-0.0008391459741068374,0.010095879906222288,0.014213457033239677,-0.01515647657942137,0.011455645845544045,0.008707673039401129,0.005114078290962651,0.008711818292725649,0.0038881695861101165,0.004791246803166214,-0.010819978079544344,-0.0024801063187389347,0.010419083916414565,-0.00016628200629254528,0.011958143052213386,0.002364491904260831,-0.00692257969886565,-0.007789367634885152,0.001435410824915813,-0.004894667800742979,-0.011292563059412904,0.007101548789157701,0.00903470610954389,0.009186726250457525,0.0066821153362753806,0.004488726577677196,-0.0036609147285491164,-0.005817304382579958,-0.016320125357069178,0.0033187303524398228,0.012630910258499148,-0.023182405236487316,0.0015854428418604944,0.023468675386628602,0.012790884977414319,0.0172857445965801,-0.009225378163423557,0.0028840936204457494,0.0010827117232712026,0.01051801356350868,-0.002558799571066735,0.008177222148645776,0.003003755163352889,0.00601865661622284,0.005893033810360981,0.006203078365632309,0.0018988379165097125,-0.00014702904704786898,-0.0042446947625042865,-0.006142421687340615,0.023647469900684476,0.0014569482094179621,-0.0009650131639090526,-0.014821293006040959,-0.01685598813888042,-0.014645100232555242,0.011040676264451214,-0.0008255696704489691,0.0042364456320262535,-0.0065761476358483706,0.0031984763711060587,0.0001619943874317097,-0.008737849692117857,-0.008583264147386287,-0.008541757854870461,-0.00836792765666104,0.014563040627514623,0.010826508166651488,-0.002728380879979511,0.00014384324923735726,0.006202674599359584,-0.009728768973395294,-0.008194050802489142,0.013159074371383424,-0.00297889283936029,-0.004231203200375396,0.0002625391759541097,0.00874163215868044,-0.014194029194605854,0.008499279053515907,0.02045363677793869,0.005462044921050737,-0.011673319641465311,0.00013708225310289776,-0.025004311438991553,0.0010266093463760166,0.015305087851856521,0.0068165271185004275,-0.0021297208739809656,0.0033330565225949266,0.019375899596025932,-0.006271759893641854,0.016572727797704287,0.028620673965774612,0.016086517697778132,0.0017707692505470449,-0.0019056093030491328,0.007185559008663771,0.0009814475072411073,0.004077588481084751,0.0026484945026819537,0.016791086953579105,0.012960391163141335,0.002281983184275824,0.01784963564730822,0.026188552923303642,-0.007922629555700503,-0.00011126333953744862,0.0005718879159574424,-0.00013157883578326728,0.007762234211597654,-0.00015253110615565633,-0.013042274868175198,0.003778841360408248,0.013829891554582243,0.010818936073579805,-0.004887984467065453,0.009450310911084283,0.01352448691543713,-0.012368796197883941,0.00438991606836053,-0.005288330022024786,0.009152131265039968,0.009318321994221163,6.113527132524507e-05,0.006362611973118845,0.0008393123308465486,0.000541903995123931,0.007799062645627283,-0.005169680782039085,-0.01615520535571481,0.016778037078049902,-0.0052115541333580505
57,-0.012404600387831486,-0.0007365443749810977,-0.0012007553478468511,-0.012419364372672536,-0.012764615839904112,0.0005100953423316059,-0.0061045523523211255,-0.002387366681921822,0.001745248788491291,0.004757515598142712,0.009781169510306045,-0.0070859658042799955,0.007659450374951084,0.016153858914975536,-0.01889390875502135,0.010703232899526975,0.01733584308106593,-0.000545911658625832,-0.010314320069646459,-0.006714844713310765,-0.01153809810054922,0.012650852932713036,-0.02415916933406254,9.212739125967408e-05,-0.003968372549248158,-0.010971583140638166,0.008101396190845093,0.007646597576162893,0.0014699585975566742,0.01563645185356902,0.007720381933326616,0.0018281974742710527,0.0015254736349475328,-0.002670480234260619,0.013615539382917975,-0.010201557139456441,0.01247506096221222,-0.006164879452312342,0.00852847961217284,0.003349673797748697,0.012663833216610167,-0.0032372654388133316,0.020680518112990598,0.002313053080933563,-0.0001637722365527449,0.00296650076542126,0.0006613561566113593,0.03130274344515727,0.013955479082641544,0.014377461014413298,0.014053074060428173,0.01361450315563631,-0.009658597932217418,0.005000604546993299,-0.0009175636428454477,0.01650115028327361,0.007569201667854648,-0.0007192238720047046,-0.010515030369394373,-0.011515881804523445,0.010370838150397611,-0.008721086205472567,-0.015623968929142812,0.009285634323796099,-0.00562361329549419,0.011482422390857906,-0.015254349334676483,0.003926223413799209,-0.018467005910777063,-0.004050213838432967,0.008500715741752827,-0.004038686993503512,0.0023694749492777782,0.005343655895808358,0.001298238399588507,0.0011426538414897225,-0.010862525682733095,0.0050928982621877925,0.0021876296904304485,0.022216487994544343,-0.005226448025974556,-0.0012422987544585171,-0.004876187805696184,0.0017286819757251224,0.013114650893285871,-0.0021855335963850407,-0.022871979445161388,-0.007687972731737197,-0.0032480989979245013,-0.006866724715028589,-0.0007476547899872809,0.008618762599492562,0.0024258148392899263,0.0024187973107466488,0.012055135301433602,-0.001489566527682641,0.004184182493344719,0.012375168847212802,0.01704485756567447,0.0067737740344041425,0.015082015652191435,-0.00017816698332400068,0.007324844215789805,0.0018627081358929118,0.01665295882882153,0.015143880916194124,-0.016624988487496606,0.013121969584956898,0.0062034878820627515,-0.0030534655179630054,-0.00893888757984897,0.004099550276735116,-0.016372121435545558,-0.0012140125821298703,-0.0031185293921576693,0.011241231930279061,0.003236498285175186,-0.011628201024808178,0.0037955715176317254,-0.009112705559701204,0.006532038247832696,0.006037528481300628,0.019414713133412503,-0.01777645974024354,0.007291648487187553,-0.012376674080769036,0.0050787227502297316,0.013213660207131205,-0.004376962745396532,-0.005894245606071911,0.006660207737354129,0.016544075862220883,-0.011349502152688146,-0.007936922817767473,0.006448839411993266,0.014749557455787161,-0.005481449575235383,0.0032441362515968856,-0.0026342923820489948,-0.0002574821874453385,-0.0053153419273591325,0.005859916180444176,0.0007612152424585784,-0.0128439595339829,0.02256906338170178,0.001407764910950534,0.0008352357345974577,-2.4812958093140664e-05,0.012209620060107744,0.0037672707312223896,0.019720068872723675,-0.0013042527531822285,0.014315065009735955,0.01965266673138571,-0.005217235682401931,0.0009206416996560976,0.0039053531750323583,-0.0011483381921305906,-0.02226289166247832,0.007617175167922568,-0.0024129694145146917,0.0017842275681111803,0.012229502714707276,-0.006647022054397864,0.027058034177782773,-0.004534351873141765,-0.0018336011095613021,0.0036064677611168466,0.007196348808528879,0.004689559328835719,0.015085541982819356,-0.0010681598319218343,0.005144775178120707,0.016979514375614898,-0.005330164433571746,0.006887394584396714,0.004691861314227104,0.01754241738515623,-0.011088487037637883,0.004942625077836265,0.013554101361151568,0.012506853832967943,0.015458395309020441,-0.008679342939794474,-0.002956967247125193,0.0006934253232467235,-0.0012026995219607648,-0.0118010566346385,-0.010102330804429797,0.0038181686907106326,-0.0006314521239780263,-0.009707377567015221,-0.011970747982455945,0.007812110458178334,0.011347819460457148,0.0004648767736087711,0.019877758670930175,-0.0023547081061762467,-0.009617340710701302,-0.008319941014252649
58,0.0015551207580218772,0.003953420654608502,-0.004064000487431695,-0.010475583433831044,-0.003993182863427913,0.01874321284956598,0.0037466373838840814,-0.015895267450181726,0.0032159486076780213,-0.0010548673956364213,0.00433548972871131,-0.011119200080857488,0.003632226546668761,-0.018943541226160963,-0.008319518258482633,0.001850817955689219,-0.0036000578671385045,0.017171466513538507,-0.0130102703012455,0.02134001448923929,0.0009997460871083047,0.004542022019841968,-0.001974111318095382,-0.01982847300032342,0.008206524295728145,-0.01818614176547958,0.013016467922901545,-0.004981529284853099,0.015251658734925488,-0.006043897888025086,0.007356664990187199,0.015279277638630276,0.004876044946887044,-0.0030221937941347808,-0.001049929012437121,-0.0060160962325867704,-0.004098117417126513,-0.0018469945021166501,0.011864441447885524,-0.002131925288949211,-0.005853653832943021,0.0026664503327721674,0.0017179294285726038,0.005245048261905987,0.007128333690530887,0.005516928565465104,-0.019744171225432323,-0.0029169400431098653,0.012725515829202774,0.007599808661917731,-0.016381777358476044,-0.0048566902510689,0.00450225175051318,0.00937116607116201,0.0024780177727693315,-0.003060599948042257,0.0014750402920125612,-0.013170940935442825,-0.0018079088024372425,-0.0009001041718543502,-0.005616729717996186,0.003086776591186285,0.01706098904568171,-0.00786707417125983,-0.011638467870508857,0.0019001646953787526,0.00622522198033183,0.01697801573367345,-0.010680283112495052,-0.00918869675981873,0.006454784623333434,0.02128633478683361,0.0030682034699096783,0.002878255443000159,0.00047864252450979604,0.0189737260089939,-0.009408922899289034,0.022675859645247404,0.003791737532857644,0.009962235383296866,-0.004450151947146367,0.029869343951476855,0.005992652581027906,-0.0070423367161370175,-0.026698241688255613,-0.009428008851420588,0.015959309241259986,0.00122976207930591,-0.014774723890739524,0.010878349473753886,0.003186708922155492,0.007804370876632455,-0.009263062300940364,-0.001143988123232042,0.0017625306188259675,0.021539753500871128,-0.01836917404749643,0.0017185194154827736,-0.008541703389577722,0.007396761862708008,0.008069342922013991,0.00375502056187952,4.010356346602535e-05,0.009997634687608906,0.014844840702843667,0.008727071752972828,-0.005080177919733821,-0.0031571438946439018,0.003738140689986978,-0.012989919097026159,0.0060708926503543845,-0.006622348279425473,-0.014966109607180226,0.006376116382387559,0.005073178299951399,0.011661657558305021,-0.012345696324175013,0.009735744882602737,-0.005316926602612841,-0.0004767427179140823,0.006854379662629555,0.0049625630792836765,0.0082141324208117,-0.00486937887636408,0.025659394275982083,-0.022087724972369317,0.0066926206964684765,-0.004186590170364073,0.004083637392541016,0.005096095216621584,0.00967176127187106,-0.007743857996719557,-0.0035542228833774087,-0.010757995629795987,0.004479132917092832,-0.015376956576976625,-0.0053512667921058925,-0.00047423998707162116,0.009845965260116182,0.010365825287984194,-0.01930163585870234,0.009443545446301105,0.006107600888446111,0.003436036237996649,0.017747155663866022,-0.0068996248447971125,-0.022178062270780362,-0.0003320723336543552,-0.0005308774591162134,-0.00627077968601537,0.002020581454563595,-0.014655063749394324,0.0031193528723862346,0.019226049821226113,-0.006642995148525913,-0.008083868727897939,0.003175960880900847,-0.01829428900713268,0.003220359313904169,-0.0043016594478652356,-0.011270232689701332,0.012325328823972708,-0.006182630196711404,0.020994393644547856,0.0030864405703205137,-0.007435665640590609,0.003785983318283606,-0.007515191365571603,-0.0004818609953987273,0.013489615027659592,0.005899270332159997,0.006882416586816621,0.014551264676405152,-0.007657164708369659,-0.00019218048715407133,0.004125982822016304,0.007280035672802796,-0.008255314686791181,-0.009369120441273473,-0.011186864215053789,0.008366969221599926,0.0005474606081285186,-0.0062052624917316,0.001741719778191653,0.00499924145413399,0.011434210061706094,-0.014087813612901038,0.011909857896817267,0.010504576080541039,-0.003169944221763309,0.005401943964696087,0.005515950120091745,0.002067800244654738,-0.0013533986841781083,-0.0177270031062722,0.01888451379601481,0.0011904389255571045,0.022681183688100768,0.012089239156894735,-0.0037117866774875235
59,-0.0036942277924636897,0.0015249687997128238,0.013639580684419818,0.0002339628743363404,0.015857552844714008,-0.001304098521224524,0.01351710942795833,-0.0023228997871401562,0.00374367504172755,0.010149152147769876,-0.005649855011947409,0.004937750616953235,-0.002926711101443632,-0.01744351833168643,0.0007673455360669443,-0.008940072509621705,0.006784475170191863,0.00030690122427756537,0.013776054817137121,0.00934897652062989,0.008973713736822774,0.0027353058540697775,0.016876976708514315,0.0007397858249350691,-0.0033094608968582302,0.001294709891867642,-0.0034323901646193906,0.008472898728317066,-0.0048950615781689685,-0.00659571354993224,0.0043009312088511786,-0.015347739275803211,-0.0281249990330087,0.02279549360541881,0.003397859660797645,0.008730521911612863,-0.010368986009940977,-0.008244359822466511,0.019620201124639716,0.019180010444710963,0.00037849790792868264,-0.016745047538088646,0.008329040205247211,0.008279110939288147,0.006938664330920521,-0.008547395137974199,-0.003483629108057683,0.0025622377863345307,0.005127928695356549,0.002599071726181241,-0.01254188602473191,-0.00441368202133867,0.011197814410083981,0.013113407854248547,-0.0026622733623318656,-0.006073065400863829,-0.014895265364895771,0.007133091710489775,0.0213391696422638,0.0012721091826820722,0.00339656743165248,0.011779034781339556,0.015804176958354038,-0.003878430659508136,-0.0014762542886102145,0.003209158212454075,-0.002417013626390776,-0.008632137810956066,0.008652716367908379,3.8547920760356085e-05,0.018338434864788623,-0.009900117229326428,-0.003912420348520803,0.011124744478453968,-0.00672287570940463,0.009108712474114856,-0.0011991409050131846,-0.007736667773860041,0.009666366243137705,0.021248825855844082,-0.0152901580668147,0.0020920675420532412,0.0024875186155343893,-0.012879975965551804,0.0004980870154746008,0.009463635634459787,-0.015096425518387116,0.002852540294943571,0.005996861051561848,0.0037039429972117845,0.004216714389863197,-0.011464605017161775,-0.01921135565975777,0.002473102258168355,-0.004240750036483801,-0.01062816467763083,0.0023389485439822624,-0.006271397965483642,-0.004847643193646534,0.013052852373163365,-0.01068505830831052,0.015830078904528762,-0.008870171991940245,-0.0011887299239420035,-0.00403779732435054,-0.006156851038963836,0.00537737446631401,0.006875927959068901,0.0025087551675039214,0.007462716277248051,0.009627099957671139,0.002561280986412621,-0.008357443589706812,0.008025167647752027,0.013825546011093016,-0.0001529088146805807,0.0075797071829355285,-0.011766586304516411,-0.008407751538672958,-0.006942021953861029,0.004008103505253017,0.003789382347296127,-0.01260269392849743,-0.0018900780693117797,0.00023334403839430978,-0.011384329167474403,-0.01091741276783345,0.007919496067477185,0.013231195096047813,0.0038795657630551167,0.012877634814306635,0.003794788145603199,-0.005324540730147918,-0.0020594947652799243,-0.006407146098684456,-0.0022240882387958407,-0.0024220705068378314,-0.001539032973631808,-0.0025851321095085016,-0.025517824842175886,-0.00010945477071806482,0.007663412622384238,-0.007512919087811839,0.015443024180155676,0.0006634145397117312,0.010549515164326843,-0.012885356383459418,-0.003397516528235247,-0.009651236637443973,-0.006972597793433592,0.005204495791377582,0.00180459394347454,0.006636986182230501,0.006379753582755721,0.0029680021271387903,0.01213927552185277,-0.013090037869685453,-0.011265851523761267,-0.0163639883077526,-0.008435037771560622,0.0011260202917530034,-0.00031893459354967533,0.008847313278577334,0.011542323988650592,0.011859065875328208,0.006552761088695348,0.0012366794926013734,-0.001242335060886281,-0.018302649522332896,0.010420536836518758,0.0009570590779457316,0.009780494385179011,0.002370447041848413,0.008638208908394557,0.00428110092807619,-0.0036123557600758836,0.008279548716918975,0.000853531781491428,0.0025894300853527966,-0.005252382925919743,0.001461551474080402,-0.0028220403245678423,0.003875498930679964,0.0027185782630841484,-0.004728445257581317,0.0226061013472455,0.0023354791936695076,0.026580019917443205,-0.005439251765507131,0.010413237338417862,0.004039516267523104,0.007076253816508501,-0.006991821879048956,0.00399713958399305,-0.0065155094449102485,-0.016510920968940686,-0.014940082983941784,0.003517483632953042,-0.018857995619066287,0.005284119502843885
60,0.01580956719823935,-0.009571092299500067,0.027619052150079784,-0.004421178053047249,0.006143256484896626,-0.002768628804150892,-0.020191953980965953,-0.001649571969514965,-0.0008095147065552107,0.0037409173637703167,0.008135010840364217,0.018553812177710998,0.005524754990087939,-0.013044894469395316,-0.01400512433932519,-0.015435815799411227,-0.0032718433864810936,-0.023362383680801107,0.00259712567872981,-0.007911838779783442,0.019029965137862176,0.006059309330493694,0.011123028134555,0.008626619514460834,-0.005883045373455593,0.009622533457383653,0.015473634677773563,-0.023225254595431157,0.008810002267279732,0.019584602544093537,-0.00036044719117402167,-0.004202591167711601,0.012705343221093613,-0.013165679376427649,0.0011089414636080291,-0.013723283640542388,-0.020745512205769888,0.004876797202702599,0.0073913211647274255,-0.002676741291484208,0.006478484905569988,-0.0037445381991362712,0.0018099882395741602,-0.0012014246600611947,-0.0017787026759990496,-0.015154832114580644,-0.004999524928287659,0.0010463399308499044,0.01856470957103461,-0.00046366648942326857,-0.01581089804585237,0.011623739562079233,0.004610933336216916,-0.010907671576517433,-0.0013926012268645944,0.002111770345224727,0.006133163418782063,-0.014047225430123341,0.006273902547493399,0.0035672677863282966,0.006830878523138264,-0.0018272797596686657,0.002778386901786626,-0.005770719094617855,-0.007173831027622753,0.012581073266033214,0.019067933739261477,-0.017167575423095,-0.012104867208904049,0.007339102292273771,0.0005919447602321945,-0.0006441449124657684,-0.004123857964433302,0.013579667290642852,0.008408222256222894,-0.004023792691498206,0.014728712997026857,0.016258717789589254,0.004192430059591903,-0.010948814392303972,0.00468005848555226,0.008344651871118259,0.02432086816160531,-0.001987515477741308,0.010437093849234748,0.008595634858144298,0.004837045633583988,-0.009343365730924492,0.00767845758365252,0.005639112129974192,-0.005054851198782818,0.007051861343523398,0.005858800989417152,0.011623109975783112,0.009947755406068692,0.009173501042393433,0.010743163368885443,-0.012386752694426711,0.0034319964126153383,-0.01148700425801429,0.0138218476357024,-0.0011703938309279498,-0.0036740082295736243,0.011826734063122702,-0.026164722730603333,0.011565148814272062,-0.0021694809370234568,-0.011840873574579044,0.0020698882452847194,-0.006820435198426033,0.010231417294080999,0.0033520634546101583,-0.00591900240909544,0.003301032935435034,-0.006537225569160334,0.015177760979011173,-0.013520355220443089,0.016698104425582616,0.0065039848623417605,0.007360802537059076,-0.007220427116161349,-0.01581128302808769,-0.0011370519276017194,-4.876722146461934e-05,-5.284830447987033e-05,0.0064824714625616765,0.013450939919203053,0.0035119198456920794,0.003882390023142907,0.006103685459719074,0.00483572117931367,-0.021347912856908003,-0.0031237931878341707,0.00739149957148698,-0.0048573912362058986,-0.003262678167572623,0.010675108036832363,-0.0036786172832676666,0.00409634905464437,0.005365564386453746,-0.008384079983246959,-0.0033600065428930088,0.006961187044261156,0.0007261132894333879,0.004746244684562676,0.005987971416940841,0.0006538289966014404,0.006397106069714301,-0.0036955976805030577,0.007042366828851844,-0.006214239611582309,-0.016786721744351696,0.0019470019089220644,-0.00469769726732766,0.006876290532584589,0.014714968478957749,-0.008464597058452598,0.01031127321523306,-0.003536619738118419,-0.004188463948154096,0.003579693692946114,-0.0019393148988324155,-0.010617936216207692,0.0035611476308519303,-0.0019594297296541222,-0.010290038368304007,-0.007164926000703889,-0.0005530328966918859,-0.015711192043913347,0.004657031070517083,-0.013168605079804887,0.0008707973299713213,-0.00350850692596288,0.009771330795927659,-0.004066562904335582,-0.007257097765966839,0.004892489049659676,0.0018912129457711454,0.0018436223854873582,0.011964069491494797,-0.015727655264430044,0.020909044880649787,0.0060570223266223485,-0.007182791761381683,0.02124002375871727,0.0033956476463140664,0.004183063865138037,-0.007778627317686299,0.006858237315024381,-0.011978035707119099,-0.0028764569240988386,-0.007086677977648119,0.0012080727341017747,-0.002583155948248963,0.00117525004314491,0.009525484756244729,0.0011864208865569683,-0.014877426541147078,-0.004002318512374326,-0.004900718488507667
61,-0.019826613447199267,0.017811584934555535,-0.003360275245801313,0.009115491604107464,-0.009643707080027854,0.007307529151035561,0.003136270603457787,-0.0009764733308261483,0.009027059371349093,-0.009017442595210843,0.010958789320806002,-0.02267032995412572,-0.004853406257636267,0.0056058192627996785,0.0005994508393373828,-0.005054673499949727,0.01925406259486272,0.009196161860564546,-0.0011858212406803594,0.00925930121871345,0.02118834401445457,-0.016323393475001627,-0.010371529805801208,0.009747457464390076,-0.01337056791266073,-0.009523743855683347,0.014530195905195437,-0.009108379103545625,0.00578599598277373,0.002876487167686035,-0.010626940224241956,-0.01751434468115109,0.011946917147491133,0.008982077010206315,0.005062230848801876,0.0005205121238930595,0.0033018552447410493,0.010352392564566592,0.0039008066298007967,0.004974392994542496,0.011575212485591712,-0.01331940427920209,0.00267199528415575,-0.00047850408168237846,-0.00014468787135402117,-0.013683387737135342,0.010998097662796438,0.011052210029886142,0.01419951438147942,0.007162026401646693,0.01686104359580495,0.009610112045675096,-0.012716649767179653,-0.004577925147726666,0.01564684761827649,0.014687063906367917,-0.007104624575100583,0.013863679035877765,0.013045478769639171,0.0028046818567076803,0.001943889853033676,-0.022042300556604683,0.015823966242327705,-0.00020299423662013447,-0.024119037956614024,0.0002524096031889834,0.009937478264189554,0.0017245419094187395,0.002749695344922552,-0.0038491724526668967,-0.000662298337948642,-0.0010943285424298002,0.0009156363906442236,0.005167840824345045,-0.001099121524439691,-0.0064519883054399724,0.006465801760288731,-0.007314779211922603,-0.0008784282366398353,0.015372193370362705,0.001591530757043221,0.0032398818262707766,0.0028352290968887365,8.455704141267079e-05,0.0023197716915511514,0.0030324021532811356,-0.004050324587525574,0.011013230801583486,0.016307457371617,-0.009496259226485764,0.00815584706547214,0.002600004187360003,-0.0061270833624710915,-0.0034254041772334397,-7.646054635311052e-05,-0.003654868361258168,-0.007452096112569849,-0.019151348338965545,0.004925864197518056,0.00680045654311604,0.005876338362781066,0.010449398252954283,-0.018642845417369065,0.0013117183759697349,0.0017143805150187327,0.004737864909164513,-0.008249452931969381,0.006395779566194754,0.006596789431452704,-0.0047987318584565945,-0.0037992087239472365,-0.002939421185078839,0.00864132722672767,-0.0038332505977475154,0.002450426535349546,0.005629108550494166,-0.0123655357467138,-0.005129412637392531,-0.0009889845063704547,0.015082961343464795,-0.001752933474725711,-0.004215102134122908,-0.01958931750674052,0.004771919208539329,0.006777858111132115,-0.018714444006775056,0.01199764905570401,0.007694597704499633,0.007492660786260871,0.0010354086243349711,0.008470543593461626,-0.00857544238134398,0.008923161487704598,0.0006117020405238705,0.0010907991676926258,0.006561059320727803,-0.0058535153604564825,0.006295182294569165,-0.010846204559360079,0.013666615186027504,0.007931198758714621,0.013902906734907376,-0.009384764594573535,0.008797199932185877,0.004494307679831168,0.019140746034080326,0.004508931022610416,0.004801521895395965,-0.011505549624958367,0.010243718615239731,0.004923793986194792,0.0004548704256159597,-0.011464660665089393,-0.008662267614533741,-0.004311391520706143,0.008449864193412308,0.011611876154428791,-0.0007794250158305228,-0.006778926140793965,-0.014074635192142687,-0.015383982621116867,0.0021758250238199297,-0.020144331929223266,-0.0022170566093317814,0.006835662665603258,-0.010916941047217877,-0.012888481839885007,-0.005867019223122148,0.006555959673161742,0.010842132137091365,-0.02016663622680039,0.014393905382833026,0.014532331183616463,-0.01703150748373632,-0.01436732274435872,-0.0100086384287195,-0.012152313347671124,-0.011671708722816124,-0.005828071314400941,-0.023487610597071825,-0.017756088875567337,0.021314378882244925,-0.005887942132140459,0.001078902975224635,0.017998608611409773,0.0037892894629308594,-0.020649597441942034,-0.010865311708473225,0.004481959413376428,0.005496419553986642,0.007293390831759027,-0.013324460219200859,-0.005917922703491622,-0.003102996013730569,0.002762724554982441,0.007241290574543483,-0.005994939237442692,-0.008454443007396553,-0.008155465770521599,0.019610592458286467
62,-0.001823013686761748,-0.011249467108427726,-0.002777131601380517,0.0041317240991614965,-0.001885965804867732,-0.011010577504493897,-0.00014753613051873962,-0.014106096253803616,0.0007848786476860983,-0.008615251820137046,-0.008392433749525495,-0.017303379981534923,0.0034162164847837645,0.013015466150730274,0.00685554451217271,0.003097801883780435,0.003010344912276276,-0.017677113885939077,0.009999853872141242,-0.004321639640521781,0.024949385579867454,0.0002451841242272527,-0.006540031023633052,0.00288107437695396,0.005558932611706177,-0.008259617551037988,-0.0013956590156794144,0.005421036872943472,0.014274415154749328,-0.0012253602156448808,-0.002016061042254461,-0.020883219094416598,0.014888212491803141,0.011108093086706326,-0.004178146423464277,-0.006016460314766613,-0.010853061253862026,-0.007458010597954331,0.013374359181269512,-0.006303929571415111,0.018281062573034534,-0.006174063490695669,0.012393955127127087,-0.014595671088731985,0.002186678012900112,0.01329135454493674,0.007611741499122851,0.0021485144672586,-0.01623351848442654,-0.013792843744276877,0.01253953330612223,-0.0006695473640338375,-0.0010659442557475777,0.007458817603707996,0.008713058665876551,0.005724775129714626,-0.0060415293032797125,-0.0047190012010615585,0.0008013708479391272,0.008505768318290974,-0.015357526932734835,0.0037119472275428476,0.005241943357573118,-0.005155907940639119,-0.01713568134009703,-0.004292298166023491,0.002080543854098206,0.006544715560854182,-0.030742423127249542,0.005461041770388224,-0.0065361076680635006,-0.005029628213481669,-0.0037512541899772925,-0.00822228399609765,-0.0027271584466113633,-0.010410089385915469,-0.005329622949260146,-0.010387576765520858,-0.0019837770106901718,-0.00029229297405957555,-0.009734375023016363,-0.005067432549137803,-0.009198895867621047,0.011890919736377771,0.00044930301902697755,-0.009846989896136553,-0.004043595367732709,0.0015179580885256183,-0.01828376473261793,0.0025915566095882354,0.007745752103500412,-0.02264701669933794,-0.0034984635280240588,0.0016391644318413548,-0.01006726954865616,0.005182802979249346,0.0007962488942726815,-0.015809450351934273,0.01567377584607045,0.002567001598886851,-0.005780194005713441,-0.0006068355026184143,0.001961805493807113,-0.007097010816741802,-0.013625360743749107,-0.010284182782505206,-0.005635073079712188,0.0021392133491896443,0.004523856310919707,0.0030694584605641517,-0.008043986124689668,0.013160164261232106,-0.012198893381204674,0.0007321039482118428,-0.014675698370856883,-0.006350187705677936,0.001527088088564287,-0.018432086005468206,0.010416335270205126,0.006133144606984635,0.022311060357984296,0.012498151463737226,-0.005812570605485172,0.01601942201317024,-0.005015920061236552,-0.0033036000821015966,-0.0009765620979974468,-0.007840366734808465,0.0131699938357168,-0.013129752146752115,0.012835662399646215,-0.0015456273621636469,0.002293558678843532,0.008934691257360383,-0.00834649209147817,0.017709340834268783,-0.001257447329976393,0.013478374298052502,0.012659373744294652,0.008309987399371863,-0.006829070898674713,0.015505776185108025,0.014163517226879354,-0.003811764338499621,0.004169812485108426,-0.0005249094726601498,0.0009514579859994413,0.01518301146005539,0.00830445676279019,-0.004495589358164182,0.023586293535076266,-0.0009442486435632094,0.0016467931501850624,-0.005256770452635691,0.008690811004240595,-0.003229706562748154,0.006022426623009563,-0.008027545529685052,0.007884792917166003,0.009233834259498282,-0.006181255084607576,0.01481846299158699,-0.003891847249472026,-0.010606379563324893,-0.004437126928298147,-0.00035617618904013,-0.024290404845480448,-0.009548204943464698,0.009836689245018638,-0.010998416660717868,0.015360259269481874,-0.0037857468110525433,0.0047208021665048295,-0.015607811976969236,0.02214811998963119,-0.0014837189530172096,-0.007665569423387884,0.010602820601409506,0.006310640640011052,-0.00875109373747701,-0.0075006035150328425,0.004223907369412979,0.0008902565898466013,0.004174556784551852,-0.009689978378722585,-0.012140927245282557,-0.007189450785168419,0.00620826431749328,-0.0002686993918631136,0.0055526426303922965,-0.007951024225131763,-0.001670877561637784,0.0068656151749633895,-0.005537816021059221,0.0008025859020364736,0.007921869232634314,-0.006726343854312195,0.013197362413437753,0.0006400708214877706,0.007599776332326679
63,-0.010594100068811988,-0.007070366208642514,-0.009759575340643006,0.020802435377652688,-0.0014501018801585108,-0.002145827467153561,0.0031356705084399634,-0.016227465356699625,0.0004102759610897059,-0.00796662651996386,0.013860075891127567,0.006040096624551341,-0.0001355177665975202,0.0035212508755025993,-0.005863851975182895,0.0037897096925449555,0.0026445442638359565,-0.005599724646400661,0.00520007079047728,-0.005715482239766041,-0.007142789243021313,-0.014858420974596945,0.004215758309077565,-0.0075469396993453905,-0.004172926535960703,0.00962907344478396,0.0016942645623613541,-0.00579613233988336,-0.0003183269674309013,-0.017497150275751976,0.007712470740139407,0.0027940604632099367,0.0021691571020428656,-0.016435551652872003,0.004290200517803032,0.001005815691697557,0.008729696262296055,0.004868158450684507,0.004355504767166452,-0.0008461959777802149,-0.003973540389536769,0.005537795760744703,0.016425456557333344,0.0004621842297194855,-0.0007907353614004291,0.005039328459097288,0.006027273629045153,-0.00018287615248353795,-0.011329656531525982,0.011021178852100145,-0.002494505671169049,0.00562795208441924,0.004224644334319648,-0.004634589851802325,-0.006286867863393398,0.007945983450677544,-0.0011708919586221186,0.005410532759176196,0.0051524137176567645,-0.001199723815858604,0.006043115718102675,-0.00563636601362921,-0.006600913903233102,0.0025215396299320004,0.014812732763935169,0.020575509204713203,0.0028600517286785326,0.02398684660773205,0.001521388874927573,-0.009913641109318784,-0.008592661924451666,0.01038461738875647,8.079299027077244e-05,-0.016193221071034034,0.016856448477400622,0.018727444881424686,0.0023921948458693098,-0.005350613572863359,-0.02214236297895197,0.006332917657317813,0.0030298264803198124,0.01271966306506644,-0.0038779882107292008,0.006374494745301416,-0.008269963251207069,0.01472146365835297,-0.005641832256595711,0.01240639390186208,-0.0034489357321287484,-0.019923484018288567,0.00799369546811566,0.001325254998115743,0.0072315677911781095,-0.0033918635391020687,0.013139926678173744,0.007883483075232336,-0.010124475030683842,0.00654368760845805,0.0041687764422544795,0.012774903465186992,-0.00966723704515572,0.00018234079695939124,0.0066347422319051295,-0.006132924961534129,-0.0037004933574203013,0.002417137349275607,0.01047642443094233,0.0029123998133281682,0.008247361784902195,0.006899087139185679,0.01502958268093781,-0.000944548793869378,0.009836323292368446,-0.016219889916541316,0.013862736813611748,-0.004612767006601467,-0.0006271262492767367,0.008676740855268544,0.0030888170987399535,0.0007228986615478214,-0.015243730347212223,-0.009819565353362657,0.0019362407936659516,-0.004329007913763175,0.006448482545248972,0.013170923950519359,0.009737878023048572,-0.011421799786075864,0.008571496239500046,0.006241024535554708,-0.013278391731462306,-0.01214434947130143,-0.0016587158842666185,-0.015532549668538601,-0.0006493921676180111,0.006988205662331086,-0.0024269891793252145,-0.01289100355282699,-0.012888635626032909,0.02334619362412306,-0.01265743593731554,0.0027271760164946776,-0.006462079344801099,0.006587722782847377,0.0011332657756173829,0.014167498728891706,0.0037934909598903756,-0.007223574875944054,-0.008497807168045908,0.0076194044541783995,0.001038984089416146,-0.00510722373808195,0.003403549118930512,0.00021852226267753987,-0.008178348122542499,0.021050561169938656,0.005555125612621053,0.014899537404123803,0.007145824383946476,-0.0178020704038787,0.005309739176827484,0.009370508918262755,-0.004990371290926375,0.008462580993587559,-0.0033712030792467256,-0.009855350425137849,0.012881524735460425,0.010566091507458939,-0.006618859450461423,0.003961360538589796,5.811320667558565e-05,0.001648316966338102,0.0038265923846295805,-0.005654342226735527,-0.014768557002042553,-0.0028348173655128634,0.010868890817464293,-0.016012440988713024,0.0018511668821330112,0.007884200024152969,0.003315978934360231,0.0033232788492581723,0.011495988422786551,0.011325429142345246,-0.0055624702092811895,-0.013231396099160098,-0.017062727797085196,0.014977945194628103,-0.0036290315725896086,0.009204117646734603,-0.0020492725212352355,-0.011385869319537067,0.007431044639357545,-0.012856718397924887,-0.00010570346611290258,0.013184424902931473,-0.0010243255629672435,-0.019298004228309264,-0.006420474734689192,0.011278451334421534
64,-0.0036421506799622946,0.0013336227860062896,-0.00899259817410032,0.012412877770197145,0.0020641349053589332,0.0028645953822156994,0.011928958919441304,-0.009458058170563579,-0.0061214527422624055,0.005497373295621352,0.0041776865247785165,-0.018865200546484877,-0.0176581306833974,0.0077388612352870525,-0.006427024001552349,0.014690177598333598,0.005409985220996158,0.010177313880738245,0.016152658291405594,-0.01127160470551837,0.0007388415251920724,-0.01631434883662336,0.021726378640722407,-0.00471401835380394,0.0018311764054330555,-0.006264774065010342,-0.01523482200447456,0.0034249041307029757,-0.006870576080462552,-0.0017158867934618407,-0.010226661726765998,-0.021047143765349396,-0.007990459591328592,0.0045605911755369835,-0.00021126298565253478,-0.02568958364966432,0.010813065232974919,0.0018820954228562785,-0.030072636330222613,-0.007246032108914819,0.0025638556136815343,0.005261861057640443,0.010313102469459478,0.002731166404871096,-0.016815954553979925,-0.01012283080996323,-0.006667097238039667,0.008092407373233846,-0.0019743263741921558,0.0003043483047697106,-0.0006221668656607914,0.006255815474877676,0.018114108925272623,0.012590422385718055,0.002254123639318305,-0.00666164816131432,0.0019536915988068396,-0.014443867496632436,0.006245045070040924,0.0009806936155915954,-0.0024842765911972063,-0.01648985229081806,0.013454855000760609,-0.012141835634458517,0.01878624218715908,-0.006882444007923374,-0.013175830698300276,0.011906221331508853,0.006295541878996432,-0.015239116046228502,0.012164120928152047,-0.004650135817597282,0.0013440650350197364,-0.02281313271428207,0.0027359639400470846,0.024901080265953772,0.0168849753194877,0.002921493363039406,0.015829955806986148,-0.014149491170831332,0.00953054261535021,-0.011672601357981026,-0.0024732411507494964,0.01600120415707184,-0.004058537969368688,-0.0021921222340447934,0.0029977501665625216,0.003047608227615006,-0.007945736279659893,0.024076328280652,0.004147995639684711,0.001662366425582127,0.0019552797372587825,-0.006814854659843159,-0.011767602405826652,-0.009685884307506977,0.0010981164853976295,0.005195785991244378,0.012262466574963524,-0.016889692498204368,-0.014247757529650544,-0.00012317981103493735,-0.021704063341589985,-0.030178703947435947,-0.005107427298982206,-0.0140258565991058,0.0001658064667077293,0.00034971415902348654,-0.010077093163555676,0.003527370609494318,0.01138594385604896,-0.015676979555532614,0.016385606337892832,-0.009828574195170746,0.00032448025012510784,-0.0029308066970964394,-0.0029313567063169147,0.013216634684473687,0.006966898164076178,0.0012798929495510748,0.002887605563371433,-0.010282746245622042,-0.005599253521564558,-0.005049687289292148,-0.005600797415602284,-0.009003645341343944,0.013069607214367961,-0.0029669261290322076,0.007015856943252715,0.013628565180053037,0.0006151885545588062,-0.0016002610051906265,0.0024708115078170678,0.0002056894079366473,-0.012912488517329039,0.00019989968168132303,-0.01340432884173187,-0.015807056373452352,-0.02169446883297022,0.0011611927413956624,0.005224373489913552,-0.018509801512341738,0.0061059525344488155,-0.005546360986196865,-0.003398670236113803,-0.013271422356465428,0.019736927340367798,-0.006240701443782382,0.012966251806337955,-0.0005263201410160506,0.003435371120714717,0.0016554367463653473,-0.005675110747119017,0.014904047243122632,-0.0033091511803639557,-0.010149834220844964,0.010940885148952386,0.005350943823274026,0.0003186631176678574,0.0015230451770822978,-0.0054568580275859355,-0.011414533895269481,0.03079156070389792,0.0011389011211963775,-0.025691090438640922,-0.005255589900993401,-0.0015644756760995505,-0.008581172273816723,0.008886943667235048,-0.016538455806426808,-0.008980250580369643,-0.004160929071777023,0.0003443442479917764,0.01157571312368868,-0.00916255241115376,0.0002530463496076584,0.009949331206644724,0.014618521541303232,-0.0028659372142645916,0.0050796846015425294,0.006791340342384065,-2.058808715540999e-05,0.0023028584442526755,0.014095309127691403,0.017081858623282712,-0.0045092331537682105,0.007578292577402515,0.011185625089747978,-0.0005134266432576472,-0.006317197079416635,-0.017827471412031285,0.01929844960623341,-0.020798500555222085,-0.004382750131074278,-0.0038645676219936933,0.0012032747717549207,-0.002828819131494195,-0.014198119083359868,-0.00411350163111809,0.016747624528960933
