budget,ECE
1,0.029436
2,0.018442
4,0.055720
8,0.104909
16,0.161961
