budget,EqualSC,CARD
1,0.600500,0.600500
2,0.600500,0.633598
4,0.645610,0.673243
8,0.699662,0.719707
16,0.759460,0.772976
